timestamp,value,anomaly_score,raw_score,label,S(t)_standard,S(t)_reward_low_FP_rate,S(t)_reward_low_FN_rate
2015-09-08 11:39:00,73,0.030102999665900007,1.0,0,-0.11,-0.22,-0.11
2015-09-08 11:44:00,62,0.030102999665900007,1.0,0,-0.11,-0.22,-0.11
2015-09-08 11:59:00,66,0.030102999665900007,1.0,0,-0.11,-0.22,-0.11
2015-09-08 12:19:00,69,0.030102999665900007,1.0,0,-0.11,-0.22,-0.11
2015-09-08 12:24:00,65,0.030102999665900007,1.0,0,-0.11,-0.22,-0.11
2015-09-08 12:27:00,76,1.0,1.0,0,-0.11,-0.22,-0.11
2015-09-08 12:32:00,65,0.030102999665900007,1.0,0,-0.11,-0.22,-0.11
2015-09-08 12:46:00,62,0.030102999665900007,1.0,0,-0.11,-0.22,-0.11
2015-09-08 12:51:00,61,1.0,1.0,0,-0.11,-0.22,-0.11
2015-09-08 13:01:00,65,0.030102999665900007,1.0,0,-0.11,-0.22,-0.11
2015-09-08 13:21:00,68,0.030102999665900007,1.0,0,-0.11,-0.22,-0.11
2015-09-08 13:26:00,66,0.030102999665900007,1.0,0,-0.11,-0.22,-0.11
2015-09-08 13:31:00,67,0.030102999665900007,1.0,0,-0.11,-0.22,-0.11
2015-09-08 13:36:00,65,0.030102999665900007,1.0,0,-0.11,-0.22,-0.11
2015-09-08 13:41:00,67,0.030102999665900007,0.949999988079,0,-0.11,-0.22,-0.11
2015-09-08 13:46:00,67,0.030102999665900007,0.675000011921,0,-0.11,-0.22,-0.11
2015-09-08 13:56:00,69,0.030102999665900007,0.675000011921,0,-0.11,-0.22,-0.11
2015-09-08 14:11:00,68,0.030102999665900007,0.899999976158,0,-0.11,-0.22,-0.11
2015-09-08 14:16:00,68,0.030102999665900007,0.324999988079,0,-0.11,-0.22,-0.11
2015-09-08 14:21:00,67,0.030102999665900007,0.449999988079,0,-0.11,-0.22,-0.11
2015-09-08 14:46:00,66,0.030102999665900007,0.17499999702,0,-0.11,-0.22,-0.11
2015-09-08 14:51:00,68,0.030102999665900007,0.425000011921,0,-0.11,-0.22,-0.11
2015-09-08 15:16:00,69,0.030102999665900007,0.27500000596,0,-0.11,-0.22,-0.11
2015-09-08 15:21:00,65,0.030102999665900007,0.449999988079,0,-0.11,-0.22,-0.11
2015-09-08 15:26:00,70,0.030102999665900007,0.27500000596,0,-0.11,-0.22,-0.11
2015-09-08 15:29:00,66,0.030102999665900007,0.22499999403999998,0,-0.11,-0.22,-0.11
2015-09-08 15:41:00,65,0.030102999665900007,0.20000000298,0,-0.11,-0.22,-0.11
2015-09-08 16:15:00,64,0.030102999665900007,0.27500000596,0,-0.11,-0.22,-0.11
2015-09-08 16:31:00,66,0.030102999665900007,0.300000011921,0,-0.11,-0.22,-0.11
2015-09-08 16:36:00,69,0.030102999665900007,0.25,0,-0.11,-0.22,-0.11
2015-09-08 16:41:00,64,0.030102999665900007,0.25,0,-0.11,-0.22,-0.11
2015-09-08 16:56:00,69,0.030102999665900007,0.25,0,-0.11,-0.22,-0.11
2015-09-08 17:11:00,65,0.030102999665900007,0.20000000298,0,-0.11,-0.22,-0.11
2015-09-08 17:16:00,68,0.030102999665900007,0.17499999702,0,-0.11,-0.22,-0.11
2015-09-08 17:21:00,67,0.030102999665900007,0.17499999702,0,-0.11,-0.22,-0.11
2015-09-08 17:26:00,69,0.030102999665900007,0.15000000596,0,-0.11,-0.22,-0.11
2015-09-08 17:31:00,66,0.030102999665900007,0.15000000596,0,-0.11,-0.22,-0.11
2015-09-08 17:36:00,69,0.030102999665900007,0.10000000149,0,-0.11,-0.22,-0.11
2015-09-08 17:41:00,66,0.030102999665900007,0.0750000029802,0,-0.11,-0.22,-0.11
2015-09-08 17:46:00,65,0.030102999665900007,0.0750000029802,0,-0.11,-0.22,-0.11
2015-09-08 17:51:00,66,0.030102999665900007,0.125,0,-0.11,-0.22,-0.11
2015-09-08 17:56:00,65,0.030102999665900007,0.0500000007451,0,-0.11,-0.22,-0.11
2015-09-08 17:57:00,64,0.030102999665900007,0.0500000007451,0,-0.11,-0.22,-0.11
2015-09-08 18:36:00,70,0.030102999665900007,0.10000000149,0,-0.11,-0.22,-0.11
2015-09-08 18:46:00,69,0.030102999665900007,0.125,0,-0.11,-0.22,-0.11
2015-09-08 18:51:00,66,0.030102999665900007,0.10000000149,0,-0.11,-0.22,-0.11
2015-09-08 18:56:00,68,0.030102999665900007,0.0750000029802,0,-0.11,-0.22,-0.11
2015-09-08 19:06:00,71,0.030102999665900007,0.15000000596,0,-0.11,-0.22,-0.11
2015-09-08 20:11:00,63,0.030102999665900007,0.22499999403999998,0,-0.11,-0.22,-0.11
2015-09-08 20:31:00,67,0.030102999665900007,0.20000000298,0,-0.11,-0.22,-0.11
2015-09-08 20:41:00,62,0.030102999665900007,0.25,0,-0.11,-0.22,-0.11
2015-09-08 20:51:00,64,0.030102999665900007,0.15000000596,0,-0.11,-0.22,-0.11
2015-09-08 21:01:00,59,1.0,0.425000011921,0,-0.11,-0.22,-0.11
2015-09-08 21:06:00,65,0.030102999665900007,0.949999988079,0,-0.11,-0.22,-0.11
2015-09-08 21:31:00,58,1.0,0.449999988079,0,-0.11,-0.22,-0.11
2015-09-08 21:41:00,64,0.030102999665900007,0.975000023842,0,-0.11,-0.22,-0.11
2015-09-08 22:31:00,63,0.030102999665900007,0.34999999404,0,-0.11,-0.22,-0.11
2015-09-08 22:41:00,66,0.030102999665900007,0.34999999404,0,-0.11,-0.22,-0.11
2015-09-08 23:16:00,66,0.030102999665900007,0.324999988079,0,-0.11,-0.22,-0.11
2015-09-08 23:31:00,60,0.030102999665900007,0.425000011921,0,-0.11,-0.22,-0.11
2015-09-09 00:06:00,57,1.0,0.824999988079,0,-0.11,-0.22,-0.11
2015-09-09 01:16:00,58,0.030102999665900007,1.0,0,-0.11,-0.22,-0.11
2015-09-09 07:34:00,69,0.030102999665900007,1.0,0,-0.11,-0.22,-0.11
2015-09-09 09:20:00,70,0.030102999665900007,0.324999988079,0,-0.11,-0.22,-0.11
2015-09-09 09:58:00,66,0.030102999665900007,0.300000011921,0,-0.11,-0.22,-0.11
2015-09-09 10:23:00,68,0.030102999665900007,0.20000000298,0,-0.11,-0.22,-0.11
2015-09-09 10:33:00,65,0.030102999665900007,0.22499999403999998,0,-0.11,-0.22,-0.11
2015-09-09 10:38:00,68,0.030102999665900007,0.20000000298,0,-0.11,-0.22,-0.11
2015-09-09 10:43:00,68,0.030102999665900007,0.15000000596,0,-0.11,-0.22,-0.11
2015-09-09 10:48:00,70,0.030102999665900007,0.25,0,-0.11,-0.22,-0.11
2015-09-09 10:53:00,67,0.030102999665900007,0.15000000596,0,-0.11,-0.22,-0.11
2015-09-09 11:03:00,73,0.030102999665900007,0.20000000298,0,-0.11,-0.22,-0.11
2015-09-09 11:08:00,77,1.0,0.34999999404,0,-0.11,-0.22,-0.11
2015-09-09 11:13:00,75,0.030102999665900007,0.27500000596,0,-0.11,-0.22,-0.11
2015-09-09 11:18:00,71,0.030102999665900007,0.125,0,-0.11,-0.22,-0.11
2015-09-09 11:23:00,73,0.030102999665900007,0.20000000298,0,-0.11,-0.22,-0.11
2015-09-09 11:43:00,68,0.030102999665900007,0.0750000029802,0,-0.11,-0.22,-0.11
2015-09-09 11:48:00,58,0.030102999665900007,0.27500000596,0,-0.11,-0.22,-0.11
2015-09-09 12:03:00,65,0.030102999665900007,0.0750000029802,0,-0.11,-0.22,-0.11
2015-09-09 12:13:00,65,0.030102999665900007,0.0250000003725,0,-0.11,-0.22,-0.11
2015-09-09 12:33:00,65,0.030102999665900007,0.0500000007451,0,-0.11,-0.22,-0.11
2015-09-09 12:48:00,66,0.030102999665900007,0.0250000003725,0,-0.11,-0.22,-0.11
2015-09-09 13:08:00,74,0.030102999665900007,0.0750000029802,0,-0.11,-0.22,-0.11
2015-09-09 13:33:00,64,0.030102999665900007,0.0,0,-0.11,-0.22,-0.11
2015-09-09 13:38:00,68,0.030102999665900007,0.0,0,-0.11,-0.22,-0.11
2015-09-09 13:43:00,65,0.030102999665900007,0.0,0,-0.11,-0.22,-0.11
2015-09-09 13:48:00,69,0.030102999665900007,0.0,0,-0.11,-0.22,-0.11
2015-09-09 13:53:00,70,0.030102999665900007,0.0,0,-0.11,-0.22,-0.11
2015-09-09 13:58:00,64,0.030102999665900007,0.0250000003725,0,-0.11,-0.22,-0.11
2015-09-09 14:08:00,65,0.030102999665900007,0.0,0,-0.11,-0.22,-0.11
2015-09-09 14:13:00,67,0.030102999665900007,0.0,0,-0.11,-0.22,-0.11
2015-09-09 14:38:00,68,0.030102999665900007,0.0,0,-0.11,-0.22,-0.11
2015-09-09 14:48:00,66,0.030102999665900007,0.0,0,-0.11,-0.22,-0.11
2015-09-09 14:53:00,63,0.030102999665900007,0.0,0,-0.11,-0.22,-0.11
2015-09-09 15:03:00,68,0.030102999665900007,0.0,0,-0.11,-0.22,-0.11
2015-09-09 15:08:00,68,0.030102999665900007,0.0,0,-0.11,-0.22,-0.11
2015-09-09 15:13:00,73,0.030102999665900007,0.0250000003725,0,-0.11,-0.22,-0.11
2015-09-09 15:18:00,79,1.0,0.0750000029802,0,-0.11,-0.22,-0.11
2015-09-09 15:23:00,64,0.030102999665900007,0.0,0,-0.11,-0.22,-0.11
2015-09-09 15:28:00,67,0.030102999665900007,0.0,0,-0.11,-0.22,-0.11
2015-09-09 15:38:00,62,0.030102999665900007,0.0250000003725,0,-0.11,-0.22,-0.11
2015-09-09 15:43:00,68,0.030102999665900007,0.0,0,-0.11,-0.22,-0.11
2015-09-09 15:48:00,70,0.030102999665900007,0.0,0,-0.11,-0.22,-0.11
2015-09-09 16:08:00,67,0.030102999665900007,0.0,0,-0.11,-0.22,-0.11
2015-09-09 16:13:00,70,0.030102999665900007,0.0,0,-0.11,-0.22,-0.11
2015-09-09 16:23:00,65,0.030102999665900007,0.0,0,-0.11,-0.22,-0.11
2015-09-09 16:33:00,67,0.030102999665900007,0.0,0,-0.11,-0.22,-0.11
2015-09-09 16:43:00,71,0.030102999665900007,0.0,0,-0.11,-0.22,-0.11
2015-09-09 16:48:00,69,0.030102999665900007,0.0,0,-0.11,-0.22,-0.11
2015-09-09 16:53:00,64,0.030102999665900007,0.0,0,-0.11,-0.22,-0.11
2015-09-09 16:58:00,63,0.030102999665900007,0.0,0,-0.11,-0.22,-0.11
2015-09-09 17:03:00,62,0.030102999665900007,0.0,0,-0.11,-0.22,-0.11
2015-09-09 17:08:00,55,1.0,0.15000000596,0,-0.11,-0.22,-0.11
2015-09-09 17:13:00,48,1.0,0.40000000596,0,-0.11,-0.22,-0.11
2015-09-09 17:18:00,56,0.030102999665900007,0.17499999702,0,-0.11,-0.22,-0.11
2015-09-09 17:23:00,51,0.030102999665900007,0.324999988079,0,-0.11,-0.22,-0.11
2015-09-09 17:28:00,60,0.030102999665900007,0.10000000149,0,-0.11,-0.22,-0.11
2015-09-09 17:33:00,43,1.0,0.449999988079,0,-0.11,-0.22,-0.11
2015-09-09 17:38:00,62,0.030102999665900007,1.0,0,-0.11,-0.22,-0.11
2015-09-09 17:43:00,70,0.030102999665900007,0.0,0,-0.11,-0.22,-0.11
2015-09-09 17:48:00,65,0.030102999665900007,0.0,0,-0.11,-0.22,-0.11
2015-09-09 17:58:00,70,0.030102999665900007,0.0,0,-0.11,-0.22,-0.11
2015-09-09 18:03:00,67,0.030102999665900007,0.0,0,-0.11,-0.22,-0.11
2015-09-09 18:13:00,70,0.030102999665900007,0.0,0,-0.11,-0.22,-0.11
2015-09-09 18:18:00,67,0.030102999665900007,0.0,0,-0.11,-0.22,-0.11
2015-09-09 18:23:00,69,0.030102999665900007,0.0,0,-0.11,-0.22,-0.11
2015-09-09 18:28:00,69,0.030102999665900007,0.0,0,-0.11,-0.22,-0.11
2015-09-09 18:38:00,68,0.030102999665900007,0.0,0,-0.11,-0.22,-0.11
2015-09-09 18:43:00,67,0.030102999665900007,0.0,0,-0.11,-0.22,-0.11
2015-09-09 19:03:00,66,0.030102999665900007,0.0,0,-0.11,-0.22,-0.11
2015-09-09 19:38:00,63,0.030102999665900007,0.0,0,-0.11,-0.22,-0.11
2015-09-09 19:48:00,68,0.030102999665900007,0.0,0,-0.11,-0.22,-0.11
2015-09-09 20:03:00,68,0.030102999665900007,0.0,0,-0.11,-0.22,-0.11
2015-09-09 20:13:00,65,0.030102999665900007,0.0250000003725,0,-0.11,-0.22,-0.11
2015-09-09 20:18:00,60,0.030102999665900007,0.0500000007451,0,-0.11,-0.22,-0.11
2015-09-09 20:23:00,65,0.030102999665900007,0.0250000003725,0,-0.11,-0.22,-0.11
2015-09-09 20:38:00,64,0.030102999665900007,0.0500000007451,0,-0.11,-0.22,-0.11
2015-09-09 20:58:00,57,0.030102999665900007,0.27500000596,0,-0.11,-0.22,-0.11
2015-09-09 21:13:00,57,0.030102999665900007,0.300000011921,0,-0.11,-0.22,-0.11
2015-09-09 21:28:00,62,0.030102999665900007,0.10000000149,0,-0.11,-0.22,-0.11
2015-09-09 21:33:00,55,0.030102999665900007,0.27500000596,0,-0.11,-0.22,-0.11
2015-09-09 21:48:00,61,0.030102999665900007,0.10000000149,0,-0.11,-0.22,-0.11
2015-09-09 21:53:00,61,0.030102999665900007,0.0750000029802,0,-0.11,-0.22,-0.11
2015-09-09 22:33:00,58,0.030102999665900007,0.15000000596,0,-0.11,-0.22,-0.11
2015-09-09 22:41:00,65,0.030102999665900007,0.125,0,-0.11,-0.22,-0.11
2015-09-09 23:38:00,65,0.030102999665900007,0.10000000149,0,-0.11,-0.22,-0.11
2015-09-09 23:53:00,62,0.030102999665900007,0.10000000149,0,-0.11,-0.22,-0.11
2015-09-10 05:33:00,68,0.030102999665900007,0.22499999403999998,0,-0.11,-0.22,-0.11
2015-09-10 05:45:00,61,0.030102999665900007,0.34999999404,0,-0.11,-0.22,-0.11
2015-09-10 08:00:00,62,0.030102999665900007,0.17499999702,0,-0.11,-0.22,-0.11
2015-09-10 08:18:00,73,0.030102999665900007,0.20000000298,0,-0.11,-0.22,-0.11
2015-09-10 08:33:00,70,0.030102999665900007,0.0750000029802,0,-0.11,-0.22,-0.11
2015-09-10 08:43:00,65,0.030102999665900007,0.0,0,-0.11,-0.22,-0.11
2015-09-10 08:53:00,65,0.030102999665900007,0.0,0,-0.11,-0.22,-0.11
2015-09-10 09:13:00,61,0.030102999665900007,0.10000000149,0,-0.11,-0.22,-0.11
2015-09-10 09:23:00,64,0.030102999665900007,0.0250000003725,0,-0.11,-0.22,-0.11
2015-09-10 09:28:00,62,0.030102999665900007,0.0500000007451,0,-0.11,-0.22,-0.11
2015-09-10 09:48:00,75,0.030102999665900007,0.125,0,-0.11,-0.22,-0.11
2015-09-10 09:52:00,66,0.030102999665900007,0.0250000003725,0,-0.11,-0.22,-0.11
2015-09-10 10:02:00,71,0.030102999665900007,0.0250000003725,0,-0.11,-0.22,-0.11
2015-09-10 10:07:00,66,0.030102999665900007,0.0250000003725,0,-0.11,-0.22,-0.11
2015-09-10 10:22:00,67,0.030102999665900007,0.0,0,-0.11,-0.22,-0.11
2015-09-10 10:27:00,65,0.030102999665900007,0.0,0,-0.11,-0.22,-0.11
2015-09-10 10:32:00,67,0.030102999665900007,0.0,0,-0.11,-0.22,-0.11
2015-09-10 10:42:00,67,0.030102999665900007,0.0,0,-0.11,-0.22,-0.11
2015-09-10 10:47:00,65,0.030102999665900007,0.0,0,-0.11,-0.22,-0.11
2015-09-10 10:52:00,68,0.030102999665900007,0.0,0,-0.11,-0.22,-0.11
2015-09-10 11:27:00,64,0.030102999665900007,0.0,0,-0.11,-0.22,-0.11
2015-09-10 11:37:00,72,0.030102999665900007,0.0,0,-0.11,-0.22,-0.11
2015-09-10 11:42:00,62,0.07526754052569999,0.0,0,-0.11,-0.22,-0.11
2015-09-10 11:47:00,72,0.0773978248917,0.0,0,-0.11,-0.22,-0.11
2015-09-10 11:52:00,72,0.0773978248917,0.0,0,-0.11,-0.22,-0.11
2015-09-10 11:57:00,68,0.0773978248917,0.0,0,-0.11,-0.22,-0.11
2015-09-10 12:07:00,64,0.0773978248917,0.0,0,-0.11,-0.22,-0.11
2015-09-10 12:12:00,63,0.0773978248917,0.0,0,-0.11,-0.22,-0.11
2015-09-10 12:37:00,65,0.0773978248917,0.0,0,-0.11,-0.22,-0.11
2015-09-10 12:42:00,72,0.0773978248917,0.0,0,-0.11,-0.22,-0.11
2015-09-10 12:57:00,67,0.0773978248917,0.0,0,-0.11,-0.22,-0.11
2015-09-10 13:07:00,66,0.0773978248917,0.0,0,-0.11,-0.22,-0.11
2015-09-10 13:17:00,71,0.0773978248917,0.0,0,-0.11,-0.22,-0.11
2015-09-10 13:32:00,71,0.0773978248917,0.0,0,-0.11,-0.22,-0.11
2015-09-10 13:42:00,67,0.0773978248917,0.0,0,-0.11,-0.22,-0.11
2015-09-10 13:47:00,68,0.0773978248917,0.0,0,-0.11,-0.22,-0.11
2015-09-10 14:02:00,65,0.0773978248917,0.0,0,-0.11,-0.22,-0.11
2015-09-10 14:07:00,70,0.0773978248917,0.0,0,-0.11,-0.22,-0.11
2015-09-10 14:17:00,71,0.0773978248917,0.0,0,-0.11,-0.22,-0.11
2015-09-10 14:32:00,65,0.0773978248917,0.0,0,-0.11,-0.22,-0.11
2015-09-10 14:37:00,69,0.0773978248917,0.0,0,-0.11,-0.22,-0.11
2015-09-10 14:42:00,69,0.0773978248917,0.0,0,-0.11,-0.22,-0.11
2015-09-10 14:47:00,69,0.0773978248917,0.0,0,-0.11,-0.22,-0.11
2015-09-10 14:57:00,69,0.0773978248917,0.0,0,-0.11,-0.22,-0.11
2015-09-10 15:02:00,71,0.0773978248917,0.0,0,-0.11,-0.22,-0.11
2015-09-10 15:07:00,64,0.0773978248917,0.0,0,-0.11,-0.22,-0.11
2015-09-10 15:12:00,64,0.0773978248917,0.0,0,-0.11,-0.22,-0.11
2015-09-10 15:17:00,66,0.0773978248917,0.0,0,-0.11,-0.22,-0.11
2015-09-10 15:22:00,76,0.0773978248917,0.0,0,-0.11,-0.22,-0.11
2015-09-10 15:27:00,64,0.0773978248917,0.0,0,-0.11,-0.22,-0.11
2015-09-10 15:32:00,67,0.0773978248917,0.0,0,-0.11,-0.22,-0.11
2015-09-10 15:37:00,64,0.0773978248917,0.0,0,-0.11,-0.22,-0.11
2015-09-10 15:42:00,70,0.0773978248917,0.0,0,-0.11,-0.22,-0.11
2015-09-10 15:47:00,70,0.0637318895489,0.0,0,-0.11,-0.22,-0.11
2015-09-10 15:52:00,68,0.0637318895489,0.0,0,-0.11,-0.22,-0.11
2015-09-10 15:57:00,69,0.0637318895489,0.0,0,-0.11,-0.22,-0.11
2015-09-10 16:02:00,68,0.0637318895489,0.0,0,-0.11,-0.22,-0.11
2015-09-10 16:12:00,68,0.0637318895489,0.0,0,-0.11,-0.22,-0.11
2015-09-10 16:17:00,69,0.0637318895489,0.0,0,-0.11,-0.22,-0.11
2015-09-10 16:22:00,63,0.0637318895489,0.0,0,-0.11,-0.22,-0.11
2015-09-10 16:27:00,67,0.0637318895489,0.0,0,-0.11,-0.22,-0.11
2015-09-10 16:32:00,66,0.0637318895489,0.0,0,-0.11,-0.22,-0.11
2015-09-10 16:37:00,68,0.0637318895489,0.0,0,-0.11,-0.22,-0.11
2015-09-10 16:42:00,66,0.0637318895489,0.0,0,-0.11,-0.22,-0.11
2015-09-10 16:47:00,67,0.0637318895489,0.0,0,-0.11,-0.22,-0.11
2015-09-10 16:52:00,67,0.0637318895489,0.0,0,-0.11,-0.22,-0.11
2015-09-10 16:57:00,68,0.0637318895489,0.0,0,-0.11,-0.22,-0.11
2015-09-10 17:02:00,64,0.0637318895489,0.0,0,-0.11,-0.22,-0.11
2015-09-10 17:07:00,67,0.0637318895489,0.0,0,-0.11,-0.22,-0.11
2015-09-10 17:12:00,62,0.0637318895489,0.0,0,-0.11,-0.22,-0.11
2015-09-10 17:17:00,67,0.0637318895489,0.0,0,-0.11,-0.22,-0.11
2015-09-10 17:22:00,66,0.0637318895489,0.0,0,-0.11,-0.22,-0.11
2015-09-10 17:32:00,66,0.0637318895489,0.0,0,-0.11,-0.22,-0.11
2015-09-10 17:37:00,67,0.0637318895489,0.0,0,-0.11,-0.22,-0.11
2015-09-10 17:42:00,62,0.0637318895489,0.0,0,-0.11,-0.22,-0.11
2015-09-10 17:47:00,63,0.0637318895489,0.0,0,-0.11,-0.22,-0.11
2015-09-10 17:52:00,66,0.0637318895489,0.0,0,-0.11,-0.22,-0.11
2015-09-10 18:07:00,69,0.0637318895489,0.0,0,-0.11,-0.22,-0.11
2015-09-10 18:12:00,70,0.0637318895489,0.0,0,-0.11,-0.22,-0.11
2015-09-10 18:17:00,70,0.0637318895489,0.0,0,-0.11,-0.22,-0.11
2015-09-10 18:22:00,67,0.0637318895489,0.0,0,-0.11,-0.22,-0.11
2015-09-10 18:37:00,66,0.0637318895489,0.0,0,-0.11,-0.22,-0.11
2015-09-10 18:42:00,68,0.0637318895489,0.0,0,-0.11,-0.22,-0.11
2015-09-10 18:47:00,71,0.0637318895489,0.0,0,-0.11,-0.22,-0.11
2015-09-10 18:52:00,62,0.0637318895489,0.0,0,-0.11,-0.22,-0.11
2015-09-10 18:57:00,68,0.0637318895489,0.0,0,-0.11,-0.22,-0.11
2015-09-10 19:32:00,62,0.0637318895489,0.0,0,-0.11,-0.22,-0.11
2015-09-10 19:37:00,64,0.0637318895489,0.0,0,-0.11,-0.22,-0.11
2015-09-10 19:47:00,69,0.0637318895489,0.0,0,-0.11,-0.22,-0.11
2015-09-10 19:57:00,63,0.0637318895489,0.0,0,-0.11,-0.22,-0.11
2015-09-10 20:02:00,64,0.0637318895489,0.0,0,-0.11,-0.22,-0.11
2015-09-10 21:02:00,62,0.0637318895489,0.0,0,-0.11,-0.22,-0.11
2015-09-10 21:12:00,69,0.0637318895489,0.0,0,-0.11,-0.22,-0.11
2015-09-10 21:27:00,65,0.0617663597235,0.0250000003725,0,-0.11,-0.22,-0.11
2015-09-10 21:57:00,56,0.05079926265930002,0.15000000596,0,-0.11,-0.22,-0.11
2015-09-10 22:12:00,64,0.05079926265930002,0.0,0,-0.11,-0.22,-0.11
2015-09-10 23:42:00,70,0.049106515151300004,0.0250000003725,0,-0.11,-0.22,-0.11
2015-09-10 23:47:00,61,0.0442540031834,0.0750000029802,0,-0.11,-0.22,-0.11
2015-09-11 05:27:00,64,0.0355359563175,0.15000000596,0,-0.11,-0.22,-0.11
2015-09-11 05:47:00,68,0.0329123814338,0.0500000007451,0,-0.11,-0.22,-0.11
2015-09-11 06:17:00,65,0.031651922889600004,0.0250000003725,0,-0.11,-0.22,-0.11
2015-09-11 06:37:00,70,0.030992080381299997,0.0500000007451,0,-0.11,-0.22,-0.11
2015-09-11 06:42:00,65,0.0322344720968,0.0250000003725,0,-0.11,-0.22,-0.11
2015-09-11 06:57:00,65,0.0322344720968,0.0250000003725,0,-0.11,-0.22,-0.11
2015-09-11 07:07:00,70,0.034206934630800004,0.0250000003725,0,-0.11,-0.22,-0.11
2015-09-11 07:12:00,73,0.0309920801987,0.10000000149,0,-0.11,-0.22,-0.11
2015-09-11 07:32:00,69,0.0309920801987,0.0250000003725,0,-0.11,-0.22,-0.11
2015-09-11 07:42:00,68,0.0316519231676,0.0250000003725,0,-0.11,-0.22,-0.11
2015-09-11 08:12:00,65,0.039733472681800004,0.0,0,-0.11,-0.22,-0.11
2015-09-11 08:42:00,68,0.0427107044001,0.0,0,-0.11,-0.22,-0.11
2015-09-11 08:47:00,69,0.044254003532499996,0.0,0,-0.11,-0.22,-0.11
2015-09-11 09:12:00,71,0.0474515940725,0.0,0,-0.11,-0.22,-0.11
2015-09-11 09:17:00,70,0.049106515400700004,0.0,0,-0.11,-0.22,-0.11
2015-09-11 09:27:00,64,0.0507992629144,0.0,0,-0.11,-0.22,-0.11
2015-09-11 09:32:00,68,0.052530134999400006,0.0,0,-0.11,-0.22,-0.11
2015-09-11 09:37:00,70,0.0598406122127,0.0,0,-0.11,-0.22,-0.11
2015-09-11 09:52:00,66,0.0617663597235,0.0,0,-0.11,-0.22,-0.11
2015-09-11 09:57:00,71,0.0637318895489,0.0,0,-0.11,-0.22,-0.11
2015-09-11 10:07:00,68,0.0637318895489,0.0,0,-0.11,-0.22,-0.11
2015-09-11 10:27:00,63,0.0637318895489,0.0,0,-0.11,-0.22,-0.11
2015-09-11 10:39:00,66,0.0637318895489,0.0,0,-0.11,-0.22,-0.11
2015-09-11 10:49:00,65,0.0637318895489,0.0,0,-0.11,-0.22,-0.11
2015-09-11 11:19:00,69,0.0637318895489,0.0,0,-0.11,-0.22,-0.11
2015-09-11 11:29:00,70,0.0637318895489,0.0,0,-0.11,-0.22,-0.11
2015-09-11 11:34:00,67,0.0637318895489,0.0,0,-0.11,-0.22,-0.11
2015-09-11 11:39:00,63,0.0637318895489,0.0,0,-0.11,-0.22,-0.11
2015-09-11 11:44:00,68,0.0637318895489,0.0,0,-0.11,-0.22,-0.11
2015-09-11 11:54:00,71,0.0637318895489,0.0,0,-0.11,-0.22,-0.11
2015-09-11 12:04:00,60,0.0637318895489,0.0,0,-0.11,-0.22,-0.11
2015-09-11 12:14:00,81,1.0,0.0750000029802,0,-0.11,-0.22,-0.11
2015-09-11 12:39:00,69,0.057954385878999995,0.0,0,-0.11,-0.22,-0.11
2015-09-11 12:44:00,71,0.057954385878999995,0.0,0,-0.11,-0.22,-0.11
2015-09-11 12:49:00,64,0.057954385878999995,0.0,0,-0.11,-0.22,-0.11
2015-09-11 12:54:00,65,0.057954385878999995,0.0,0,-0.11,-0.22,-0.11
2015-09-11 12:59:00,69,0.057954385878999995,0.0,0,-0.11,-0.22,-0.11
2015-09-11 13:09:00,66,0.057954385878999995,0.0,0,-0.11,-0.22,-0.11
2015-09-11 13:24:00,65,0.057954385878999995,0.0,0,-0.11,-0.22,-0.11
2015-09-11 13:29:00,67,0.057954385878999995,0.0,0,-0.11,-0.22,-0.11
2015-09-11 13:39:00,67,0.057954385878999995,0.0,0,-0.11,-0.22,-0.11
2015-09-11 13:44:00,66,0.0637318895489,0.0,0,-0.11,-0.22,-0.11
2015-09-11 13:49:00,69,0.0637318895489,0.0,0,-0.11,-0.22,-0.11
2015-09-11 13:54:00,70,0.0637318895489,0.0,0,-0.11,-0.22,-0.11
2015-09-11 14:04:00,65,0.0637318895489,0.0,0,-0.11,-0.22,-0.11
2015-09-11 14:14:00,68,0.0637318895489,0.0,0,-0.11,-0.22,-0.11
2015-09-11 14:19:00,68,0.0637318895489,0.0,0,-0.11,-0.22,-0.11
2015-09-11 14:24:00,66,0.0637318895489,0.0,0,-0.11,-0.22,-0.11
2015-09-11 14:29:00,67,0.0637318895489,0.0,0,-0.11,-0.22,-0.11
2015-09-11 14:39:00,66,0.0637318895489,0.0,0,-0.11,-0.22,-0.11
2015-09-11 14:44:00,67,0.0637318895489,0.0,0,-0.11,-0.22,-0.11
2015-09-11 14:54:00,66,0.0637318895489,0.0,0,-0.11,-0.22,-0.11
2015-09-11 14:59:00,65,0.0637318895489,0.0,0,-0.11,-0.22,-0.11
2015-09-11 15:09:00,69,0.0637318895489,0.0,0,-0.11,-0.22,-0.11
2015-09-11 15:14:00,69,0.0637318895489,0.0,0,-0.11,-0.22,-0.11
2015-09-11 15:19:00,70,0.0539080715563,0.0,0,-0.11,-0.22,-0.11
2015-09-11 15:24:00,67,0.0539080715563,0.0,0,-0.11,-0.22,-0.11
2015-09-11 15:29:00,68,0.0539080715563,0.0,0,-0.11,-0.22,-0.11
2015-09-11 15:34:00,64,0.0539080715563,0.0,1,1.0,1.0,1.0
2015-09-11 15:39:00,66,0.0539080715563,0.0,1,0.9974673237743696,0.9974673237743696,0.9974673237743695
2015-09-11 15:44:00,66,0.0539080715563,0.0,1,0.9944663453837748,0.9944663453837748,0.9944663453837747
2015-09-11 15:49:00,62,0.0539080715563,0.0,1,0.9909122971351696,0.9909122971351696,0.9909122971351695
2015-09-11 15:54:00,66,0.0539080715563,0.0,1,0.9867058058954474,0.9867058058954474,0.9867058058954474
2015-09-11 15:59:00,60,0.0539080715563,0.0,1,0.9817306754801916,0.9817306754801916,0.9817306754801916
2015-09-11 16:04:00,66,0.0539080715563,0.0,1,0.9758514550893066,0.9758514550893066,0.9758514550893066
2015-09-11 16:09:00,68,0.0539080715563,0.0,1,0.9689108275010176,0.9689108275010176,0.9689108275010175
2015-09-11 16:14:00,64,0.0539080715563,0.0,1,0.9607268814309669,0.9607268814309669,0.9607268814309669
2015-09-11 16:19:00,66,0.0539080715563,0.0,1,0.9510903752891,0.9510903752891,0.9510903752891001
2015-09-11 16:24:00,60,0.0539080715563,0.0,1,0.939762157354885,0.939762157354885,0.939762157354885
2015-09-11 16:29:00,70,0.0539080715563,0.0,1,0.9264709826944568,0.9264709826944568,0.9264709826944568
2015-09-11 16:34:00,65,0.0539080715563,0.0,1,0.9109120614477282,0.9109120614477282,0.9109120614477282
2015-09-11 16:39:00,59,0.0539080715563,0.0,1,0.8927467855469282,0.8927467855469282,0.8927467855469282
2015-09-11 16:44:00,23,1.0,0.425000011921,1,0.8716042063328711,0.8716042063328711,0.8716042063328711
2015-09-11 16:49:00,52,0.0632005964361,0.324999988079,1,0.8470849618628639,0.8470849618628639,0.8470849618628639
2015-09-11 16:54:00,56,0.068200404737,0.0500000007451,1,0.8187684579182891,0.8187684579182891,0.8187684579182891
2015-09-11 16:59:00,67,0.068200404737,0.0,1,0.7862241558438429,0.7862241558438429,0.7862241558438429
2015-09-11 17:04:00,63,0.068200404737,0.0,1,0.7490277640043964,0.7490277640043964,0.7490277640043964
2015-09-11 17:09:00,61,0.068200404737,0.0,1,0.7067829063330667,0.7067829063330667,0.7067829063330667
2015-09-11 17:14:00,65,0.068200404737,0.0,1,0.6591483866450579,0.6591483866450579,0.6591483866450579
2015-09-11 17:19:00,63,0.068200404737,0.0,1,0.605870432503202,0.605870432503202,0.605870432503202
2015-09-11 17:24:00,62,0.068200404737,0.0,1,0.5468182846288978,0.5468182846288978,0.5468182846288978
2015-09-11 17:29:00,66,0.068200404737,0.0,1,0.4820202769740843,0.4820202769740843,0.48202027697408434
2015-09-11 17:34:00,62,0.033179168548,0.0,1,0.4116963226465555,0.4116963226465555,0.41169632264655553
2015-09-11 17:39:00,70,0.049628700217699995,0.0,1,0.3362817953471616,0.3362817953471616,0.3362817953471616
2015-09-11 17:44:00,68,0.0539080715563,0.0,1,0.2564375619608148,0.2564375619608148,0.2564375619608148
2015-09-11 17:49:00,69,0.0539080715563,0.0,1,0.1730417302911223,0.1730417302911223,0.1730417302911223
2015-09-11 17:54:00,69,0.0539080715563,0.0,1,0.08716068383412914,0.08716068383412914,0.08716068383412914
2015-09-11 17:59:00,69,0.0539080715563,0.0,0,-0.009795412917274829,-0.019590825834549658,-0.00979541291727483
2015-09-11 18:04:00,64,0.0539080715563,0.0,0,-0.019436697459237925,-0.03887339491847585,-0.019436697459237925
2015-09-11 18:09:00,68,0.0539080715563,0.0,0,-0.028779275663155468,-0.057558551326310936,-0.02877927566315547
2015-09-11 18:11:00,70,0.0539080715563,0.0,0,-0.03769643976620059,-0.07539287953240117,-0.03769643976620059
2015-09-11 18:16:00,65,0.0539080715563,0.0,0,-0.04608547558222279,-0.09217095116444557,-0.04608547558222279
2015-09-11 18:21:00,70,0.0539080715563,0.0,0,-0.05387106904711034,-0.10774213809422067,-0.05387106904711034
2015-09-11 18:26:00,67,0.0539080715563,0.0,0,-0.06100596945843206,-0.12201193891686413,-0.06100596945843206
2015-09-11 18:31:00,64,0.0539080715563,0.0,0,-0.06746929864349208,-0.13493859728698415,-0.06746929864349208
2015-09-11 18:36:00,67,0.0539080715563,0.0,0,-0.07326315298542402,-0.14652630597084804,-0.07326315298542403
2015-09-11 18:41:00,67,0.0539080715563,0.0,0,-0.0784082268753388,-0.1568164537506776,-0.0784082268753388
2015-09-11 18:51:00,68,0.0539080715563,0.0,0,-0.0829391237519836,-0.1658782475039672,-0.0829391237519836
2015-09-11 18:56:00,68,0.0539080715563,0.0,0,-0.08689987129554172,-0.17379974259108347,-0.08689987129554173
2015-09-11 19:01:00,68,0.0539080715563,0.0,0,-0.09033997785319556,-0.18067995570639114,-0.09033997785319557
2015-09-11 19:26:00,63,0.0539080715563,0.0,0,-0.09331120039532642,-0.18662240079065284,-0.09331120039532642
2015-09-11 19:41:00,62,0.0539080715563,0.0,0,-0.0958650635622034,-0.1917301271244068,-0.09586506356220341
2015-09-11 19:46:00,69,0.0539080715563,0.0,0,-0.09805108145081906,-0.19610216290163807,-0.09805108145081906
2015-09-11 20:01:00,61,0.0539080715563,0.0,0,-0.09991558475736836,-0.19983116951473676,-0.09991558475736836
2015-09-11 20:06:00,58,0.051739194688,0.0250000003725,0,-0.10150103674500907,-0.20300207349001811,-0.10150103674500907
2015-09-11 20:16:00,61,0.051739194688,0.0,0,-0.10284572233851716,-0.2056914446770343,-0.10284572233851715
2015-09-11 20:26:00,63,0.051739194688,0.0,0,-0.10398370690483977,-0.20796741380967956,-0.10398370690483977
2015-09-11 20:36:00,62,0.051739194688,0.0,0,-0.10494497861979436,-0.20988995723958875,-0.10494497861979436
2015-09-11 20:46:00,66,0.051739194688,0.0,0,-0.1057557066006469,-0.2115114132012938,-0.1057557066006469
2015-09-11 20:51:00,65,0.051739194688,0.0,0,-0.1064385638365199,-0.2128771276730398,-0.1064385638365199
2015-09-11 21:01:00,60,0.049628700217699995,0.0250000003725,0,-0.10701307827237624,-0.2140261565447525,-0.10701307827237624
2015-09-11 21:21:00,64,0.049628700217699995,0.0,0,-0.10749598689954264,-0.21499197379908527,-0.10749598689954264
2015-09-11 21:51:00,59,0.043641868011,0.0750000029802,0,-0.1079015765300936,-0.2158031530601872,-0.1079015765300936
2015-09-11 21:56:00,56,0.0364412400887,0.10000000149,0,-0.1082420014507156,-0.2164840029014312,-0.1082420014507156
2015-09-11 21:59:00,47,0.058444582365600004,0.5,0,-0.10852757279665734,-0.21705514559331468,-0.10852757279665734
2015-09-11 22:16:00,60,0.203270930876,1.0,0,-0.1087670176754879,-0.2175340353509758,-0.1087670176754879
2015-09-11 22:41:00,56,0.22918323782299999,0.125,0,-0.10896770816750227,-0.21793541633500454,-0.10896770816750229
2015-09-11 23:41:00,57,0.26267908733199996,0.15000000596,0,-0.10913586163255802,-0.218271723265116,-0.10913586163255799
2015-09-12 00:16:00,79,0.351165293354,0.34999999404,0,-0.10927671449509453,-0.21855342899018906,-0.10927671449509452
2015-09-12 00:46:00,62,0.3863120078140001,0.125,0,-0.10939467203659546,-0.21878934407319087,-0.10939467203659546
2015-09-12 02:56:00,64,0.400897203504,0.0750000029802,0,-0.10949343682772288,-0.21898687365544575,-0.10949343682772289
2015-09-12 03:41:00,58,0.503079223999,0.324999988079,0,-0.10957611837406796,-0.21915223674813591,-0.10957611837406796
2015-09-12 05:06:00,78,0.299999996735,0.975000023842,0,-0.10964532639532422,-0.21929065279064844,-0.10964532639532422
2015-09-12 06:51:00,75,0.299999996735,0.824999988079,0,-0.10970324995242696,-0.21940649990485392,-0.10970324995242696
2015-09-12 07:11:00,71,0.299999996735,0.0500000007451,0,-0.10975172441055477,-0.2195034488211095,-0.10975172441055475
2015-09-12 07:41:00,70,0.299999996735,0.0500000007451,0,-0.10979228799693766,-0.21958457599387526,-0.10979228799693766
2015-09-12 07:51:00,73,0.299999996735,0.0750000029802,0,-0.10982622949281798,-0.219652458985636,-0.10982622949281798
2015-09-12 08:01:00,70,0.299999996735,0.0250000003725,0,-0.10985462839524666,-0.21970925679049333,-0.10985462839524666
2015-09-12 08:16:00,70,0.415784142786,0.0250000003725,0,-0.1098783886998768,-0.2197567773997536,-0.1098783886998768
2015-09-12 08:46:00,80,0.446465422862,0.22499999403999998,0,-0.10989826729154456,-0.2197965345830891,-0.10989826729154455
2015-09-12 08:56:00,66,0.423340936399,0.0,0,-0.10991489778485863,-0.2198297955697173,-0.10991489778485865
2015-09-12 09:16:00,68,0.33097668995900004,0.0,0,-0.10992881053110083,-0.21985762106220166,-0.10992881053110082
2015-09-12 09:21:00,76,0.140216977659,0.0750000029802,0,-0.10994044939889597,-0.21988089879779196,-0.10994044939889597
2015-09-12 09:26:00,66,0.0436595613411,0.0,0,-0.10995018584259596,-0.21990037168519194,-0.10995018584259597
2015-09-12 09:56:00,69,0.039948609442500005,0.0,0,-0.10995833069235847,-0.21991666138471694,-0.10995833069235847
2015-09-12 10:06:00,69,0.0364569036675,0.0,0,-0.10996514403179744,-0.21993028806359488,-0.10996514403179744
2015-09-12 10:16:00,70,0.0316188206026,0.0,0,-0.10997084347125743,-0.21994168694251487,-0.10997084347125743
2015-09-12 10:46:00,72,0.0301098668643,0.0,0,-0.10997561107579304,-0.21995122215158605,-0.10997561107579303
2015-09-12 10:51:00,67,0.0316046148396,0.0,0,-0.10997959916555347,-0.21995919833110694,-0.10997959916555348
2015-09-12 10:56:00,71,0.047576031313,0.0,0,-0.10998293517136112,-0.21996587034272225,-0.10998293517136111
2015-09-12 11:06:00,64,0.047576031313,0.0,0,-0.10998572569886343,-0.21997145139772686,-0.10998572569886343
2015-09-12 11:31:00,67,0.047576031313,0.0,0,-0.10998805992989501,-0.21997611985979,-0.10998805992989501
2015-09-12 11:41:00,75,0.051739194688,0.0250000003725,0,-0.10999001246888546,-0.2199800249377709,-0.10999001246888546
2015-09-12 11:46:00,68,0.051739194688,0.0,0,-0.10999164572468112,-0.21998329144936227,-0.10999164572468113
2015-09-12 12:06:00,67,0.051739194688,0.0,0,-0.10999301190348568,-0.21998602380697135,-0.10999301190348569
2015-09-12 12:11:00,71,0.051739194688,0.0,0,-0.10999415467632598,-0.219988309352652,-0.10999415467632598
2015-09-12 12:16:00,65,0.051739194688,0.0,0,-0.10999511057413712,-0.21999022114827427,-0.10999511057413713
2015-09-12 12:26:00,67,0.051739194688,0.0,0,-0.1099959101549179,-0.2199918203098358,-0.1099959101549179
2015-09-12 12:31:00,77,0.04757603146380001,0.0500000007451,0,-0.10999657898016604,-0.21999315796033206,-0.10999657898016602
2015-09-12 12:36:00,67,0.04757603146380001,0.0,0,-0.10999713843173738,-0.21999427686347475,-0.10999713843173738
2015-09-12 12:46:00,67,0.04757603146380001,0.0,0,-0.10999760639519393,-0.21999521279038786,-0.10999760639519393
2015-09-12 12:51:00,68,0.04757603146380001,0.0,0,-0.10999799783145156,-0.2199959956629031,-0.10999799783145155
2015-09-12 13:06:00,70,0.049628700217699995,0.0,0,-0.10999832525497953,-0.21999665050995906,-0.10999832525497952
2015-09-12 13:11:00,67,0.049628700217699995,0.0,0,-0.1099985991338226,-0.2199971982676452,-0.1099985991338226
2015-09-12 13:16:00,62,0.049628700217699995,0.0,0,-0.1099988282242231,-0.2199976564484462,-0.1099988282242231
2015-09-12 13:21:00,67,0.04961801692080002,0.0,0,-0.10999901985053273,-0.21999803970106546,-0.10999901985053273
2015-09-12 13:36:00,67,0.04961801692080002,0.0,0,-0.10999918013935747,-0.21999836027871494,-0.10999918013935749
2015-09-12 13:41:00,65,0.04961801692080002,0.0,0,-0.10999931421541764,-0.21999862843083529,-0.10999931421541763
2015-09-12 14:16:00,73,0.0528274899201,0.0,0,-0.10999942636538193,-0.21999885273076386,-0.10999942636538193
2015-09-12 14:21:00,69,0.0528274899201,0.0,0,-0.10999952017491196,-0.21999904034982395,-0.10999952017491196
2015-09-12 14:31:00,70,0.0528274899201,0.0,0,-0.10999959864329696,-0.21999919728659392,-0.10999959864329696
2015-09-12 14:41:00,70,0.0528274899201,0.0,0,-0.10999966427934324,-0.21999932855868648,-0.10999966427934324
2015-09-12 14:56:00,69,0.0528274899201,0.0,0,-0.10999971918158333,-0.21999943836316666,-0.10999971918158333
2015-09-12 15:01:00,72,0.0528274899201,0.0,0,-0.1099997651053686,-0.2199995302107372,-0.10999976510536859
2015-09-12 15:11:00,70,0.0528274899201,0.0,0,-0.10999980351899057,-0.2199996070379811,-0.10999980351899055
2015-09-12 15:16:00,64,0.0528274899201,0.0,0,-0.10999983565062453,-0.21999967130124906,-0.10999983565062453
2015-09-12 15:21:00,68,0.0528274899201,0.0,0,-0.10999986252759668,-0.21999972505519336,-0.10999986252759669
2015-09-12 15:31:00,66,0.0528274899201,0.0,0,-0.10999988500922964,-0.2199997700184593,-0.10999988500922965
2015-09-12 15:36:00,72,0.0528274899201,0.0,0,-0.10999990381431672,-0.2199998076286334,-0.10999990381431671
2015-09-12 15:41:00,71,0.0528274899201,0.0,0,-0.1099999195441033,-0.2199998390882066,-0.1099999195441033
2015-09-12 15:46:00,68,0.0528274899201,0.0,0,-0.10999993270151008,-0.21999986540302016,-0.10999993270151008
2015-09-12 15:51:00,66,0.0528274899201,0.0,0,-0.11,-0.22,-0.11
2015-09-12 15:56:00,70,0.0528274899201,0.0,0,-0.11,-0.22,-0.11
2015-09-12 16:01:00,68,0.0528274899201,0.0,0,-0.11,-0.22,-0.11
2015-09-12 16:11:00,65,0.0528274899201,0.0,0,-0.11,-0.22,-0.11
2015-09-12 16:16:00,72,0.0528274899201,0.0,0,-0.11,-0.22,-0.11
2015-09-12 16:21:00,65,0.0528274899201,0.0,0,-0.11,-0.22,-0.11
2015-09-12 16:31:00,71,0.0528274899201,0.0,0,-0.11,-0.22,-0.11
2015-09-12 16:36:00,65,0.0528274899201,0.0,0,-0.11,-0.22,-0.11
2015-09-12 16:41:00,64,0.0528274899201,0.0,0,-0.11,-0.22,-0.11
2015-09-12 16:46:00,69,0.0528274899201,0.0,0,-0.11,-0.22,-0.11
2015-09-12 16:51:00,68,0.0528274899201,0.0,0,-0.11,-0.22,-0.11
2015-09-12 16:56:00,72,0.0528274899201,0.0,0,-0.11,-0.22,-0.11
2015-09-12 17:01:00,71,0.0528274899201,0.0,0,-0.11,-0.22,-0.11
2015-09-12 17:06:00,69,0.0528274899201,0.0,0,-0.11,-0.22,-0.11
2015-09-12 17:21:00,71,0.0528274899201,0.0,0,-0.11,-0.22,-0.11
2015-09-12 17:46:00,69,0.0528274899201,0.0,0,-0.11,-0.22,-0.11
2015-09-12 18:21:00,73,0.0528274899201,0.0,0,-0.11,-0.22,-0.11
2015-09-12 18:41:00,70,0.0528274899201,0.0,0,-0.11,-0.22,-0.11
2015-09-12 19:01:00,68,0.0528274899201,0.0,0,-0.11,-0.22,-0.11
2015-09-12 19:21:00,62,0.0528274899201,0.0,0,-0.11,-0.22,-0.11
2015-09-12 19:26:00,69,0.0528274899201,0.0,0,-0.11,-0.22,-0.11
2015-09-12 19:46:00,72,0.0528274899201,0.0,0,-0.11,-0.22,-0.11
2015-09-12 19:51:00,65,0.0528274899201,0.0,0,-0.11,-0.22,-0.11
2015-09-12 20:06:00,60,0.0528274899201,0.0,0,-0.11,-0.22,-0.11
2015-09-12 20:31:00,62,0.0528274899201,0.0,0,-0.11,-0.22,-0.11
2015-09-12 20:51:00,66,0.0528274899201,0.0,0,-0.11,-0.22,-0.11
2015-09-12 21:21:00,68,0.0528274899201,0.0,0,-0.11,-0.22,-0.11
2015-09-12 21:36:00,63,0.0528274899201,0.0,0,-0.11,-0.22,-0.11
2015-09-12 21:51:00,70,0.0528274899201,0.0,0,-0.11,-0.22,-0.11
2015-09-12 22:46:00,74,0.0528274899201,0.0,0,-0.11,-0.22,-0.11
2015-09-12 23:01:00,62,0.0528274899201,0.0,0,-0.11,-0.22,-0.11
2015-09-12 23:06:00,59,0.04806286080469999,0.0750000029802,0,-0.11,-0.22,-0.11
2015-09-12 23:31:00,59,0.0435927537219,0.0750000029802,0,-0.11,-0.22,-0.11
2015-09-13 06:31:00,62,0.0407729148019,0.0500000007451,0,-0.11,-0.22,-0.11
2015-09-13 07:51:00,70,0.0394102674924,0.0250000003725,0,-0.11,-0.22,-0.11
2015-09-13 08:01:00,62,0.0394102674924,0.0,0,-0.11,-0.22,-0.11
2015-09-13 08:26:00,67,0.0394102674924,0.0,0,-0.11,-0.22,-0.11
2015-09-13 09:21:00,69,0.0394102674924,0.0,0,-0.11,-0.22,-0.11
2015-09-13 09:26:00,72,0.0394102674924,0.0,0,-0.11,-0.22,-0.11
2015-09-13 09:41:00,67,0.0394102674924,0.0,0,-0.11,-0.22,-0.11
2015-09-13 10:06:00,69,0.0394102674924,0.0,0,-0.11,-0.22,-0.11
2015-09-13 10:11:00,72,0.0435927538293,0.0,0,-0.11,-0.22,-0.11
2015-09-13 10:16:00,65,0.0480628609194,0.0,0,-0.11,-0.22,-0.11
2015-09-13 10:46:00,76,0.04961801692080002,0.0250000003725,0,-0.11,-0.22,-0.11
2015-09-13 10:51:00,67,0.0512061464078,0.0,0,-0.11,-0.22,-0.11
2015-09-13 10:56:00,72,0.0512061464078,0.0,0,-0.11,-0.22,-0.11
2015-09-13 11:06:00,70,0.0512061464078,0.0,0,-0.11,-0.22,-0.11
2015-09-13 11:11:00,65,0.0512061464078,0.0,0,-0.11,-0.22,-0.11
2015-09-13 11:26:00,71,0.0512061464078,0.0,0,-0.11,-0.22,-0.11
2015-09-13 11:31:00,69,0.0512061464078,0.0,0,-0.11,-0.22,-0.11
2015-09-13 11:46:00,64,0.0512061464078,0.0,0,-0.11,-0.22,-0.11
2015-09-13 11:51:00,67,0.0512061464078,0.0,0,-0.11,-0.22,-0.11
2015-09-13 11:56:00,69,0.0512061464078,0.0,0,-0.11,-0.22,-0.11
2015-09-13 12:06:00,66,0.0528274899201,0.0,0,-0.11,-0.22,-0.11
2015-09-13 12:21:00,73,0.0528274899201,0.0,0,-0.11,-0.22,-0.11
2015-09-13 12:26:00,70,0.0528274899201,0.0,0,-0.11,-0.22,-0.11
2015-09-13 12:31:00,66,0.0528274899201,0.0,0,-0.11,-0.22,-0.11
2015-09-13 12:41:00,66,0.0528274899201,0.0,0,-0.11,-0.22,-0.11
2015-09-13 12:53:00,66,0.0528274899201,0.0,0,-0.11,-0.22,-0.11
2015-09-13 12:58:00,70,0.0528274899201,0.0,0,-0.11,-0.22,-0.11
2015-09-13 13:03:00,67,0.0528274899201,0.0,0,-0.11,-0.22,-0.11
2015-09-13 13:08:00,72,0.0528274899201,0.0,0,-0.11,-0.22,-0.11
2015-09-13 13:13:00,69,0.0528274899201,0.0,0,-0.11,-0.22,-0.11
2015-09-13 13:18:00,66,0.0528274899201,0.0,0,-0.11,-0.22,-0.11
2015-09-13 13:23:00,68,0.0528274899201,0.0,0,-0.11,-0.22,-0.11
2015-09-13 13:28:00,65,0.0528274899201,0.0,0,-0.11,-0.22,-0.11
2015-09-13 13:38:00,67,0.0528274899201,0.0,0,-0.11,-0.22,-0.11
2015-09-13 13:43:00,64,0.0528274899201,0.0,0,-0.11,-0.22,-0.11
2015-09-13 13:53:00,66,0.0528274899201,0.0,0,-0.11,-0.22,-0.11
2015-09-13 13:58:00,68,0.0528274899201,0.0,0,-0.11,-0.22,-0.11
2015-09-13 14:13:00,68,0.0528274899201,0.0,0,-0.11,-0.22,-0.11
2015-09-13 14:23:00,67,0.0528274899201,0.0,0,-0.11,-0.22,-0.11
2015-09-13 14:28:00,59,0.0528274899201,0.0,0,-0.11,-0.22,-0.11
2015-09-13 14:38:00,64,0.0528274899201,0.0,0,-0.11,-0.22,-0.11
2015-09-13 14:48:00,67,0.0528274899201,0.0,0,-0.11,-0.22,-0.11
2015-09-13 14:53:00,65,0.0528274899201,0.0,0,-0.11,-0.22,-0.11
2015-09-13 15:13:00,67,0.0528274899201,0.0,0,-0.11,-0.22,-0.11
2015-09-13 15:23:00,66,0.0528274899201,0.0,0,-0.11,-0.22,-0.11
2015-09-13 15:28:00,68,0.0528274899201,0.0,0,-0.11,-0.22,-0.11
2015-09-13 15:33:00,66,0.0528274899201,0.0,0,-0.11,-0.22,-0.11
2015-09-13 15:38:00,72,0.0528274899201,0.0,0,-0.11,-0.22,-0.11
2015-09-13 15:43:00,71,0.0528274899201,0.0,0,-0.11,-0.22,-0.11
2015-09-13 15:48:00,69,0.0528274899201,0.0,0,-0.11,-0.22,-0.11
2015-09-13 16:03:00,61,0.0528274899201,0.0,0,-0.11,-0.22,-0.11
2015-09-13 16:08:00,67,0.0491908662523,0.0,0,-0.11,-0.22,-0.11
2015-09-13 16:18:00,66,0.0491908662523,0.0,0,-0.11,-0.22,-0.11
2015-09-13 16:28:00,74,0.0491908662523,0.0,0,-0.11,-0.22,-0.11
2015-09-13 16:48:00,65,0.0491908662523,0.0,0,-0.11,-0.22,-0.11
2015-09-13 16:53:00,69,0.0491908662523,0.0,0,-0.11,-0.22,-0.11
2015-09-13 16:58:00,64,0.0491908662523,0.0,0,-0.11,-0.22,-0.11
2015-09-13 17:03:00,67,0.0491908662523,0.0,0,-0.11,-0.22,-0.11
2015-09-13 17:13:00,69,0.0491908662523,0.0,0,-0.11,-0.22,-0.11
2015-09-13 17:18:00,62,0.0491908662523,0.0,0,-0.11,-0.22,-0.11
2015-09-13 17:23:00,63,0.0491908662523,0.0,0,-0.11,-0.22,-0.11
2015-09-13 17:43:00,73,0.0491908662523,0.0,0,-0.11,-0.22,-0.11
2015-09-13 17:48:00,64,0.0491908662523,0.0,0,-0.11,-0.22,-0.11
2015-09-13 17:53:00,67,0.0491908662523,0.0,0,-0.11,-0.22,-0.11
2015-09-13 17:58:00,65,0.0491908662523,0.0,0,-0.11,-0.22,-0.11
2015-09-13 18:08:00,67,0.0491908662523,0.0,0,-0.11,-0.22,-0.11
2015-09-13 18:18:00,65,0.0491908662523,0.0,0,-0.11,-0.22,-0.11
2015-09-13 18:23:00,74,0.0491908662523,0.0,0,-0.11,-0.22,-0.11
2015-09-13 18:33:00,65,0.0491908662523,0.0,0,-0.11,-0.22,-0.11
2015-09-13 18:38:00,70,0.0491908662523,0.0,0,-0.11,-0.22,-0.11
2015-09-13 18:43:00,70,0.0491908662523,0.0,0,-0.11,-0.22,-0.11
2015-09-13 18:48:00,69,0.0491908662523,0.0,0,-0.11,-0.22,-0.11
2015-09-13 18:58:00,69,0.0491908662523,0.0,0,-0.11,-0.22,-0.11
2015-09-13 19:08:00,63,0.0491908662523,0.0,0,-0.11,-0.22,-0.11
2015-09-13 19:13:00,63,0.0491908662523,0.0,0,-0.11,-0.22,-0.11
2015-09-13 19:33:00,65,0.0491908662523,0.0,0,-0.11,-0.22,-0.11
2015-09-13 19:43:00,56,0.0491908662523,0.0,0,-0.11,-0.22,-0.11
2015-09-13 19:48:00,69,0.0491908662523,0.0,0,-0.11,-0.22,-0.11
2015-09-13 20:13:00,63,0.0491908662523,0.0,0,-0.11,-0.22,-0.11
2015-09-13 20:33:00,66,0.0491908662523,0.0,0,-0.11,-0.22,-0.11
2015-09-13 20:43:00,66,0.0491908662523,0.0,0,-0.11,-0.22,-0.11
2015-09-13 20:48:00,64,0.0491908662523,0.0,0,-0.11,-0.22,-0.11
2015-09-13 21:08:00,68,0.0491908662523,0.0,0,-0.11,-0.22,-0.11
2015-09-13 21:28:00,55,0.044154422893400005,0.0750000029802,0,-0.11,-0.22,-0.11
2015-09-13 22:48:00,75,0.0409960285734,0.0500000007451,0,-0.11,-0.22,-0.11
2015-09-13 22:53:00,69,0.0409960285734,0.0,0,-0.11,-0.22,-0.11
2015-09-13 23:33:00,62,0.0409960285734,0.0,0,-0.11,-0.22,-0.11
2015-09-14 00:33:00,68,0.0379936025168,0.0500000007451,0,-0.11,-0.22,-0.11
2015-09-14 05:53:00,66,0.0379936025168,0.0,0,-0.11,-0.22,-0.11
2015-09-14 06:18:00,66,0.0379936025168,0.0,0,-0.11,-0.22,-0.11
2015-09-14 06:28:00,75,0.0311493902948,0.125,0,-0.11,-0.22,-0.11
2015-09-14 06:48:00,65,0.030316323760599995,0.0250000003725,0,-0.11,-0.22,-0.11
2015-09-14 06:53:00,68,0.0315872894886,0.0250000003725,0,-0.11,-0.22,-0.11
2015-09-14 06:58:00,71,0.031149390389900007,0.0250000003725,0,-0.11,-0.22,-0.11
2015-09-14 07:08:00,69,0.0337756399513,0.0,0,-0.11,-0.22,-0.11
2015-09-14 07:28:00,67,0.0337756399513,0.0,0,-0.11,-0.22,-0.11
2015-09-14 07:33:00,68,0.0337756399513,0.0,0,-0.11,-0.22,-0.11
2015-09-14 07:38:00,67,0.036549921712800006,0.0,0,-0.11,-0.22,-0.11
2015-09-14 07:48:00,71,0.035144069117,0.0250000003725,0,-0.11,-0.22,-0.11
2015-09-14 07:58:00,67,0.035144069117,0.0,0,-0.11,-0.22,-0.11
2015-09-14 08:13:00,65,0.0425555426515,0.0,0,-0.11,-0.22,-0.11
2015-09-14 08:28:00,66,0.044154423014,0.0,0,-0.11,-0.22,-0.11
2015-09-14 08:33:00,64,0.045793034096300006,0.0,0,-0.11,-0.22,-0.11
2015-09-14 08:48:00,60,0.045793034096300006,0.0250000003725,0,-0.11,-0.22,-0.11
2015-09-14 08:53:00,69,0.045793034096300006,0.0,0,-0.11,-0.22,-0.11
2015-09-14 09:03:00,66,0.045793034096300006,0.0,0,-0.11,-0.22,-0.11
2015-09-14 09:08:00,73,0.045793034096300006,0.0,0,-0.11,-0.22,-0.11
2015-09-14 09:13:00,70,0.045793034096300006,0.0,0,-0.11,-0.22,-0.11
2015-09-14 09:23:00,72,0.0474717323104,0.0,0,-0.11,-0.22,-0.11
2015-09-14 09:28:00,62,0.0474717323104,0.0,0,-0.11,-0.22,-0.11
2015-09-14 09:33:00,70,0.0474717323104,0.0,0,-0.11,-0.22,-0.11
2015-09-14 09:38:00,69,0.0474717323104,0.0,0,-0.11,-0.22,-0.11
2015-09-14 09:43:00,69,0.0474717323104,0.0,0,-0.11,-0.22,-0.11
2015-09-14 09:48:00,69,0.0491908662523,0.0,0,-0.11,-0.22,-0.11
2015-09-14 09:53:00,71,0.0491908662523,0.0,0,-0.11,-0.22,-0.11
2015-09-14 09:58:00,68,0.0491908662523,0.0,0,-0.11,-0.22,-0.11
2015-09-14 10:13:00,63,0.0491908662523,0.0,0,-0.11,-0.22,-0.11
2015-09-14 10:18:00,68,0.0491908662523,0.0,0,-0.11,-0.22,-0.11
2015-09-14 10:23:00,68,0.0491908662523,0.0,0,-0.11,-0.22,-0.11
2015-09-14 10:28:00,66,0.0491908662523,0.0,0,-0.11,-0.22,-0.11
2015-09-14 10:33:00,70,0.0491908662523,0.0,0,-0.11,-0.22,-0.11
2015-09-14 10:43:00,70,0.0491908662523,0.0,0,-0.11,-0.22,-0.11
2015-09-14 10:48:00,65,0.0491908662523,0.0,0,-0.11,-0.22,-0.11
2015-09-14 11:03:00,74,0.0491908662523,0.0,0,-0.11,-0.22,-0.11
2015-09-14 11:13:00,67,0.0491908662523,0.0,0,-0.11,-0.22,-0.11
2015-09-14 11:18:00,64,0.0491908662523,0.0,0,-0.11,-0.22,-0.11
2015-09-14 11:23:00,70,0.0491908662523,0.0,0,-0.11,-0.22,-0.11
2015-09-14 11:28:00,70,0.0491908662523,0.0,0,-0.11,-0.22,-0.11
2015-09-14 11:33:00,66,0.0491908662523,0.0,0,-0.11,-0.22,-0.11
2015-09-14 11:43:00,67,0.0491908662523,0.0,0,-0.11,-0.22,-0.11
2015-09-14 12:03:00,63,0.0491908662523,0.0,0,-0.11,-0.22,-0.11
2015-09-14 12:08:00,70,0.0491908662523,0.0,0,-0.11,-0.22,-0.11
2015-09-14 12:13:00,63,0.0491908662523,0.0,0,-0.11,-0.22,-0.11
2015-09-14 12:23:00,71,0.0491908662523,0.0,0,-0.11,-0.22,-0.11
2015-09-14 12:28:00,62,0.0491908662523,0.0,0,-0.11,-0.22,-0.11
2015-09-14 12:38:00,67,0.0491908662523,0.0,0,-0.11,-0.22,-0.11
2015-09-14 12:43:00,68,0.0491908662523,0.0,0,-0.11,-0.22,-0.11
2015-09-14 12:48:00,73,0.0491908662523,0.0,0,-0.11,-0.22,-0.11
2015-09-14 12:53:00,67,0.0491908662523,0.0,0,-0.11,-0.22,-0.11
2015-09-14 13:15:00,65,0.0491908662523,0.0,0,-0.11,-0.22,-0.11
2015-09-14 13:20:00,63,0.0491908662523,0.0,0,-0.11,-0.22,-0.11
2015-09-14 13:25:00,72,0.0491908662523,0.0,0,-0.11,-0.22,-0.11
2015-09-14 13:35:00,65,0.0491908662523,0.0,0,-0.11,-0.22,-0.11
2015-09-14 13:40:00,64,0.0491908662523,0.0,0,-0.11,-0.22,-0.11
2015-09-14 13:45:00,71,0.0491908662523,0.0,0,-0.11,-0.22,-0.11
2015-09-14 13:50:00,66,0.0491908662523,0.0,0,-0.11,-0.22,-0.11
2015-09-14 13:55:00,59,0.0491908662523,0.0,0,-0.11,-0.22,-0.11
2015-09-14 14:15:00,57,0.0491908662523,0.0,0,-0.11,-0.22,-0.11
2015-09-14 14:20:00,66,0.0491908662523,0.0,0,-0.11,-0.22,-0.11
2015-09-14 14:25:00,71,0.0491908662523,0.0,0,-0.11,-0.22,-0.11
2015-09-14 14:35:00,69,0.0491908662523,0.0,0,-0.11,-0.22,-0.11
2015-09-14 14:40:00,67,0.04973056504480002,0.0,0,-0.11,-0.22,-0.11
2015-09-14 14:45:00,66,0.04973056504480002,0.0,0,-0.11,-0.22,-0.11
2015-09-14 14:50:00,67,0.04973056504480002,0.0,0,-0.11,-0.22,-0.11
2015-09-14 14:55:00,65,0.04973056504480002,0.0,0,-0.11,-0.22,-0.11
2015-09-14 15:00:00,70,0.04973056504480002,0.0,0,-0.11,-0.22,-0.11
2015-09-14 15:10:00,66,0.04973056504480002,0.0,0,-0.11,-0.22,-0.11
2015-09-14 15:15:00,66,0.04973056504480002,0.0,0,-0.11,-0.22,-0.11
2015-09-14 15:20:00,61,0.04973056504480002,0.0,0,-0.11,-0.22,-0.11
2015-09-14 15:30:00,68,0.04973056504480002,0.0,0,-0.11,-0.22,-0.11
2015-09-14 15:35:00,69,0.04973056504480002,0.0,0,-0.11,-0.22,-0.11
2015-09-14 15:40:00,63,0.04973056504480002,0.0,0,-0.11,-0.22,-0.11
2015-09-14 15:50:00,67,0.04973056504480002,0.0,0,-0.11,-0.22,-0.11
2015-09-14 15:55:00,66,0.04973056504480002,0.0,0,-0.11,-0.22,-0.11
2015-09-14 16:00:00,65,0.04973056504480002,0.0,0,-0.11,-0.22,-0.11
2015-09-14 16:05:00,67,0.04973056504480002,0.0,0,-0.11,-0.22,-0.11
2015-09-14 16:20:00,65,0.04973056504480002,0.0,0,-0.11,-0.22,-0.11
2015-09-14 16:25:00,66,0.04973056504480002,0.0,0,-0.11,-0.22,-0.11
2015-09-14 16:30:00,65,0.04973056504480002,0.0,0,-0.11,-0.22,-0.11
2015-09-14 16:35:00,64,0.04973056504480002,0.0,0,-0.11,-0.22,-0.11
2015-09-14 16:40:00,66,0.04973056504480002,0.0,0,-0.11,-0.22,-0.11
2015-09-14 16:45:00,62,0.04973056504480002,0.0,0,-0.11,-0.22,-0.11
2015-09-14 16:50:00,65,0.04973056504480002,0.0,0,-0.11,-0.22,-0.11
2015-09-14 16:55:00,67,0.04973056504480002,0.0,0,-0.11,-0.22,-0.11
2015-09-14 17:00:00,59,0.04973056504480002,0.0,0,-0.11,-0.22,-0.11
2015-09-14 17:05:00,36,0.0374767939383,0.425000011921,0,-0.11,-0.22,-0.11
2015-09-14 17:10:00,21,0.110757788018,0.774999976158,0,-0.11,-0.22,-0.11
2015-09-14 17:15:00,52,0.213714668352,0.649999976158,0,-0.11,-0.22,-0.11
2015-09-14 17:20:00,60,0.213714668352,0.0,0,-0.11,-0.22,-0.11
2015-09-14 17:25:00,51,0.23316623292,0.10000000149,0,-0.11,-0.22,-0.11
2015-09-14 17:30:00,68,0.23316623292,0.0,0,-0.11,-0.22,-0.11
2015-09-14 17:35:00,60,0.23316623292,0.0,0,-0.11,-0.22,-0.11
2015-09-14 17:40:00,42,0.333000462322,0.449999988079,0,-0.11,-0.22,-0.11
2015-09-14 17:45:00,65,0.42478745872900003,0.34999999404,0,-0.11,-0.22,-0.11
2015-09-14 17:50:00,59,0.42478745872900003,0.0,0,-0.11,-0.22,-0.11
2015-09-14 17:55:00,69,0.314950604802,0.0,0,-0.11,-0.22,-0.11
2015-09-14 18:00:00,68,0.161205695722,0.0,0,-0.11,-0.22,-0.11
2015-09-14 18:05:00,66,0.076396236187,0.0,0,-0.11,-0.22,-0.11
2015-09-14 18:10:00,66,0.076396236187,0.0,0,-0.11,-0.22,-0.11
2015-09-14 18:20:00,66,0.0666809397072,0.0,0,-0.11,-0.22,-0.11
2015-09-14 18:25:00,68,0.0666809397072,0.0,0,-0.11,-0.22,-0.11
2015-09-14 18:30:00,67,0.0666809397072,0.0,0,-0.11,-0.22,-0.11
2015-09-14 18:35:00,67,0.032919849334900005,0.0,0,-0.11,-0.22,-0.11
2015-09-14 18:45:00,65,0.04973056504480002,0.0,0,-0.11,-0.22,-0.11
2015-09-14 18:50:00,66,0.04973056504480002,0.0,0,-0.11,-0.22,-0.11
2015-09-14 19:01:00,68,0.04973056504480002,0.0,0,-0.11,-0.22,-0.11
2015-09-14 19:05:00,68,0.04973056504480002,0.0,0,-0.11,-0.22,-0.11
2015-09-14 19:15:00,66,0.04973056504480002,0.0,0,-0.11,-0.22,-0.11
2015-09-14 19:20:00,69,0.04973056504480002,0.0,0,-0.11,-0.22,-0.11
2015-09-14 19:30:00,64,0.04973056504480002,0.0,0,-0.11,-0.22,-0.11
2015-09-14 19:35:00,68,0.04973056504480002,0.0,0,-0.11,-0.22,-0.11
2015-09-14 19:45:00,65,0.04973056504480002,0.0,0,-0.11,-0.22,-0.11
2015-09-14 20:00:00,65,0.04973056504480002,0.0,0,-0.11,-0.22,-0.11
2015-09-14 20:10:00,66,0.04973056504480002,0.0,0,-0.11,-0.22,-0.11
2015-09-14 20:15:00,58,0.04973056504480002,0.0,0,-0.11,-0.22,-0.11
2015-09-14 20:20:00,71,0.04973056504480002,0.0,0,-0.11,-0.22,-0.11
2015-09-14 20:25:00,61,0.04973056504480002,0.0,0,-0.11,-0.22,-0.11
2015-09-14 20:30:00,72,0.04973056504480002,0.0,0,-0.11,-0.22,-0.11
2015-09-14 20:35:00,64,0.04973056504480002,0.0,0,-0.11,-0.22,-0.11
2015-09-14 20:40:00,64,0.04973056504480002,0.0,0,-0.11,-0.22,-0.11
2015-09-14 20:45:00,67,0.04973056504480002,0.0,0,-0.11,-0.22,-0.11
2015-09-14 20:50:00,65,0.04973056504480002,0.0,0,-0.11,-0.22,-0.11
2015-09-14 21:30:00,65,0.04973056504480002,0.0,0,-0.11,-0.22,-0.11
2015-09-14 21:35:00,65,0.04973056504480002,0.0,0,-0.11,-0.22,-0.11
2015-09-14 21:45:00,74,0.04973056504480002,0.0,0,-0.11,-0.22,-0.11
2015-09-14 22:06:00,61,0.047836680747300006,0.0250000003725,0,-0.11,-0.22,-0.11
2015-09-14 22:21:00,60,0.0441941374,0.0500000007451,0,-0.11,-0.22,-0.11
2015-09-14 22:30:00,64,0.0441941374,0.0,0,-0.11,-0.22,-0.11
2015-09-14 22:40:00,66,0.0441941374,0.0,0,-0.11,-0.22,-0.11
2015-09-14 22:45:00,66,0.0441941374,0.0,0,-0.11,-0.22,-0.11
2015-09-14 22:50:00,70,0.0441941374,0.0,0,-0.11,-0.22,-0.11
2015-09-15 03:45:00,62,0.0407421326459,0.0500000007451,0,-0.11,-0.22,-0.11
2015-09-15 04:10:00,64,0.0407421326459,0.0,0,-0.11,-0.22,-0.11
2015-09-15 04:31:00,61,0.037476793016199994,0.0500000007451,0,-0.11,-0.22,-0.11
2015-09-15 04:55:00,90,1.0,0.899999976158,0,-0.11,-0.22,-0.11
2015-09-15 05:26:00,60,0.25360473722300003,1.0,0,-0.11,-0.22,-0.11
2015-09-15 05:31:00,66,0.243261696495,0.0,0,-0.11,-0.22,-0.11
2015-09-15 05:41:00,63,0.24840221887400002,0.0250000003725,0,-0.11,-0.22,-0.11
2015-09-15 05:46:00,76,0.28612709181699997,0.17499999702,0,-0.11,-0.22,-0.11
2015-09-15 05:51:00,56,0.35161953453199996,0.27500000596,0,-0.11,-0.22,-0.11
2015-09-15 06:05:00,72,0.37080962959200003,0.0750000029802,0,-0.11,-0.22,-0.11
2015-09-15 06:45:00,66,0.357952699382,0.0,0,-0.11,-0.22,-0.11
2015-09-15 07:06:00,67,0.357952699382,0.0,0,-0.11,-0.22,-0.11
2015-09-15 07:11:00,63,0.345349819242,0.0,0,-0.11,-0.22,-0.11
2015-09-15 07:16:00,67,0.16120570319900002,0.0,0,-0.11,-0.22,-0.11
2015-09-15 07:21:00,70,0.0478366812766,0.0250000003725,0,-0.11,-0.22,-0.11
2015-09-15 07:26:00,70,0.049730565587900004,0.0250000003725,0,-0.11,-0.22,-0.11
2015-09-15 07:31:00,71,0.0478366812766,0.0,0,-0.11,-0.22,-0.11
2015-09-15 07:46:00,62,0.037476793820099996,0.0250000003725,0,-0.11,-0.22,-0.11
2015-09-15 07:51:00,69,0.0390863788754,0.0,0,-0.11,-0.22,-0.11
2015-09-15 07:56:00,67,0.0424445554804,0.0250000003725,0,-0.11,-0.22,-0.11
2015-09-15 08:11:00,66,0.0424445554804,0.0,0,-0.11,-0.22,-0.11
2015-09-15 08:21:00,65,0.0424445554804,0.0,0,-0.11,-0.22,-0.11
2015-09-15 08:26:00,61,0.0424445554804,0.0,0,-0.11,-0.22,-0.11
2015-09-15 08:31:00,68,0.0424445554804,0.0,0,-0.11,-0.22,-0.11
2015-09-15 08:41:00,66,0.0441941374,0.0,0,-0.11,-0.22,-0.11
2015-09-15 08:46:00,67,0.0459913568082,0.0,0,-0.11,-0.22,-0.11
2015-09-15 08:51:00,66,0.0459913568082,0.0,0,-0.11,-0.22,-0.11
2015-09-15 08:56:00,66,0.047836680747300006,0.0,0,-0.11,-0.22,-0.11
2015-09-15 09:01:00,70,0.047836680747300006,0.0,0,-0.11,-0.22,-0.11
2015-09-15 09:06:00,71,0.04973056504480002,0.0,0,-0.11,-0.22,-0.11
2015-09-15 09:16:00,65,0.0488899727018,0.0,0,-0.11,-0.22,-0.11
2015-09-15 09:21:00,63,0.0488899727018,0.0,0,-0.11,-0.22,-0.11
2015-09-15 09:31:00,63,0.0488899727018,0.0,0,-0.11,-0.22,-0.11
2015-09-15 09:36:00,63,0.0488899727018,0.0,0,-0.11,-0.22,-0.11
2015-09-15 09:41:00,62,0.0488899727018,0.0,0,-0.11,-0.22,-0.11
2015-09-15 09:46:00,65,0.0488899727018,0.0,0,-0.11,-0.22,-0.11
2015-09-15 09:51:00,61,0.0488899727018,0.0,0,-0.11,-0.22,-0.11
2015-09-15 10:01:00,72,0.0488899727018,0.0,0,-0.11,-0.22,-0.11
2015-09-15 10:16:00,67,0.0488899727018,0.0,0,-0.11,-0.22,-0.11
2015-09-15 10:26:00,66,0.0488899727018,0.0,0,-0.11,-0.22,-0.11
2015-09-15 10:31:00,74,0.0488899727018,0.0,0,-0.11,-0.22,-0.11
2015-09-15 10:36:00,66,0.0488899727018,0.0,0,-0.11,-0.22,-0.11
2015-09-15 10:41:00,70,0.0488899727018,0.0,0,-0.11,-0.22,-0.11
2015-09-15 10:46:00,67,0.0488899727018,0.0,0,-0.11,-0.22,-0.11
2015-09-15 11:06:00,68,0.0488899727018,0.0,0,-0.11,-0.22,-0.11
2015-09-15 11:11:00,66,0.0488899727018,0.0,0,-0.11,-0.22,-0.11
2015-09-15 11:16:00,65,0.0488899727018,0.0,0,-0.11,-0.22,-0.11
2015-09-15 11:21:00,60,0.0488899727018,0.0,0,-0.11,-0.22,-0.11
2015-09-15 11:31:00,66,0.0488899727018,0.0,0,-0.11,-0.22,-0.11
2015-09-15 11:36:00,67,0.0488899727018,0.0,0,-0.11,-0.22,-0.11
2015-09-15 11:41:00,66,0.0488899727018,0.0,0,-0.11,-0.22,-0.11
2015-09-15 11:46:00,67,0.0488899727018,0.0,0,-0.11,-0.22,-0.11
2015-09-15 11:51:00,66,0.0488899727018,0.0,0,-0.11,-0.22,-0.11
2015-09-15 11:56:00,67,0.0488899727018,0.0,0,-0.11,-0.22,-0.11
2015-09-15 12:06:00,69,0.0488899727018,0.0,0,-0.11,-0.22,-0.11
2015-09-15 12:11:00,69,0.0488899727018,0.0,0,-0.11,-0.22,-0.11
2015-09-15 12:16:00,71,0.0488899727018,0.0,0,-0.11,-0.22,-0.11
2015-09-15 12:21:00,64,0.0488899727018,0.0,0,-0.11,-0.22,-0.11
2015-09-15 12:26:00,69,0.0488899727018,0.0,0,-0.11,-0.22,-0.11
2015-09-15 12:31:00,68,0.0488899727018,0.0,0,-0.11,-0.22,-0.11
2015-09-15 12:36:00,67,0.0488899727018,0.0,0,-0.11,-0.22,-0.11
2015-09-15 12:41:00,66,0.0488899727018,0.0,0,-0.11,-0.22,-0.11
2015-09-15 12:46:00,68,0.0488899727018,0.0,0,-0.11,-0.22,-0.11
2015-09-15 12:51:00,72,0.0488899727018,0.0,0,-0.11,-0.22,-0.11
2015-09-15 12:56:00,66,0.0488899727018,0.0,0,-0.11,-0.22,-0.11
2015-09-15 13:01:00,62,0.0488899727018,0.0,0,-0.11,-0.22,-0.11
2015-09-15 13:06:00,71,0.0488899727018,0.0,0,-0.11,-0.22,-0.11
2015-09-15 13:11:00,74,0.0488899727018,0.0,0,-0.11,-0.22,-0.11
2015-09-15 13:16:00,65,0.0488899727018,0.0,0,-0.11,-0.22,-0.11
2015-09-15 13:21:00,61,0.0488899727018,0.0,0,-0.11,-0.22,-0.11
2015-09-15 13:26:00,63,0.0488899727018,0.0,1,1.0,1.0,1.0
2015-09-15 13:31:00,66,0.0488899727018,0.0,1,0.9974673237743696,0.9974673237743696,0.9974673237743695
2015-09-15 13:36:00,63,0.0488899727018,0.0,1,0.9944663453837748,0.9944663453837748,0.9944663453837747
2015-09-15 13:41:00,60,0.0488899727018,0.0,1,0.9909122971351696,0.9909122971351696,0.9909122971351695
2015-09-15 13:46:00,59,0.0488899727018,0.0,1,0.9867058058954474,0.9867058058954474,0.9867058058954474
2015-09-15 13:51:00,60,0.0488899727018,0.0,1,0.9817306754801916,0.9817306754801916,0.9817306754801916
2015-09-15 13:54:00,56,0.0471560942971,0.0250000003725,1,0.9758514550893066,0.9758514550893066,0.9758514550893066
2015-09-15 13:59:00,49,0.0361576831886,0.17499999702,1,0.9689108275010176,0.9689108275010176,0.9689108275010175
2015-09-15 14:04:00,43,0.0543619585413,0.5,1,0.9607268814309669,0.9607268814309669,0.9607268814309669
2015-09-15 14:09:00,59,0.166671431967,1.0,1,0.9510903752891,0.9510903752891,0.9510903752891001
2015-09-15 14:14:00,51,0.178267601824,0.0750000029802,1,0.939762157354885,0.939762157354885,0.939762157354885
2015-09-15 14:19:00,42,0.293191022463,0.625,1,0.9264709826944568,0.9264709826944568,0.9264709826944568
2015-09-15 14:24:00,25,0.547121603224,1.0,1,0.9109120614477282,0.9109120614477282,0.9109120614477282
2015-09-15 14:29:00,10,1.0,0.975000023842,1,0.8927467855469282,0.8927467855469282,0.8927467855469282
2015-09-15 14:34:00,8,0.299999996735,1.0,1,0.8716042063328711,0.8716042063328711,0.8716042063328711
2015-09-15 14:39:00,46,0.299999996735,1.0,1,0.8470849618628639,0.8470849618628639,0.8470849618628639
2015-09-15 14:44:00,65,0.299999996735,0.0,1,0.8187684579182891,0.8187684579182891,0.8187684579182891
2015-09-15 14:49:00,68,0.299999996735,0.0,1,0.7862241558438429,0.7862241558438429,0.7862241558438429
2015-09-15 14:54:00,67,0.299999996735,0.0,1,0.7490277640043964,0.7490277640043964,0.7490277640043964
2015-09-15 14:59:00,64,0.299999996735,0.0,1,0.7067829063330667,0.7067829063330667,0.7067829063330667
2015-09-15 15:04:00,67,0.299999996735,0.0,1,0.6591483866450579,0.6591483866450579,0.6591483866450579
2015-09-15 15:09:00,62,0.299999996735,0.0,1,0.605870432503202,0.605870432503202,0.605870432503202
2015-09-15 15:14:00,66,0.428496653533,0.0,1,0.5468182846288978,0.5468182846288978,0.5468182846288978
2015-09-15 15:24:00,68,0.215850176254,0.0,1,0.4820202769740843,0.4820202769740843,0.48202027697408434
2015-09-15 15:34:00,65,0.0801152748217,0.0,1,0.4116963226465555,0.4116963226465555,0.41169632264655553
2015-09-15 15:39:00,65,0.0488899727018,0.0,1,0.3362817953471616,0.3362817953471616,0.3362817953471616
2015-09-15 15:44:00,68,0.0488899727018,0.0,1,0.2564375619608148,0.2564375619608148,0.2564375619608148
2015-09-15 15:49:00,66,0.0488899727018,0.0,1,0.1730417302911223,0.1730417302911223,0.1730417302911223
2015-09-15 15:54:00,64,0.0488899727018,0.0,1,0.08716068383412914,0.08716068383412914,0.08716068383412914
2015-09-15 15:59:00,64,0.0488899727018,0.0,0,-0.009795412917274829,-0.019590825834549658,-0.00979541291727483
2015-09-15 16:04:00,63,0.0488899727018,0.0,0,-0.019436697459237925,-0.03887339491847585,-0.019436697459237925
2015-09-15 16:09:00,63,0.0488899727018,0.0,0,-0.028779275663155468,-0.057558551326310936,-0.02877927566315547
2015-09-15 16:14:00,67,0.0488899727018,0.0,0,-0.03769643976620059,-0.07539287953240117,-0.03769643976620059
2015-09-15 16:19:00,63,0.0488899727018,0.0,0,-0.04608547558222279,-0.09217095116444557,-0.04608547558222279
2015-09-15 16:24:00,66,0.0488899727018,0.0,0,-0.05387106904711034,-0.10774213809422067,-0.05387106904711034
2015-09-15 16:29:00,67,0.0488899727018,0.0,0,-0.06100596945843206,-0.12201193891686413,-0.06100596945843206
2015-09-15 16:34:00,65,0.0488899727018,0.0,0,-0.06746929864349208,-0.13493859728698415,-0.06746929864349208
2015-09-15 16:39:00,65,0.0488899727018,0.0,0,-0.07326315298542402,-0.14652630597084804,-0.07326315298542403
2015-09-15 16:44:00,64,0.0488899727018,0.0,0,-0.0784082268753388,-0.1568164537506776,-0.0784082268753388
2015-09-15 16:49:00,69,0.0488899727018,0.0,0,-0.0829391237519836,-0.1658782475039672,-0.0829391237519836
2015-09-15 16:54:00,65,0.0488899727018,0.0,0,-0.08689987129554172,-0.17379974259108347,-0.08689987129554173
2015-09-15 16:59:00,65,0.0488899727018,0.0,0,-0.09033997785319556,-0.18067995570639114,-0.09033997785319557
2015-09-15 17:04:00,62,0.0488899727018,0.0,0,-0.09331120039532642,-0.18662240079065284,-0.09331120039532642
2015-09-15 17:09:00,57,0.0488899727018,0.0,0,-0.0958650635622034,-0.1917301271244068,-0.09586506356220341
2015-09-15 17:14:00,52,0.043812226307600004,0.0750000029802,0,-0.09805108145081906,-0.19610216290163807,-0.09805108145081906
2015-09-15 17:19:00,51,0.039100565622000004,0.0750000029802,0,-0.09991558475736836,-0.19983116951473676,-0.09991558475736836
2015-09-15 17:24:00,62,0.039100565622000004,0.0,0,-0.10150103674500907,-0.20300207349001811,-0.10150103674500907
2015-09-15 17:29:00,59,0.039100565622000004,0.0,0,-0.10284572233851716,-0.2056914446770343,-0.10284572233851715
2015-09-15 17:39:00,68,0.039100565622000004,0.0,0,-0.10398370690483977,-0.20796741380967956,-0.10398370690483977
2015-09-15 17:44:00,64,0.039100565622000004,0.0,0,-0.10494497861979436,-0.20988995723958875,-0.10494497861979436
2015-09-15 17:49:00,65,0.039100565622000004,0.0,0,-0.1057557066006469,-0.2115114132012938,-0.1057557066006469
2015-09-15 17:54:00,66,0.039100565622000004,0.0,0,-0.1064385638365199,-0.2128771276730398,-0.1064385638365199
2015-09-15 17:59:00,67,0.039100565622000004,0.0,0,-0.10701307827237624,-0.2140261565447525,-0.10701307827237624
2015-09-15 18:04:00,63,0.039100565622000004,0.0,0,-0.10749598689954264,-0.21499197379908527,-0.10749598689954264
2015-09-15 18:14:00,59,0.043812226307600004,0.0,0,-0.1079015765300936,-0.2158031530601872,-0.1079015765300936
2015-09-15 18:19:00,68,0.0488899727018,0.0,0,-0.1082420014507156,-0.2164840029014312,-0.1082420014507156
2015-09-15 18:24:00,66,0.0488899727018,0.0,0,-0.10852757279665734,-0.21705514559331468,-0.10852757279665734
2015-09-15 18:29:00,66,0.0488899727018,0.0,0,-0.1087670176754879,-0.2175340353509758,-0.1087670176754879
2015-09-15 18:34:00,65,0.0488899727018,0.0,0,-0.10896770816750227,-0.21793541633500454,-0.10896770816750229
2015-09-15 18:39:00,64,0.0488899727018,0.0,0,-0.10913586163255802,-0.218271723265116,-0.10913586163255799
2015-09-15 18:44:00,70,0.0467078897652,0.0,0,-0.10927671449509453,-0.21855342899018906,-0.10927671449509452
2015-09-15 18:49:00,67,0.0467078897652,0.0,0,-0.10939467203659546,-0.21878934407319087,-0.10939467203659546
2015-09-15 18:54:00,63,0.0467078897652,0.0,0,-0.10949343682772288,-0.21898687365544575,-0.10949343682772289
2015-09-15 19:04:00,64,0.0467078897652,0.0,0,-0.10957611837406796,-0.21915223674813591,-0.10957611837406796
2015-09-15 19:09:00,65,0.0467078897652,0.0,0,-0.10964532639532422,-0.21929065279064844,-0.10964532639532422
2015-09-15 19:14:00,64,0.0467078897652,0.0,0,-0.10970324995242696,-0.21940649990485392,-0.10970324995242696
2015-09-15 19:19:00,60,0.0467078897652,0.0,0,-0.10975172441055477,-0.2195034488211095,-0.10975172441055475
2015-09-15 19:24:00,65,0.0467078897652,0.0,0,-0.10979228799693766,-0.21958457599387526,-0.10979228799693766
2015-09-15 19:29:00,69,0.0467078897652,0.0,0,-0.10982622949281798,-0.219652458985636,-0.10982622949281798
2015-09-15 19:34:00,63,0.0467078897652,0.0,0,-0.10985462839524666,-0.21970925679049333,-0.10985462839524666
2015-09-15 19:39:00,59,0.0467078897652,0.0,0,-0.1098783886998768,-0.2197567773997536,-0.1098783886998768
2015-09-15 19:44:00,69,0.0467078897652,0.0,0,-0.10989826729154456,-0.2197965345830891,-0.10989826729154455
2015-09-15 19:49:00,60,0.0467078897652,0.0,0,-0.10991489778485863,-0.2198297955697173,-0.10991489778485865
2015-09-15 19:54:00,60,0.0467078897652,0.0,0,-0.10992881053110083,-0.21985762106220166,-0.10992881053110082
2015-09-15 19:59:00,59,0.0467078897652,0.0,0,-0.10994044939889597,-0.21988089879779196,-0.10994044939889597
2015-09-15 20:09:00,62,0.0467078897652,0.0,0,-0.10995018584259596,-0.21990037168519194,-0.10995018584259597
2015-09-15 20:14:00,61,0.0467078897652,0.0,0,-0.10995833069235847,-0.21991666138471694,-0.10995833069235847
2015-09-15 20:24:00,58,0.0467078897652,0.0,0,-0.10996514403179744,-0.21993028806359488,-0.10996514403179744
2015-09-15 20:29:00,63,0.0467078897652,0.0,0,-0.10997084347125743,-0.21994168694251487,-0.10997084347125743
2015-09-15 20:34:00,65,0.0467078897652,0.0,0,-0.10997561107579304,-0.21995122215158605,-0.10997561107579303
2015-09-15 20:49:00,57,0.0467078897652,0.0,0,-0.10997959916555347,-0.21995919833110694,-0.10997959916555348
2015-09-15 20:54:00,62,0.0467078897652,0.0,0,-0.10998293517136112,-0.21996587034272225,-0.10998293517136111
2015-09-15 20:59:00,62,0.0467078897652,0.0,0,-0.10998572569886343,-0.21997145139772686,-0.10998572569886343
2015-09-15 21:04:00,62,0.0467078897652,0.0,0,-0.10998805992989501,-0.21997611985979,-0.10998805992989501
2015-09-15 21:19:00,64,0.0467078897652,0.0,0,-0.10999001246888546,-0.2199800249377709,-0.10999001246888546
2015-09-15 21:29:00,63,0.0467078897652,0.0,0,-0.10999164572468112,-0.21998329144936227,-0.10999164572468113
2015-09-15 22:09:00,57,0.041594219395,0.10000000149,0,-0.10999301190348568,-0.21998602380697135,-0.10999301190348569
2015-09-15 22:34:00,59,0.0368716604473,0.10000000149,0,-0.10999415467632598,-0.219988309352652,-0.10999415467632598
2015-09-15 22:39:00,63,0.0368716604473,0.0,0,-0.10999511057413712,-0.21999022114827427,-0.10999511057413713
2015-09-15 22:44:00,67,0.0368716604473,0.0,0,-0.1099959101549179,-0.2199918203098358,-0.1099959101549179
2015-09-15 23:19:00,65,0.0368716604473,0.0,0,-0.10999657898016604,-0.21999315796033206,-0.10999657898016602
2015-09-15 23:24:00,61,0.034653267341699996,0.0500000007451,0,-0.10999713843173738,-0.21999427686347475,-0.10999713843173738
2015-09-15 23:29:00,61,0.0325280133529,0.0500000007451,0,-0.10999760639519393,-0.21999521279038786,-0.10999760639519393
2015-09-15 23:34:00,60,0.0317133237671,0.10000000149,0,-0.10999799783145156,-0.2199959956629031,-0.10999799783145155
2015-09-16 00:49:00,67,0.0317133237671,0.0,0,-0.10999832525497953,-0.21999665050995906,-0.10999832525497952
2015-09-16 01:44:00,57,0.0406302861502,0.20000000298,0,-0.1099985991338226,-0.2199971982676452,-0.1099985991338226
2015-09-16 02:19:00,59,0.044369779793400003,0.17499999702,0,-0.1099988282242231,-0.2199976564484462,-0.1099988282242231
2015-09-16 03:04:00,60,0.0418522362531,0.0500000007451,0,-0.10999901985053273,-0.21999803970106546,-0.10999901985053273
2015-09-16 04:44:00,58,0.0483328860817,0.125,0,-0.10999918013935747,-0.21999836027871494,-0.10999918013935749
2015-09-16 05:09:00,66,0.052524271313,0.0750000029802,0,-0.10999931421541764,-0.21999862843083529,-0.10999931421541763
2015-09-16 05:19:00,69,0.053972899780299996,0.0250000003725,0,-0.10999942636538193,-0.21999885273076386,-0.10999942636538193
2015-09-16 05:29:00,62,0.052524271313,0.0250000003725,0,-0.10999952017491196,-0.21999904034982395,-0.10999952017491196
2015-09-16 05:39:00,65,0.0511015006428,0.0250000003725,0,-0.10999959864329696,-0.21999919728659392,-0.10999959864329696
2015-09-16 05:49:00,65,0.046986711791199995,0.0250000003725,0,-0.10999966427934324,-0.21999932855868648,-0.10999966427934324
2015-09-16 06:09:00,61,0.048332886183,0.0250000003725,0,-0.10999971918158333,-0.21999943836316666,-0.10999971918158333
2015-09-16 06:14:00,64,0.0382591020497,0.0,0,-0.1099997651053686,-0.2199995302107372,-0.10999976510536859
2015-09-16 06:24:00,65,0.0307030401766,0.0,0,-0.10999980351899057,-0.2199996070379811,-0.10999980351899055
2015-09-16 06:39:00,65,0.0314997988126,0.0,0,-0.10999983565062453,-0.21999967130124906,-0.10999983565062453
2015-09-16 06:44:00,66,0.0368716603629,0.0,0,-0.10999986252759668,-0.21999972505519336,-0.10999986252759669
2015-09-16 06:54:00,61,0.039184794384499996,0.0250000003725,0,-0.10999988500922964,-0.2199997700184593,-0.10999988500922965
2015-09-16 07:19:00,64,0.040377375611699996,0.0,0,-0.10999990381431672,-0.2199998076286334,-0.10999990381431671
2015-09-16 07:24:00,69,0.041594219395,0.0,0,-0.1099999195441033,-0.2199998390882066,-0.1099999195441033
2015-09-16 07:29:00,59,0.040377375611699996,0.0500000007451,0,-0.10999993270151008,-0.21999986540302016,-0.10999993270151008
2015-09-16 07:34:00,71,0.041594219395,0.0,0,-0.11,-0.22,-0.11
2015-09-16 07:44:00,66,0.042835511564699995,0.0,0,-0.11,-0.22,-0.11
2015-09-16 07:49:00,66,0.042835511564699995,0.0,0,-0.11,-0.22,-0.11
2015-09-16 07:54:00,67,0.042835511564699995,0.0,0,-0.11,-0.22,-0.11
2015-09-16 07:59:00,68,0.042835511564699995,0.0,0,-0.11,-0.22,-0.11
2015-09-16 08:04:00,64,0.042835511564699995,0.0,0,-0.11,-0.22,-0.11
2015-09-16 08:09:00,68,0.0441014348123,0.0,0,-0.11,-0.22,-0.11
2015-09-16 08:14:00,69,0.0441014348123,0.0,0,-0.11,-0.22,-0.11
2015-09-16 08:19:00,71,0.0441014348123,0.0,0,-0.11,-0.22,-0.11
2015-09-16 08:24:00,66,0.0467078897652,0.0,0,-0.11,-0.22,-0.11
2015-09-16 08:29:00,70,0.0467078897652,0.0,0,-0.11,-0.22,-0.11
2015-09-16 08:39:00,71,0.0467078897652,0.0,0,-0.11,-0.22,-0.11
2015-09-16 08:49:00,68,0.0467078897652,0.0,0,-0.11,-0.22,-0.11
2015-09-16 08:54:00,62,0.0467078897652,0.0,0,-0.11,-0.22,-0.11
2015-09-16 08:59:00,67,0.0467078897652,0.0,0,-0.11,-0.22,-0.11
2015-09-16 09:04:00,63,0.0467078897652,0.0,0,-0.11,-0.22,-0.11
2015-09-16 09:09:00,71,0.0467078897652,0.0,0,-0.11,-0.22,-0.11
2015-09-16 09:14:00,64,0.0467078897652,0.0,0,-0.11,-0.22,-0.11
2015-09-16 09:24:00,70,0.0467078897652,0.0,0,-0.11,-0.22,-0.11
2015-09-16 09:34:00,67,0.0467078897652,0.0,0,-0.11,-0.22,-0.11
2015-09-16 09:44:00,67,0.0467078897652,0.0,0,-0.11,-0.22,-0.11
2015-09-16 09:54:00,66,0.0467078897652,0.0,0,-0.11,-0.22,-0.11
2015-09-16 09:59:00,61,0.0467078897652,0.0,0,-0.11,-0.22,-0.11
2015-09-16 10:04:00,69,0.0467078897652,0.0,0,-0.11,-0.22,-0.11
2015-09-16 10:09:00,67,0.0467078897652,0.0,0,-0.11,-0.22,-0.11
2015-09-16 10:14:00,70,0.0467078897652,0.0,0,-0.11,-0.22,-0.11
2015-09-16 10:19:00,71,0.0467078897652,0.0,0,-0.11,-0.22,-0.11
2015-09-16 10:24:00,67,0.0467078897652,0.0,0,-0.11,-0.22,-0.11
2015-09-16 10:29:00,59,0.0467078897652,0.0,0,-0.11,-0.22,-0.11
2015-09-16 10:34:00,69,0.0467078897652,0.0,0,-0.11,-0.22,-0.11
2015-09-16 10:44:00,69,0.0467078897652,0.0,0,-0.11,-0.22,-0.11
2015-09-16 10:49:00,68,0.0467078897652,0.0,0,-0.11,-0.22,-0.11
2015-09-16 10:54:00,72,0.0467078897652,0.0,0,-0.11,-0.22,-0.11
2015-09-16 10:59:00,68,0.0467078897652,0.0,0,-0.11,-0.22,-0.11
2015-09-16 11:04:00,62,0.0467078897652,0.0,0,-0.11,-0.22,-0.11
2015-09-16 11:09:00,64,0.0467078897652,0.0,0,-0.11,-0.22,-0.11
2015-09-16 11:14:00,66,0.0467078897652,0.0,0,-0.11,-0.22,-0.11
2015-09-16 11:19:00,60,0.0467078897652,0.0,0,-0.11,-0.22,-0.11
2015-09-16 11:24:00,66,0.0467078897652,0.0,0,-0.11,-0.22,-0.11
2015-09-16 11:29:00,71,0.0467078897652,0.0,0,-0.11,-0.22,-0.11
2015-09-16 11:34:00,56,0.0453921687156,0.0250000003725,0,-0.11,-0.22,-0.11
2015-09-16 11:39:00,63,0.0453921687156,0.0,0,-0.11,-0.22,-0.11
2015-09-16 11:44:00,67,0.0453921687156,0.0,0,-0.11,-0.22,-0.11
2015-09-16 11:49:00,64,0.0453921687156,0.0,0,-0.11,-0.22,-0.11
2015-09-16 11:59:00,67,0.0453921687156,0.0,0,-0.11,-0.22,-0.11
2015-09-16 12:04:00,62,0.0453921687156,0.0,0,-0.11,-0.22,-0.11
2015-09-16 12:14:00,65,0.0453921687156,0.0,0,-0.11,-0.22,-0.11
2015-09-16 12:19:00,66,0.044811316224100006,0.0,0,-0.11,-0.22,-0.11
2015-09-16 12:24:00,65,0.044811316224100006,0.0,0,-0.11,-0.22,-0.11
2015-09-16 12:29:00,73,0.044811316224100006,0.0,0,-0.11,-0.22,-0.11
2015-09-16 12:34:00,67,0.0461919902123,0.0,0,-0.11,-0.22,-0.11
2015-09-16 12:39:00,62,0.0461919902123,0.0,0,-0.11,-0.22,-0.11
2015-09-16 12:44:00,68,0.0461919902123,0.0,0,-0.11,-0.22,-0.11
2015-09-16 12:49:00,62,0.0461919902123,0.0,0,-0.11,-0.22,-0.11
2015-09-16 12:54:00,67,0.0461919902123,0.0,0,-0.11,-0.22,-0.11
2015-09-16 12:59:00,63,0.0461919902123,0.0,0,-0.11,-0.22,-0.11
2015-09-16 13:04:00,68,0.0461919902123,0.0,1,1.0,1.0,1.0
2015-09-16 13:09:00,69,0.0461919902123,0.0,1,0.9974673237743696,0.9974673237743696,0.9974673237743695
2015-09-16 13:14:00,69,0.0461919902123,0.0,1,0.9944663453837748,0.9944663453837748,0.9944663453837747
2015-09-16 13:19:00,65,0.0461919902123,0.0,1,0.9909122971351696,0.9909122971351696,0.9909122971351695
2015-09-16 13:24:00,61,0.0461919902123,0.0,1,0.9867058058954474,0.9867058058954474,0.9867058058954474
2015-09-16 13:29:00,73,0.0461919902123,0.0,1,0.9817306754801916,0.9817306754801916,0.9817306754801916
2015-09-16 13:34:00,66,0.0461919902123,0.0,1,0.9758514550893066,0.9758514550893066,0.9758514550893066
2015-09-16 13:39:00,51,0.0408356730791,0.10000000149,1,0.9689108275010176,0.9689108275010176,0.9689108275010175
2015-09-16 13:44:00,50,0.0336133402671,0.15000000596,1,0.9607268814309669,0.9607268814309669,0.9607268814309669
2015-09-16 13:49:00,34,0.0558906586199,0.574999988079,1,0.9510903752891,0.9510903752891,0.9510903752891001
2015-09-16 13:54:00,24,0.144234246368,1.0,1,0.939762157354885,0.939762157354885,0.939762157354885
2015-09-16 13:59:00,7,0.287109530503,1.0,1,0.9264709826944568,0.9264709826944568,0.9264709826944568
2015-09-16 14:04:00,14,0.488283068077,1.0,1,0.9109120614477282,0.9109120614477282,0.9109120614477282
2015-09-16 14:09:00,7,0.7494204330259999,1.0,1,0.8927467855469282,0.8927467855469282,0.8927467855469282
2015-09-16 14:14:00,32,0.299999996735,1.0,1,0.8716042063328711,0.8716042063328711,0.8716042063328711
2015-09-16 14:19:00,17,0.299999996735,1.0,1,0.8470849618628639,0.8470849618628639,0.8470849618628639
2015-09-16 14:24:00,8,0.299999996735,1.0,1,0.8187684579182891,0.8187684579182891,0.8187684579182891
2015-09-16 14:29:00,6,0.299999996735,1.0,1,0.7862241558438429,0.7862241558438429,0.7862241558438429
2015-09-16 14:30:00,8,0.299999996735,1.0,1,0.7490277640043964,0.7490277640043964,0.7490277640043964
2015-09-16 14:35:00,20,0.299999996735,1.0,1,0.7067829063330667,0.7067829063330667,0.7067829063330667
2015-09-16 14:40:00,8,0.299999996735,1.0,1,0.6591483866450579,0.6591483866450579,0.6591483866450579
2015-09-16 14:45:00,23,0.299999996735,1.0,1,0.605870432503202,0.605870432503202,0.605870432503202
2015-09-16 14:50:00,74,0.299999996735,1.0,1,0.5468182846288978,0.5468182846288978,0.5468182846288978
2015-09-16 14:55:00,65,0.299999996735,0.0,1,0.4820202769740843,0.4820202769740843,0.48202027697408434
2015-09-16 15:00:00,67,0.299999996735,0.0,1,0.4116963226465555,0.4116963226465555,0.41169632264655553
2015-09-16 15:05:00,74,0.299999996735,0.0,1,0.3362817953471616,0.3362817953471616,0.3362817953471616
2015-09-16 15:10:00,59,0.299999996735,0.0250000003725,1,0.2564375619608148,0.2564375619608148,0.2564375619608148
2015-09-16 15:15:00,65,0.299999996735,0.0,1,0.1730417302911223,0.1730417302911223,0.1730417302911223
2015-09-16 15:20:00,64,0.299999996735,0.0,1,0.08716068383412914,0.08716068383412914,0.08716068383412914
2015-09-16 15:25:00,64,0.322604570072,0.0,0,-0.009795412917274829,-0.019590825834549658,-0.00979541291727483
2015-09-16 15:30:00,68,0.168282935493,0.0,0,-0.019436697459237925,-0.03887339491847585,-0.019436697459237925
2015-09-16 15:35:00,73,0.06949956497000001,0.0,0,-0.028779275663155468,-0.057558551326310936,-0.02877927566315547
2015-09-16 15:40:00,71,0.044811316224100006,0.0,0,-0.03769643976620059,-0.07539287953240117,-0.03769643976620059
2015-09-16 15:45:00,67,0.044811316224100006,0.0,0,-0.04608547558222279,-0.09217095116444557,-0.04608547558222279
2015-09-16 15:50:00,66,0.044811316224100006,0.0,0,-0.05387106904711034,-0.10774213809422067,-0.05387106904711034
2015-09-16 15:55:00,68,0.044811316224100006,0.0,0,-0.06100596945843206,-0.12201193891686413,-0.06100596945843206
2015-09-16 16:00:00,65,0.0461919902123,0.0,1,1.0,1.0,1.0
2015-09-16 16:05:00,57,0.0461919902123,0.0,1,0.9974673237743696,0.9974673237743696,0.9974673237743695
2015-09-16 16:10:00,70,0.0461919902123,0.0,1,0.9944663453837748,0.9944663453837748,0.9944663453837747
2015-09-16 16:15:00,66,0.0461919902123,0.0,1,0.9909122971351696,0.9909122971351696,0.9909122971351695
2015-09-16 16:20:00,66,0.0461919902123,0.0,1,0.9867058058954474,0.9867058058954474,0.9867058058954474
2015-09-16 16:25:00,65,0.0461919902123,0.0,1,0.9817306754801916,0.9817306754801916,0.9817306754801916
2015-09-16 16:30:00,66,0.0461919902123,0.0,1,0.9758514550893066,0.9758514550893066,0.9758514550893066
2015-09-16 16:35:00,64,0.0461919902123,0.0,1,0.9689108275010176,0.9689108275010176,0.9689108275010175
2015-09-16 16:40:00,55,0.044811316224100006,0.0250000003725,1,0.9607268814309669,0.9607268814309669,0.9607268814309669
2015-09-16 16:45:00,30,0.0402219635656,0.524999976158,1,0.9510903752891,0.9510903752891,0.9510903752891001
2015-09-16 16:50:00,11,0.11474226990999999,1.0,1,0.939762157354885,0.939762157354885,0.939762157354885
2015-09-16 16:55:00,12,0.242116634769,1.0,1,0.9264709826944568,0.9264709826944568,0.9264709826944568
2015-09-16 17:00:00,33,0.427024437486,1.0,1,0.9109120614477282,0.9109120614477282,0.9109120614477282
2015-09-16 17:05:00,43,0.6716283969140001,1.0,1,0.8927467855469282,0.8927467855469282,0.8927467855469282
2015-09-16 17:10:00,1,1.0,1.0,1,0.8716042063328711,0.8716042063328711,0.8716042063328711
2015-09-16 17:15:00,19,0.299999996735,1.0,1,0.8470849618628639,0.8470849618628639,0.8470849618628639
2015-09-16 17:20:00,23,0.299999996735,1.0,1,0.8187684579182891,0.8187684579182891,0.8187684579182891
2015-09-16 17:25:00,53,0.299999996735,1.0,1,0.7862241558438429,0.7862241558438429,0.7862241558438429
2015-09-16 17:30:00,60,0.299999996735,0.0,1,0.7490277640043964,0.7490277640043964,0.7490277640043964
2015-09-16 17:35:00,56,0.299999996735,0.0,1,0.7067829063330667,0.7067829063330667,0.7067829063330667
2015-09-16 17:40:00,44,0.299999996735,0.375,1,0.6591483866450579,0.6591483866450579,0.6591483866450579
2015-09-16 17:45:00,57,0.299999996735,0.324999988079,1,0.605870432503202,0.605870432503202,0.605870432503202
2015-09-16 17:50:00,55,0.299999996735,0.0250000003725,1,0.5468182846288978,0.5468182846288978,0.5468182846288978
2015-09-16 17:55:00,63,0.299999996735,0.0,1,0.4820202769740843,0.4820202769740843,0.48202027697408434
2015-09-16 18:00:00,68,0.46548220835299997,0.0,1,0.4116963226465555,0.4116963226465555,0.41169632264655553
2015-09-16 18:05:00,70,0.270239826929,0.0,1,0.3362817953471616,0.3362817953471616,0.3362817953471616
2015-09-16 18:10:00,62,0.133035618893,0.0,1,0.2564375619608148,0.2564375619608148,0.2564375619608148
2015-09-16 18:15:00,66,0.04979569796569999,0.0,1,0.1730417302911223,0.1730417302911223,0.1730417302911223
2015-09-16 18:20:00,67,0.04979569796569999,0.0,1,0.08716068383412914,0.08716068383412914,0.08716068383412914
2015-09-16 18:25:00,68,0.04979569796569999,0.0,0,-0.009795412917274829,-0.019590825834549658,-0.00979541291727483
2015-09-16 18:30:00,67,0.030902254642300002,0.0,0,-0.019436697459237925,-0.03887339491847585,-0.019436697459237925
2015-09-16 18:35:00,66,0.044811316224100006,0.0,0,-0.028779275663155468,-0.057558551326310936,-0.02877927566315547
2015-09-16 18:40:00,68,0.0461919902123,0.0,0,-0.03769643976620059,-0.07539287953240117,-0.03769643976620059
2015-09-16 18:45:00,69,0.0461919902123,0.0,0,-0.04608547558222279,-0.09217095116444557,-0.04608547558222279
2015-09-16 18:50:00,68,0.0461919902123,0.0,0,-0.05387106904711034,-0.10774213809422067,-0.05387106904711034
2015-09-16 18:55:00,71,0.0461919902123,0.0,0,-0.06100596945843206,-0.12201193891686413,-0.06100596945843206
2015-09-16 19:05:00,67,0.0461919902123,0.0,0,-0.06746929864349208,-0.13493859728698415,-0.06746929864349208
2015-09-16 19:10:00,64,0.0461919902123,0.0,0,-0.07326315298542402,-0.14652630597084804,-0.07326315298542403
2015-09-16 19:15:00,64,0.0461919902123,0.0,0,-0.0784082268753388,-0.1568164537506776,-0.0784082268753388
2015-09-16 19:25:00,64,0.0461919902123,0.0,0,-0.0829391237519836,-0.1658782475039672,-0.0829391237519836
2015-09-16 19:30:00,63,0.0461919902123,0.0,0,-0.08689987129554172,-0.17379974259108347,-0.08689987129554173
2015-09-16 19:35:00,65,0.0461919902123,0.0,0,-0.09033997785319556,-0.18067995570639114,-0.09033997785319557
2015-09-16 19:40:00,64,0.0461919902123,0.0,0,-0.09331120039532642,-0.18662240079065284,-0.09331120039532642
2015-09-16 19:45:00,65,0.0461919902123,0.0,0,-0.0958650635622034,-0.1917301271244068,-0.09586506356220341
2015-09-16 19:50:00,66,0.0461919902123,0.0,0,-0.09805108145081906,-0.19610216290163807,-0.09805108145081906
2015-09-16 20:00:00,63,0.0461919902123,0.0,0,-0.09991558475736836,-0.19983116951473676,-0.09991558475736836
2015-09-16 20:05:00,67,0.0461919902123,0.0,0,-0.10150103674500907,-0.20300207349001811,-0.10150103674500907
2015-09-16 20:10:00,62,0.0461919902123,0.0,0,-0.10284572233851716,-0.2056914446770343,-0.10284572233851715
2015-09-16 20:15:00,61,0.0461919902123,0.0,0,-0.10398370690483977,-0.20796741380967956,-0.10398370690483977
2015-09-16 20:20:00,62,0.0461919902123,0.0,0,-0.10494497861979436,-0.20988995723958875,-0.10494497861979436
2015-09-16 20:25:00,65,0.0461919902123,0.0,0,-0.1057557066006469,-0.2115114132012938,-0.1057557066006469
2015-09-16 20:30:00,63,0.0461919902123,0.0,0,-0.1064385638365199,-0.2128771276730398,-0.1064385638365199
2015-09-16 20:35:00,61,0.0461919902123,0.0,0,-0.10701307827237624,-0.2140261565447525,-0.10701307827237624
2015-09-16 20:40:00,59,0.0461919902123,0.0,0,-0.10749598689954264,-0.21499197379908527,-0.10749598689954264
2015-09-16 20:45:00,56,0.0461919902123,0.0,0,-0.1079015765300936,-0.2158031530601872,-0.1079015765300936
2015-09-16 20:50:00,65,0.0449670033349,0.0,0,-0.1082420014507156,-0.2164840029014312,-0.1082420014507156
2015-09-16 20:55:00,63,0.0449670033349,0.0,0,-0.10852757279665734,-0.21705514559331468,-0.10852757279665734
2015-09-16 21:00:00,67,0.0449670033349,0.0,0,-0.1087670176754879,-0.2175340353509758,-0.1087670176754879
2015-09-16 21:05:00,63,0.0449670033349,0.0,0,-0.10896770816750227,-0.21793541633500454,-0.10896770816750229
2015-09-16 21:10:00,57,0.0434389325071,0.0500000007451,0,-0.10913586163255802,-0.218271723265116,-0.10913586163255799
2015-09-16 21:15:00,58,0.0434389325071,0.0,0,-0.10927671449509453,-0.21855342899018906,-0.10927671449509452
2015-09-16 21:25:00,68,0.0434389325071,0.0,0,-0.10939467203659546,-0.21878934407319087,-0.10939467203659546
2015-09-16 21:40:00,62,0.0434389325071,0.0,0,-0.10949343682772288,-0.21898687365544575,-0.10949343682772289
2015-09-16 21:45:00,64,0.0434389325071,0.0,0,-0.10957611837406796,-0.21915223674813591,-0.10957611837406796
2015-09-16 21:55:00,66,0.0434389325071,0.0,0,-0.10964532639532422,-0.21929065279064844,-0.10964532639532422
2015-09-16 22:05:00,65,0.0434389325071,0.0,0,-0.10970324995242696,-0.21940649990485392,-0.10970324995242696
2015-09-16 22:14:00,57,0.0419460775466,0.0500000007451,0,-0.10975172441055477,-0.2195034488211095,-0.10975172441055475
2015-09-16 22:20:00,61,0.0419460775466,0.0,0,-0.10979228799693766,-0.21958457599387526,-0.10979228799693766
2015-09-16 22:25:00,58,0.0404881297941,0.0500000007451,0,-0.10982622949281798,-0.219652458985636,-0.10982622949281798
2015-09-16 22:30:00,62,0.0419460775466,0.0,0,-0.10985462839524666,-0.21970925679049333,-0.10985462839524666
2015-09-16 22:40:00,61,0.0412127598081,0.0250000003725,0,-0.1098783886998768,-0.2197567773997536,-0.1098783886998768
2015-09-16 22:45:00,63,0.0404881297941,0.0250000003725,0,-0.10989826729154456,-0.2197965345830891,-0.10989826729154455
2015-09-16 22:55:00,59,0.0397721479283,0.0250000003725,0,-0.10991489778485863,-0.2198297955697173,-0.10991489778485865
2015-09-16 23:10:00,64,0.0397721479283,0.0,0,-0.10992881053110083,-0.21985762106220166,-0.10992881053110082
2015-09-16 23:35:00,64,0.03906477423369999,0.0250000003725,0,-0.10994044939889597,-0.21988089879779196,-0.10994044939889597
2015-09-16 23:55:00,59,0.038365968330800006,0.0250000003725,0,-0.10995018584259596,-0.21990037168519194,-0.10995018584259597
2015-09-17 00:10:00,66,0.0397721479283,0.0,0,-0.10995833069235847,-0.21991666138471694,-0.10995833069235847
2015-09-17 00:45:00,63,0.0397721479283,0.0,0,-0.10996514403179744,-0.21993028806359488,-0.10996514403179744
2015-09-17 01:05:00,57,0.038365968330800006,0.10000000149,0,-0.10997084347125743,-0.21994168694251487,-0.10997084347125743
2015-09-17 01:40:00,56,0.0337107482322,0.17499999702,0,-0.10997561107579304,-0.21995122215158605,-0.10997561107579303
2015-09-17 01:55:00,53,0.0351345206795,0.375,0,-0.10997959916555347,-0.21995919833110694,-0.10997959916555348
2015-09-17 02:10:00,66,0.059611436969099985,0.800000011921,0,-0.10998293517136112,-0.21996587034272225,-0.10998293517136111
2015-09-17 02:50:00,61,0.059611436969099985,0.0250000003725,0,-0.10998572569886343,-0.21997145139772686,-0.10998572569886343
2015-09-17 03:20:00,56,0.0643849330619,0.125,0,-0.10998805992989501,-0.21997611985979,-0.10998805992989501
2015-09-17 04:35:00,58,0.0653683695212,0.0500000007451,0,-0.10999001246888546,-0.2199800249377709,-0.10999001246888546
2015-09-17 04:55:00,62,0.0643849330619,0.0,0,-0.10999164572468112,-0.21998329144936227,-0.10999164572468113
2015-09-17 05:10:00,64,0.0643849330619,0.0,0,-0.10999301190348568,-0.21998602380697135,-0.10999301190348569
2015-09-17 05:15:00,65,0.0643849330619,0.0,0,-0.10999415467632598,-0.219988309352652,-0.10999415467632598
2015-09-17 05:30:00,73,0.0624468870258,0.0500000007451,0,-0.10999511057413712,-0.21999022114827427,-0.10999511057413713
2015-09-17 05:35:00,63,0.0559632348511,0.0,0,-0.1099959101549179,-0.2199918203098358,-0.1099959101549179
2015-09-17 05:40:00,63,0.0435957699135,0.0,0,-0.10999657898016604,-0.21999315796033206,-0.10999657898016602
2015-09-17 05:45:00,66,0.0376756894869,0.0,0,-0.10999713843173738,-0.21999427686347475,-0.10999713843173738
2015-09-17 05:50:00,62,0.0383659683825,0.0,0,-0.10999760639519393,-0.21999521279038786,-0.10999760639519393
2015-09-17 05:55:00,72,0.0412127598081,0.0250000003725,0,-0.10999799783145156,-0.2199959956629031,-0.10999799783145155
2015-09-17 06:15:00,56,0.0404881297404,0.0750000029802,0,-0.10999832525497953,-0.21999665050995906,-0.10999832525497952
2015-09-17 06:20:00,52,0.0337107481374,0.25,0,-0.1099985991338226,-0.2199971982676452,-0.1099985991338226
2015-09-17 06:25:00,61,0.0330789821342,0.0250000003725,0,-0.1099988282242231,-0.2199976564484462,-0.1099988282242231
2015-09-17 06:30:00,51,0.0313579358882,0.17499999702,0,-0.10999901985053273,-0.21999803970106546,-0.10999901985053273
2015-09-17 06:40:00,64,0.0301640377998,0.0,0,-0.10999918013935747,-0.21999836027871494,-0.10999918013935749
2015-09-17 06:55:00,60,0.0301640377998,0.0,0,-0.10999931421541764,-0.21999862843083529,-0.10999931421541763
2015-09-17 07:00:00,59,0.0313579358882,0.0500000007451,0,-0.10999942636538193,-0.21999885273076386,-0.10999942636538193
2015-09-17 07:05:00,38,0.054195304160099995,0.774999976158,0,-0.10999952017491196,-0.21999904034982395,-0.10999952017491196
2015-09-17 07:10:00,53,0.09691993409610004,1.0,0,-0.10999959864329696,-0.21999919728659392,-0.10999959864329696
2015-09-17 07:15:00,56,0.10077259633199999,0.10000000149,0,-0.10999966427934324,-0.21999932855868648,-0.10999966427934324
2015-09-17 07:25:00,53,0.10207760283299999,0.10000000149,0,-0.10999971918158333,-0.21999943836316666,-0.10999971918158333
2015-09-17 07:35:00,68,0.089493327051,0.0,0,-0.1099997651053686,-0.2199995302107372,-0.10999976510536859
2015-09-17 07:40:00,56,0.09192777216430001,0.0750000029802,0,-0.10999980351899057,-0.2199996070379811,-0.10999980351899055
2015-09-17 07:45:00,62,0.083585549204,0.0,0,-0.10999983565062453,-0.21999967130124906,-0.10999983565062453
2015-09-17 07:50:00,65,0.083585549204,0.0,0,-0.10999986252759668,-0.21999972505519336,-0.10999986252759669
2015-09-17 07:55:00,61,0.083585549204,0.0,0,-0.10999988500922964,-0.2199997700184593,-0.10999988500922965
2015-09-17 08:00:00,64,0.0812932832481,0.0,0,-0.10999990381431672,-0.2199998076286334,-0.10999990381431671
2015-09-17 08:05:00,60,0.0507704762907,0.0,0,-0.1099999195441033,-0.2199998390882066,-0.1099999195441033
2015-09-17 08:10:00,58,0.0369938963091,0.0,0,-0.10999993270151008,-0.21999986540302016,-0.10999993270151008
2015-09-17 08:15:00,62,0.0397721478753,0.0,0,-0.11,-0.22,-0.11
2015-09-17 08:20:00,67,0.042688122130699994,0.0,0,-0.11,-0.22,-0.11
2015-09-17 08:25:00,61,0.042688122130699994,0.0,0,-0.11,-0.22,-0.11
2015-09-17 08:30:00,59,0.0449670033349,0.0,0,-0.11,-0.22,-0.11
2015-09-17 08:35:00,60,0.0449670033349,0.0,0,-0.11,-0.22,-0.11
2015-09-17 08:40:00,59,0.0449670033349,0.0,0,-0.11,-0.22,-0.11
2015-09-17 08:45:00,59,0.0449670033349,0.0,0,-0.11,-0.22,-0.11
2015-09-17 08:50:00,63,0.0449670033349,0.0,0,-0.11,-0.22,-0.11
2015-09-17 08:55:00,55,0.0441985468931,0.0250000003725,0,-0.11,-0.22,-0.11
2015-09-17 09:00:00,54,0.0426881221863,0.0500000007451,0,-0.11,-0.22,-0.11
2015-09-17 09:05:00,64,0.0426881221863,0.0,0,-0.11,-0.22,-0.11
2015-09-17 09:10:00,63,0.0426881221863,0.0,0,-0.11,-0.22,-0.11
2015-09-17 09:15:00,67,0.0426881221863,0.0,0,-0.11,-0.22,-0.11
2015-09-17 09:20:00,62,0.0426881221863,0.0,0,-0.11,-0.22,-0.11
2015-09-17 09:25:00,67,0.0426881221863,0.0,0,-0.11,-0.22,-0.11
2015-09-17 09:30:00,65,0.0426881221863,0.0,0,-0.11,-0.22,-0.11
2015-09-17 09:35:00,63,0.0426881221863,0.0,0,-0.11,-0.22,-0.11
2015-09-17 09:40:00,61,0.0426881221863,0.0,0,-0.11,-0.22,-0.11
2015-09-17 09:45:00,69,0.0434389325071,0.0,0,-0.11,-0.22,-0.11
2015-09-17 09:50:00,65,0.0449670033349,0.0,0,-0.11,-0.22,-0.11
2015-09-17 09:55:00,63,0.0449670033349,0.0,0,-0.11,-0.22,-0.11
2015-09-17 10:00:00,65,0.0449670033349,0.0,0,-0.11,-0.22,-0.11
2015-09-17 10:05:00,71,0.0449670033349,0.0,0,-0.11,-0.22,-0.11
2015-09-17 10:10:00,66,0.0449670033349,0.0,0,-0.11,-0.22,-0.11
2015-09-17 10:15:00,64,0.0449670033349,0.0,0,-0.11,-0.22,-0.11
2015-09-17 10:20:00,61,0.0449670033349,0.0,0,-0.11,-0.22,-0.11
2015-09-17 10:25:00,65,0.0449670033349,0.0,0,-0.11,-0.22,-0.11
2015-09-17 10:30:00,65,0.0449670033349,0.0,0,-0.11,-0.22,-0.11
2015-09-17 10:35:00,62,0.0449670033349,0.0,0,-0.11,-0.22,-0.11
2015-09-17 10:45:00,64,0.0449670033349,0.0,0,-0.11,-0.22,-0.11
2015-09-17 10:50:00,61,0.0449670033349,0.0,0,-0.11,-0.22,-0.11
2015-09-17 10:55:00,59,0.0449670033349,0.0,0,-0.11,-0.22,-0.11
2015-09-17 11:00:00,64,0.0449670033349,0.0,0,-0.11,-0.22,-0.11
2015-09-17 11:05:00,55,0.0449670033349,0.0,0,-0.11,-0.22,-0.11
2015-09-17 11:10:00,62,0.0449670033349,0.0,0,-0.11,-0.22,-0.11
2015-09-17 11:15:00,61,0.0449670033349,0.0,0,-0.11,-0.22,-0.11
2015-09-17 11:20:00,66,0.0449670033349,0.0,0,-0.11,-0.22,-0.11
2015-09-17 11:25:00,61,0.0449670033349,0.0,0,-0.11,-0.22,-0.11
2015-09-17 11:30:00,69,0.0449670033349,0.0,0,-0.11,-0.22,-0.11
2015-09-17 11:35:00,66,0.0449670033349,0.0,0,-0.11,-0.22,-0.11
2015-09-17 11:40:00,68,0.0449670033349,0.0,0,-0.11,-0.22,-0.11
2015-09-17 11:45:00,69,0.0449670033349,0.0,0,-0.11,-0.22,-0.11
2015-09-17 11:50:00,66,0.04538429662880001,0.0,0,-0.11,-0.22,-0.11
2015-09-17 11:55:00,66,0.04538429662880001,0.0,0,-0.11,-0.22,-0.11
2015-09-17 12:00:00,64,0.04538429662880001,0.0,0,-0.11,-0.22,-0.11
2015-09-17 12:05:00,63,0.04538429662880001,0.0,0,-0.11,-0.22,-0.11
2015-09-17 12:10:00,68,0.04538429662880001,0.0,0,-0.11,-0.22,-0.11
2015-09-17 12:20:00,62,0.04538429662880001,0.0,0,-0.11,-0.22,-0.11
2015-09-17 12:25:00,66,0.04538429662880001,0.0,0,-0.11,-0.22,-0.11
2015-09-17 12:30:00,71,0.04538429662880001,0.0,0,-0.11,-0.22,-0.11
2015-09-17 12:35:00,67,0.04538429662880001,0.0,0,-0.11,-0.22,-0.11
2015-09-17 12:40:00,66,0.04538429662880001,0.0,0,-0.11,-0.22,-0.11
2015-09-17 12:45:00,62,0.04538429662880001,0.0,0,-0.11,-0.22,-0.11
2015-09-17 12:50:00,62,0.04538429662880001,0.0,0,-0.11,-0.22,-0.11
2015-09-17 12:55:00,62,0.04538429662880001,0.0,0,-0.11,-0.22,-0.11
2015-09-17 13:00:00,59,0.04538429662880001,0.0,0,-0.11,-0.22,-0.11
2015-09-17 13:05:00,56,0.04538429662880001,0.0,0,-0.11,-0.22,-0.11
2015-09-17 13:10:00,41,0.0335351422193,0.675000011921,0,-0.11,-0.22,-0.11
2015-09-17 13:15:00,63,0.0674424748575,1.0,0,-0.11,-0.22,-0.11
2015-09-17 13:20:00,46,0.079608448618,0.27500000596,0,-0.11,-0.22,-0.11
2015-09-17 13:25:00,47,0.0905333006336,0.22499999403999998,0,-0.11,-0.22,-0.11
2015-09-17 13:30:00,63,0.0905333006336,0.0,0,-0.11,-0.22,-0.11
2015-09-17 13:35:00,50,0.09698809951210001,0.125,0,-0.11,-0.22,-0.11
2015-09-17 13:40:00,46,0.112175523912,0.27500000596,0,-0.11,-0.22,-0.11
2015-09-17 13:45:00,33,0.155359513662,0.675000011921,0,-0.11,-0.22,-0.11
2015-09-17 13:50:00,23,0.235332249479,1.0,0,-0.11,-0.22,-0.11
2015-09-17 13:55:00,26,0.335074496503,1.0,0,-0.11,-0.22,-0.11
2015-09-17 14:00:00,19,0.371836625718,1.0,0,-0.11,-0.22,-0.11
2015-09-17 14:05:00,27,0.371836625718,1.0,0,-0.11,-0.22,-0.11
