timestamp,value,anomaly_score,label,S(t)_standard,S(t)_reward_low_FP_rate,S(t)_reward_low_FN_rate
2013-10-09 16:25:00,9926554.0,0.0007132726456102745,0,-0.11,-0.22,-0.11
2013-10-09 16:30:00,50745578.0,0.9963589847875468,0,-0.11,-0.22,-0.11
2013-10-09 16:35:00,61519397.0,0.9858894685872336,0,-0.11,-0.22,-0.11
2013-10-09 16:40:00,55996401.0,0.9802207733865558,0,-0.11,-0.22,-0.11
2013-10-09 16:45:00,40876988.0,1.005138516718239,0,-0.11,-0.22,-0.11
2013-10-09 16:50:00,27578939.0,0.9807548804464354,0,-0.11,-0.22,-0.11
2013-10-09 16:55:00,21556437.0,0.993527394457946,0,-0.11,-0.22,-0.11
2013-10-09 17:00:00,17440444.6,0.9914618656829648,0,-0.11,-0.22,-0.11
2013-10-09 17:05:00,15573374.0,0.9957511647471524,0,-0.11,-0.22,-0.11
2013-10-09 17:10:00,16861197.6,0.9934413391589444,0,-0.11,-0.22,-0.11
2013-10-09 17:15:00,15478144.6,0.9970222850214444,0,-0.11,-0.22,-0.11
2013-10-09 17:20:00,13678676.6,0.9966983114792112,0,-0.11,-0.22,-0.11
2013-10-09 17:25:00,11499313.8,0.9920724651706436,0,-0.11,-0.22,-0.11
2013-10-09 17:30:00,12124202.8,0.9900024678561256,0,-0.11,-0.22,-0.11
2013-10-09 17:35:00,9052782.8,1.00139532155348,0,-0.11,-0.22,-0.11
2013-10-09 17:40:00,8203117.2,0.989942757802752,0,-0.11,-0.22,-0.11
2013-10-09 17:45:00,8309003.0,0.9961507691438156,0,-0.11,-0.22,-0.11
2013-10-09 17:50:00,7288143.8,0.9893444037943004,0,-0.11,-0.22,-0.11
2013-10-09 17:55:00,8049176.2,0.9930214127171768,0,-0.11,-0.22,-0.11
2013-10-09 18:00:00,7444835.6,0.9909785407245691,0,-0.11,-0.22,-0.11
2013-10-09 18:05:00,6954155.4,0.992694623788888,0,-0.11,-0.22,-0.11
2013-10-09 18:10:00,7231045.0,0.995860924006878,0,-0.11,-0.22,-0.11
2013-10-09 18:15:00,8040165.8,0.9885968070211466,0,-0.11,-0.22,-0.11
2013-10-09 18:20:00,8041010.6,0.9907735609133504,0,-0.11,-0.22,-0.11
2013-10-09 18:25:00,8631127.0,0.9849929687498956,0,-0.11,-0.22,-0.11
2013-10-09 18:30:00,10871151.8,0.9858497113543891,0,-0.11,-0.22,-0.11
2013-10-09 18:35:00,12124409.6,0.9895014841292772,0,-0.11,-0.22,-0.11
2013-10-09 18:40:00,13318374.8,0.9944487977319968,0,-0.11,-0.22,-0.11
2013-10-09 18:45:00,13666994.4,0.9912236449474928,0,-0.11,-0.22,-0.11
2013-10-09 18:50:00,14298954.0,0.9945621456855972,0,-0.11,-0.22,-0.11
2013-10-09 18:55:00,12679300.0,1.0002241580182474,0,-0.11,-0.22,-0.11
2013-10-09 19:00:00,13892004.8,0.9967728814080536,0,-0.11,-0.22,-0.11
2013-10-09 19:05:00,14145179.8,0.9857549561381836,0,-0.11,-0.22,-0.11
2013-10-09 19:10:00,13505345.2,0.989880878479298,0,-0.11,-0.22,-0.11
2013-10-09 19:15:00,12603028.8,0.9807366846738406,0,-0.11,-0.22,-0.11
2013-10-09 19:20:00,12435453.8,0.9943451394458354,0,-0.11,-0.22,-0.11
2013-10-09 19:25:00,12193640.4,0.9912005190168792,0,-0.11,-0.22,-0.11
2013-10-09 19:30:00,11542288.0,0.9932776937631436,0,-0.11,-0.22,-0.11
2013-10-09 19:35:00,11432968.6,0.9803849720825304,0,-0.11,-0.22,-0.11
2013-10-09 19:40:00,12384512.2,1.0000759733983529,0,-0.11,-0.22,-0.11
2013-10-09 19:45:00,11534099.6,0.9890658396666532,0,-0.11,-0.22,-0.11
2013-10-09 19:50:00,14190782.8,0.9874829553597212,0,-0.11,-0.22,-0.11
2013-10-09 19:55:00,10355034.8,0.988250026180156,0,-0.11,-0.22,-0.11
2013-10-09 20:00:00,11658785.8,0.9857254350823784,0,-0.11,-0.22,-0.11
2013-10-09 20:05:00,11139206.8,0.9849222569459408,0,-0.11,-0.22,-0.11
2013-10-09 20:10:00,8083117.8,0.9898230583433364,0,-0.11,-0.22,-0.11
2013-10-09 20:15:00,8599227.6,0.9927935447465324,0,-0.11,-0.22,-0.11
2013-10-09 20:20:00,9273135.2,0.9870296801980304,0,-0.11,-0.22,-0.11
2013-10-09 20:25:00,10097324.2,0.9833948584486468,0,-0.11,-0.22,-0.11
2013-10-09 20:30:00,7103913.6,0.9977968320592356,0,-0.11,-0.22,-0.11
2013-10-09 20:35:00,6885343.0,0.9960901056103264,0,-0.11,-0.22,-0.11
2013-10-09 20:40:00,9448017.6,0.9879987926899492,0,-0.11,-0.22,-0.11
2013-10-09 20:45:00,9151835.2,0.9873378441374648,0,-0.11,-0.22,-0.11
2013-10-09 20:50:00,7744279.8,0.9903456100338156,0,-0.11,-0.22,-0.11
2013-10-09 20:55:00,8781789.8,0.991761416470584,0,-0.11,-0.22,-0.11
2013-10-09 21:00:00,8182947.4,0.9891306688242943,0,-0.11,-0.22,-0.11
2013-10-09 21:05:00,8303328.2,0.9852743991008128,0,-0.11,-0.22,-0.11
2013-10-09 21:10:00,7031833.4,0.983703840106628,0,-0.11,-0.22,-0.11
2013-10-09 21:15:00,8185888.6,0.9889051061317192,0,-0.11,-0.22,-0.11
2013-10-09 21:20:00,8057902.0,0.9856553409230108,0,-0.11,-0.22,-0.11
2013-10-09 21:25:00,7633338.0,0.9860458289954588,0,-0.11,-0.22,-0.11
2013-10-09 21:30:00,6917495.8,0.9897958613801068,0,-0.11,-0.22,-0.11
2013-10-09 21:35:00,6870317.0,0.9922492093941754,0,-0.11,-0.22,-0.11
2013-10-09 21:40:00,7294645.6,0.9900445626532758,0,-0.11,-0.22,-0.11
2013-10-09 21:45:00,5611490.2,0.9916868090795304,0,-0.11,-0.22,-0.11
2013-10-09 21:50:00,6072482.4,0.9887749953205268,0,-0.11,-0.22,-0.11
2013-10-09 21:55:00,5285099.8,0.9929955401677144,0,-0.11,-0.22,-0.11
2013-10-09 22:00:00,6168137.2,0.987086883609838,0,-0.11,-0.22,-0.11
2013-10-09 22:05:00,5984117.8,0.9933205585919666,0,-0.11,-0.22,-0.11
2013-10-09 22:10:00,5378818.4,0.9918928108404896,0,-0.11,-0.22,-0.11
2013-10-09 22:15:00,4649463.4,0.9909843654253686,0,-0.11,-0.22,-0.11
2013-10-09 22:20:00,4785452.6,0.9884212263023728,0,-0.11,-0.22,-0.11
2013-10-09 22:25:00,3547037.6,0.9917731076126404,0,-0.11,-0.22,-0.11
2013-10-09 22:30:00,4001507.2,0.9908170742418916,0,-0.11,-0.22,-0.11
2013-10-09 22:35:00,3605455.2,0.9844912563201564,0,-0.11,-0.22,-0.11
2013-10-09 22:40:00,3690194.0,0.9894428679482492,0,-0.11,-0.22,-0.11
2013-10-09 22:45:00,3352156.8,0.988981327131476,0,-0.11,-0.22,-0.11
2013-10-09 22:50:00,3301986.2,0.9903197546965484,0,-0.11,-0.22,-0.11
2013-10-09 22:55:00,3269069.2,0.9910312133258112,0,-0.11,-0.22,-0.11
2013-10-09 23:00:00,3290852.4,0.9921542833593179,0,-0.11,-0.22,-0.11
2013-10-09 23:05:00,1511772.6,0.9835634089171164,0,-0.11,-0.22,-0.11
2013-10-09 23:10:00,1361081.2,0.9876449046801656,0,-0.11,-0.22,-0.11
2013-10-09 23:15:00,1313713.0,0.9858099613939592,0,-0.11,-0.22,-0.11
2013-10-09 23:20:00,2147718.8,0.9907101378788988,0,-0.11,-0.22,-0.11
2013-10-09 23:25:00,1998864.2,0.99155927840327,0,-0.11,-0.22,-0.11
2013-10-09 23:30:00,1534170.4,0.9862495839003312,0,-0.11,-0.22,-0.11
2013-10-09 23:35:00,978077.0,0.9930340913165272,0,-0.11,-0.22,-0.11
2013-10-09 23:40:00,974482.6,0.993534516007355,0,-0.11,-0.22,-0.11
2013-10-09 23:45:00,1120244.0,0.992861436715112,0,-0.11,-0.22,-0.11
2013-10-09 23:50:00,1041381.4,0.9950662889550024,0,-0.11,-0.22,-0.11
2013-10-09 23:55:00,1315852.8,0.9875575304173698,0,-0.11,-0.22,-0.11
2013-10-10 00:00:00,1663223.0,0.9882240060512814,0,-0.11,-0.22,-0.11
2013-10-10 00:05:00,881168.6,0.9904139697646956,0,-0.11,-0.22,-0.11
2013-10-10 00:10:00,864271.8,0.9894951673258676,0,-0.11,-0.22,-0.11
2013-10-10 00:15:00,831722.8,0.9880124570077452,0,-0.11,-0.22,-0.11
2013-10-10 00:20:00,1025884.6,0.9883408854099622,0,-0.11,-0.22,-0.11
2013-10-10 00:25:00,1056338.6,0.9836596337617256,0,-0.11,-0.22,-0.11
2013-10-10 00:30:00,1342641.2,0.9932725695291286,0,-0.11,-0.22,-0.11
2013-10-10 00:35:00,901321.4,0.9875287278589876,0,-0.11,-0.22,-0.11
2013-10-10 00:40:00,994254.0,0.989808173355454,0,-0.11,-0.22,-0.11
2013-10-10 00:45:00,995340.2,0.9909948974508828,0,-0.11,-0.22,-0.11
2013-10-10 00:50:00,1042389.8,0.9869758939376426,0,-0.11,-0.22,-0.11
2013-10-10 00:55:00,1468524.8,0.9893646981229954,0,-0.11,-0.22,-0.11
2013-10-10 01:00:00,1874774.4,0.9898745311905374,0,-0.11,-0.22,-0.11
2013-10-10 01:05:00,1068452.6,0.993098198723586,0,-0.11,-0.22,-0.11
2013-10-10 01:10:00,997374.4,0.99274690055618,0,-0.11,-0.22,-0.11
2013-10-10 01:15:00,1185431.8,0.9929805632907808,0,-0.11,-0.22,-0.11
2013-10-10 01:20:00,1253500.4,0.9910646212959688,0,-0.11,-0.22,-0.11
2013-10-10 01:25:00,1019610.0,0.9891111745072048,0,-0.11,-0.22,-0.11
2013-10-10 01:30:00,1467012.8,0.9935495046901494,0,-0.11,-0.22,-0.11
2013-10-10 01:35:00,889605.0,0.9863657036479744,0,-0.11,-0.22,-0.11
2013-10-10 01:40:00,825968.8,0.9950766359893862,0,-0.11,-0.22,-0.11
2013-10-10 01:45:00,944624.6,0.9900466942247974,0,-0.11,-0.22,-0.11
2013-10-10 01:50:00,1014397.6,0.9897829864242832,0,-0.11,-0.22,-0.11
2013-10-10 01:55:00,985993.2,0.9890139038482424,0,-0.11,-0.22,-0.11
2013-10-10 02:00:00,1556147.0,0.9921426520522312,0,-0.11,-0.22,-0.11
2013-10-10 02:05:00,918924.2,0.9893344452289008,0,-0.11,-0.22,-0.11
2013-10-10 02:10:00,946216.0,0.9903073277683452,0,-0.11,-0.22,-0.11
2013-10-10 02:15:00,1203311.6,0.9904958538198064,0,-0.11,-0.22,-0.11
2013-10-10 02:20:00,818717.8,0.9897796078795208,0,-0.11,-0.22,-0.11
2013-10-10 02:25:00,1271861.4,0.990748570695264,0,-0.11,-0.22,-0.11
2013-10-10 02:30:00,1249426.0,0.9871607024675021,0,-0.11,-0.22,-0.11
2013-10-10 02:35:00,959763.2,0.9872069404159208,0,-0.11,-0.22,-0.11
2013-10-10 02:40:00,894922.6,0.9899458990281524,0,-0.11,-0.22,-0.11
2013-10-10 02:45:00,1035031.6,0.9903646827545536,0,-0.11,-0.22,-0.11
2013-10-10 02:50:00,1291079.8,0.9908523670662928,0,-0.11,-0.22,-0.11
2013-10-10 02:55:00,1066712.6,0.9902739184228602,0,-0.11,-0.22,-0.11
2013-10-10 03:00:00,2790829.8,0.9889688003636514,0,-0.11,-0.22,-0.11
2013-10-10 03:05:00,2466770.6,0.9900414627745888,0,-0.11,-0.22,-0.11
2013-10-10 03:10:00,3168191.8,0.9899414075410436,0,-0.11,-0.22,-0.11
2013-10-10 03:15:00,1362582.2,0.9910258149425022,0,-0.11,-0.22,-0.11
2013-10-10 03:20:00,1203811.0,0.9939478018519884,0,-0.11,-0.22,-0.11
2013-10-10 03:25:00,892913.2,0.9910587027096618,0,-0.11,-0.22,-0.11
2013-10-10 03:30:00,1422962.0,0.990390273210996,0,-0.11,-0.22,-0.11
2013-10-10 03:35:00,1272848.0,0.991306895874522,0,-0.11,-0.22,-0.11
2013-10-10 03:40:00,1383750.2,0.9870273466629564,0,-0.11,-0.22,-0.11
2013-10-10 03:45:00,973746.4,0.9891489682970446,0,-0.11,-0.22,-0.11
2013-10-10 03:50:00,1240975.6,0.9909689930121292,0,-0.11,-0.22,-0.11
2013-10-10 03:55:00,1022294.6,0.992284270327754,0,-0.11,-0.22,-0.11
2013-10-10 04:00:00,1794335.0,0.992629676505907,0,-0.11,-0.22,-0.11
2013-10-10 04:05:00,1261058.8,0.9917323165378776,0,-0.11,-0.22,-0.11
2013-10-10 04:10:00,1260534.4,0.9905694314279198,0,-0.11,-0.22,-0.11
2013-10-10 04:15:00,1064257.4,0.9859055736883012,0,-0.11,-0.22,-0.11
2013-10-10 04:20:00,1027933.8,0.9873436097042748,0,-0.11,-0.22,-0.11
2013-10-10 04:25:00,959238.6,0.990860741528532,0,-0.11,-0.22,-0.11
2013-10-10 04:30:00,955490.2,0.9884792541755592,0,-0.11,-0.22,-0.11
2013-10-10 04:35:00,1219726.6,0.9905753510978978,0,-0.11,-0.22,-0.11
2013-10-10 04:40:00,944099.2,0.9918854897405864,0,-0.11,-0.22,-0.11
2013-10-10 04:45:00,789781.0,0.9908340477922484,0,-0.11,-0.22,-0.11
2013-10-10 04:50:00,1506217.2,0.9913828426505832,0,-0.11,-0.22,-0.11
2013-10-10 04:55:00,1009633.4,0.9895306965292328,0,-0.11,-0.22,-0.11
2013-10-10 05:00:00,1910032.4,0.9876746986650332,0,-0.11,-0.22,-0.11
2013-10-10 05:05:00,1004299.4,0.990240655807555,0,-0.11,-0.22,-0.11
2013-10-10 05:10:00,800122.2,0.9909342660759574,0,-0.11,-0.22,-0.11
2013-10-10 05:15:00,1414346.8,0.9907133537326996,0,-0.11,-0.22,-0.11
2013-10-10 05:20:00,1114365.6,0.9924377259547368,0,-0.11,-0.22,-0.11
2013-10-10 05:25:00,1222933.0,0.9907274806824186,0,-0.11,-0.22,-0.11
2013-10-10 05:30:00,1177306.6,0.9913952389941731,0,-0.11,-0.22,-0.11
2013-10-10 05:35:00,936231.0,0.9930420125417394,0,-0.11,-0.22,-0.11
2013-10-10 05:40:00,1086114.8,0.9891769869169366,0,-0.11,-0.22,-0.11
2013-10-10 05:45:00,865114.8,0.9890620921802958,0,-0.11,-0.22,-0.11
2013-10-10 05:50:00,1058657.6,0.9916620736686445,0,-0.11,-0.22,-0.11
2013-10-10 05:55:00,1002185.8,0.9901218787612908,0,-0.11,-0.22,-0.11
2013-10-10 06:00:00,1487688.6,0.9906007426318056,0,-0.11,-0.22,-0.11
2013-10-10 06:05:00,1031687.8,0.9884233484890402,0,-0.11,-0.22,-0.11
2013-10-10 06:10:00,821456.4,0.9901884379753824,0,-0.11,-0.22,-0.11
2013-10-10 06:15:00,898685.4,0.9896566484800132,0,-0.11,-0.22,-0.11
2013-10-10 06:20:00,920632.8,0.9889331088202324,0,-0.11,-0.22,-0.11
2013-10-10 06:25:00,1260650.8,0.9908263345584608,0,-0.11,-0.22,-0.11
2013-10-10 06:30:00,1028933.8,0.9888769949377004,0,-0.11,-0.22,-0.11
2013-10-10 06:35:00,792172.0,0.9903725517959082,0,-0.11,-0.22,-0.11
2013-10-10 06:40:00,936512.8,0.9907066173493224,0,-0.11,-0.22,-0.11
2013-10-10 06:45:00,1188596.2,0.9908176608284416,0,-0.11,-0.22,-0.11
2013-10-10 06:50:00,1166070.0,0.9889526572849318,0,-0.11,-0.22,-0.11
2013-10-10 06:55:00,924183.8,0.9909919465832971,0,-0.11,-0.22,-0.11
2013-10-10 07:00:00,1702998.0,0.991629300787102,0,-0.11,-0.22,-0.11
2013-10-10 07:05:00,2861705.2,0.9921239415825112,0,-0.11,-0.22,-0.11
2013-10-10 07:10:00,1146903.4,0.9890879129962532,0,-0.11,-0.22,-0.11
2013-10-10 07:15:00,1051866.2,0.9907220059430528,0,-0.11,-0.22,-0.11
2013-10-10 07:20:00,1196833.4,0.990732021376036,0,-0.11,-0.22,-0.11
2013-10-10 07:25:00,1439759.4,0.9874392634668276,0,-0.11,-0.22,-0.11
2013-10-10 07:30:00,1084365.8,0.9923305429568612,0,-0.11,-0.22,-0.11
2013-10-10 07:35:00,1227197.8,0.9901591711603276,0,-0.11,-0.22,-0.11
2013-10-10 07:40:00,951286.8,0.9894574141480452,0,-0.11,-0.22,-0.11
2013-10-10 07:45:00,909773.0,0.9893128986272648,0,-0.11,-0.22,-0.11
2013-10-10 07:50:00,1673980.6,0.9877911343679141,0,-0.11,-0.22,-0.11
2013-10-10 07:55:00,1239774.4,0.9907874181946742,0,-0.11,-0.22,-0.11
2013-10-10 08:00:00,1623926.4,0.9921737303412164,0,-0.11,-0.22,-0.11
2013-10-10 08:05:00,1899871.8,0.9901962435858336,0,-0.11,-0.22,-0.11
2013-10-10 08:10:00,1061869.4,0.991060226744865,0,-0.11,-0.22,-0.11
2013-10-10 08:15:00,1169978.4,0.9901807476793276,0,-0.11,-0.22,-0.11
2013-10-10 08:20:00,1309258.8,0.9908237609754408,0,-0.11,-0.22,-0.11
2013-10-10 08:25:00,1400611.4,0.9891268657182642,0,-0.11,-0.22,-0.11
2013-10-10 08:30:00,1478794.0,0.98928385218148,0,-0.11,-0.22,-0.11
2013-10-10 08:35:00,1154915.6,0.9921425867271788,0,-0.11,-0.22,-0.11
2013-10-10 08:40:00,1119468.6,0.9902832705645556,0,-0.11,-0.22,-0.11
2013-10-10 08:45:00,1315528.4,0.9895976595769412,0,-0.11,-0.22,-0.11
2013-10-10 08:50:00,1316311.2,0.99148225966419,0,-0.11,-0.22,-0.11
2013-10-10 08:55:00,1252876.6,0.9914462989878672,0,-0.11,-0.22,-0.11
2013-10-10 09:00:00,1611319.6,0.9897599739143056,0,-0.11,-0.22,-0.11
2013-10-10 09:05:00,1874347.2,0.9894960957449188,0,-0.11,-0.22,-0.11
2013-10-10 09:10:00,7734377.8,0.9908433998170536,0,-0.11,-0.22,-0.11
2013-10-10 09:15:00,21326575.6,0.9901537254854024,0,-0.11,-0.22,-0.11
2013-10-10 09:20:00,34239448.6,0.9910122902498246,0,-0.11,-0.22,-0.11
2013-10-10 09:25:00,39717876.0,0.990797188775634,0,-0.11,-0.22,-0.11
2013-10-10 09:30:00,41614284.6,0.9896619031610748,0,-0.11,-0.22,-0.11
2013-10-10 09:35:00,46141497.6,0.9879329278807572,0,-0.11,-0.22,-0.11
2013-10-10 09:40:00,36632762.0,0.9889493239567329,0,-0.11,-0.22,-0.11
2013-10-10 09:45:00,22884266.2,0.9902276268953254,0,-0.11,-0.22,-0.11
2013-10-10 09:50:00,18195488.2,0.9896310548241825,0,-0.11,-0.22,-0.11
2013-10-10 09:55:00,14726156.8,0.9895707188264458,0,-0.11,-0.22,-0.11
2013-10-10 10:00:00,13021075.2,0.9895452013832416,0,-0.11,-0.22,-0.11
2013-10-10 10:05:00,12199362.0,0.9892353266112162,0,-0.11,-0.22,-0.11
2013-10-10 10:10:00,10825948.6,0.9918698124503084,0,-0.11,-0.22,-0.11
2013-10-10 10:15:00,9548127.6,0.9911961793815112,0,-0.11,-0.22,-0.11
2013-10-10 10:20:00,8109072.2,0.99150103708681,0,-0.11,-0.22,-0.11
2013-10-10 10:25:00,8925800.4,0.9906726794184548,0,-0.11,-0.22,-0.11
2013-10-10 10:30:00,7765588.0,0.990733243852616,0,-0.11,-0.22,-0.11
2013-10-10 10:35:00,6306836.6,0.9893580499636664,1,1.0,1.0,1.0
2013-10-10 10:40:00,6912175.4,0.9895070273662236,1,0.9988874626029411,0.9988874626029411,0.9988874626029413
2013-10-10 10:45:00,8497172.4,0.9900644289785367,1,0.9976844152769112,0.9976844152769112,0.9976844152769113
2013-10-10 10:50:00,9570483.4,0.9877539449803612,1,0.9963836172977596,0.9963836172977596,0.9963836172977597
2013-10-10 10:55:00,10766459.6,0.9899398934784168,1,0.9949772695718712,0.9949772695718712,0.9949772695718713
2013-10-10 11:00:00,11728221.2,0.9891731956382256,1,0.9934569751414049,0.9934569751414049,0.9934569751414049
2013-10-10 11:05:00,12230082.2,0.9915763305656392,1,0.9918136975133393,0.9918136975133393,0.9918136975133391
2013-10-10 11:10:00,12685043.6,0.9901523868087476,1,0.990037716805386,0.990037716805386,0.990037716805386
2013-10-10 11:15:00,13446408.0,0.990255741245472,1,0.9881185837274016,0.9881185837274016,0.9881185837274016
2013-10-10 11:20:00,13995080.6,0.989918308182795,1,0.9860450714481678,0.9860450714481678,0.9860450714481678
2013-10-10 11:25:00,14218029.8,0.9900380054069342,1,0.9838051254352488,0.9838051254352488,0.9838051254352488
2013-10-10 11:30:00,13467919.2,0.9890488027946224,1,0.9813858114009484,0.9813858114009484,0.9813858114009483
2013-10-10 11:35:00,13460836.0,0.991513777458904,1,0.9787732615413042,0.9787732615413042,0.978773261541304
2013-10-10 11:40:00,13809836.0,0.9890230501101808,1,0.9759526193186012,0.9759526193186012,0.9759526193186012
2013-10-10 11:45:00,14009019.0,0.989266511838761,1,0.9729079831123338,0.9729079831123338,0.9729079831123338
2013-10-10 11:50:00,13084023.6,0.9900844501567844,1,0.9696223491500444,0.9696223491500444,0.9696223491500445
2013-10-10 11:55:00,12709564.2,0.9892950160509152,1,0.9660775542293956,0.9660775542293956,0.9660775542293957
2013-10-10 12:00:00,12814870.4,0.9899469254871304,1,0.9622542188573336,0.9622542188573336,0.9622542188573335
2013-10-10 12:05:00,11877359.0,0.9905640394307968,1,0.9581316915625562,0.9581316915625562,0.9581316915625562
2013-10-10 12:10:00,11696078.2,0.9897192839646424,1,0.9536879952847572,0.9536879952847572,0.9536879952847571
2013-10-10 12:15:00,11996982.8,0.9894777623560774,1,0.9488997769091174,0.9488997769091174,0.9488997769091174
2013-10-10 12:20:00,11997259.8,0.9901938137223348,1,0.9437422611978667,0.9437422611978667,0.9437422611978669
2013-10-10 12:25:00,11376455.0,0.9905719701988256,1,0.938189210572483,0.938189210572483,0.938189210572483
2013-10-10 12:30:00,11210009.4,0.9898201730628354,1,0.9322128924197752,0.9322128924197752,0.9322128924197753
2013-10-10 12:35:00,9479133.6,0.9905073401586092,1,0.9257840558314056,0.9257840558314056,0.9257840558314056
2013-10-10 12:40:00,8772188.6,0.9892419303915202,1,0.9188719199369824,0.9188719199369824,0.9188719199369824
2013-10-10 12:45:00,7232056.8,0.9893096394432448,1,0.9114441762521828,0.9114441762521828,0.9114441762521828
2013-10-10 12:50:00,5023842.2,0.9903976223309569,1,0.9034670077302146,0.9034670077302146,0.9034670077302146
2013-10-10 12:55:00,4625737.4,0.9917291072237394,1,0.894905127470338,0.894905127470338,0.894905127470338
2013-10-10 13:00:00,4001864.8,0.9894884186042434,1,0.8857218402919231,0.8857218402919231,0.8857218402919231
2013-10-10 13:05:00,3590778.4,0.990111710137226,1,0.8758791306149394,0.8758791306149394,0.8758791306149394
2013-10-10 13:10:00,3459420.2,0.9914458689583702,1,0.8653377802834321,0.8653377802834321,0.8653377802834321
2013-10-10 13:15:00,4111032.6,0.9894905185889441,1,0.8540575201099341,0.8540575201099341,0.854057520109934
2013-10-10 13:20:00,4421097.4,0.990574927953105,1,0.8419972189854174,0.8419972189854174,0.8419972189854174
2013-10-10 13:25:00,4455026.0,0.9891163223768176,1,0.8291151143676492,0.8291151143676492,0.8291151143676492
2013-10-10 13:30:00,7491621.6,0.9908737164109376,1,0.8153690878042898,0.8153690878042898,0.8153690878042898
2013-10-10 13:35:00,6655292.6,0.9894551492445868,1,0.8007169888371286,0.8007169888371286,0.8007169888371286
2013-10-10 13:40:00,5443550.2,0.9885580678358554,1,0.7851170101404976,0.7851170101404976,0.7851170101404976
2013-10-10 13:45:00,6155358.2,0.9911575782483044,1,0.7685281160402224,0.7685281160402224,0.7685281160402224
2013-10-10 13:50:00,6492683.4,0.9909393868891668,1,0.7509105256113747,0.7509105256113747,0.7509105256113747
2013-10-10 13:55:00,6950044.0,0.9904327524187484,1,0.732226250339838,0.732226250339838,0.732226250339838
2013-10-10 14:00:00,6841478.0,0.9903452735375108,1,0.7124396848376816,0.7124396848376816,0.7124396848376816
2013-10-10 14:05:00,6484278.0,0.9900799825713298,1,0.6915182473196357,0.6915182473196357,0.6915182473196357
2013-10-10 14:10:00,6224288.0,0.9903234473940484,1,0.669433064486017,0.669433064486017,0.669433064486017
2013-10-10 14:15:00,6695084.8,0.990852083362218,1,0.6461596931430065,0.6461596931430065,0.6461596931430065
2013-10-10 14:20:00,6520807.0,0.9902344926880358,1,0.6216788683729793,0.6216788683729793,0.6216788683729793
2013-10-10 14:25:00,4169085.8,0.9903589739284568,1,0.5959772654194646,0.5959772654194646,0.5959772654194646
2013-10-10 14:30:00,3935875.6,0.9909340269413416,1,0.5690482597740832,0.5690482597740832,0.5690482597740832
2013-10-10 14:35:00,3871600.0,0.9890847019338768,1,0.5408926673744606,0.5408926673744606,0.5408926673744606
2013-10-10 14:40:00,4002291.2,0.9909627481167528,1,0.511519444495621,0.511519444495621,0.511519444495621
2013-10-10 14:45:00,3947186.2,0.9901161772088314,1,0.4809463250155622,0.4809463250155622,0.4809463250155622
2013-10-10 14:50:00,4353851.6,0.9895986593316718,1,0.4492003714431167,0.4492003714431167,0.4492003714431167
2013-10-10 14:55:00,4353784.6,0.9904622694935816,1,0.41631841559717375,0.41631841559717375,0.41631841559717375
2013-10-10 15:00:00,5099945.0,0.9888466330233624,1,0.38234736529074304,0.38234736529074304,0.38234736529074304
2013-10-10 15:05:00,5771032.8,0.9903903510129668,1,0.3473443549394635,0.3473443549394635,0.3473443549394635
2013-10-10 15:10:00,6843186.0,0.9902628493080592,1,0.3113767207712836,0.3113767207712836,0.3113767207712836
2013-10-10 15:15:00,5279036.4,0.9911016390190072,1,0.27452178528549,0.27452178528549,0.27452178528549
2013-10-10 15:20:00,6496034.2,0.9905507001396756,1,0.23686644073872198,0.236866440738722,0.23686644073872198
2013-10-10 15:25:00,4476881.4,0.99019543310033,1,0.19850652757862364,0.19850652757862364,0.19850652757862364
2013-10-10 15:30:00,7500000.4,0.9902297351027722,1,0.15954601066830212,0.15954601066830212,0.15954601066830212
2013-10-10 15:35:00,4549360.8,0.9899362516657172,1,0.1200959635306232,0.1200959635306232,0.12009596353062321
2013-10-10 15:40:00,4837703.4,0.989659817150966,1,0.08027337830872802,0.08027337830872802,0.08027337830872802
2013-10-10 15:45:00,5145406.0,0.9896849642943928,1,0.040199826265601785,0.040199826265601785,0.040199826265601785
2013-10-10 15:50:00,5235980.4,0.990050429836538,0,-0.004433081533402593,-0.008866163066805186,-0.004433081533402593
2013-10-10 15:55:00,4608298.0,0.9901985644632336,0,-0.008851786440139548,-0.017703572880279097,-0.008851786440139548
2013-10-10 16:00:00,4648481.0,0.9908094171966793,0,-0.01324192398614897,-0.02648384797229794,-0.01324192398614897
2013-10-10 16:05:00,5222922.0,0.9899341072531092,0,-0.017589670138070345,-0.03517934027614069,-0.017589670138070345
2013-10-10 16:10:00,5018915.4,0.9902404828772288,0,-0.021881738439621545,-0.043763476879243084,-0.02188173843962154
2013-10-10 16:15:00,6171433.4,0.9900893764791514,0,-0.02610553656682004,-0.05221107313364008,-0.026105536566820037
2013-10-10 16:20:00,5202479.8,0.9890652238117288,0,-0.030249304818954523,-0.06049860963790905,-0.030249304818954523
2013-10-10 16:25:00,3324062.0,0.9899214614702038,0,-0.03430223359318032,-0.06860446718636064,-0.03430223359318032
2013-10-10 16:30:00,5081782.8,0.9889983907449982,0,-0.03825455777443616,-0.07650911554887231,-0.038254557774436156
2013-10-10 16:35:00,4249074.6,0.9890393422958346,0,-0.042097626894148116,-0.08419525378829623,-0.042097626894148116
2013-10-10 16:40:00,4199818.6,0.990698328060268,0,-0.045823950817487975,-0.09164790163497596,-0.045823950817487975
2013-10-10 16:45:00,5219494.2,0.9908268278316412,0,-0.04942722156200593,-0.09885444312401186,-0.04942722156200593
2013-10-10 16:50:00,4694730.2,0.9911332708966742,0,-0.05290231259127171,-0.10580462518254342,-0.05290231259127171
2013-10-10 16:55:00,6152926.2,0.9894177798108325,0,-0.05624525753756866,-0.11249051507513733,-0.05624525753756866
2013-10-10 17:00:00,5550911.8,0.9907579290192804,0,-0.05945321077113192,-0.11890642154226384,-0.05945321077113192
2013-10-10 17:05:00,4896396.0,0.990230221996054,0,-0.06252439254462118,-0.12504878508924233,-0.06252439254462117
2013-10-10 17:10:00,5670213.8,0.9892614780774416,0,-0.06545802160519279,-0.13091604321038558,-0.06545802160519279
2013-10-10 17:15:00,4850725.4,0.9911929012579164,0,-0.06825423819551853,-0.13650847639103705,-0.06825423819551853
2013-10-10 17:20:00,4571890.4,0.991188135047508,0,-0.07091402027807713,-0.14182804055615425,-0.07091402027807713
2013-10-10 17:25:00,4536476.8,0.9898728632024872,0,-0.0734390956362558,-0.1468781912725116,-0.0734390956362558
2013-10-10 17:30:00,4437847.2,0.9900641734038312,0,-0.07583185225487288,-0.15166370450974576,-0.07583185225487288
2013-10-10 17:35:00,5375253.2,0.990734168605104,0,-0.07809524908486573,-0.15619049816973146,-0.07809524908486572
2013-10-10 17:40:00,4312917.2,0.9897388533902628,0,-0.08023272897344218,-0.16046545794688435,-0.08023272897344218
2013-10-10 17:45:00,3983407.8,0.989646860958603,0,-0.08224813521051573,-0.16449627042103146,-0.08224813521051572
2013-10-10 17:50:00,4300847.6,0.9897980860904376,0,-0.08414563281993064,-0.16829126563986127,-0.08414563281993064
2013-10-10 17:55:00,4406236.0,0.9903241009835864,0,-0.0859296354214985,-0.171859270842997,-0.0859296354214985
2013-10-10 18:00:00,4374796.8,0.9906520636873772,0,-0.08760473821544514,-0.17520947643089027,-0.08760473821544514
2013-10-10 18:05:00,3936344.4,0.9903355615088744,1,1.0,1.0,1.0
2013-10-10 18:10:00,3846504.4,0.9904845114015888,1,0.9988874626029411,0.9988874626029411,0.9988874626029413
2013-10-10 18:15:00,3692155.2,0.9905636281632592,1,0.9976844152769112,0.9976844152769112,0.9976844152769113
2013-10-10 18:20:00,3217057.0,0.9896701180096672,1,0.9963836172977596,0.9963836172977596,0.9963836172977597
2013-10-10 18:25:00,3820828.8,0.9902751352737258,1,0.9949772695718712,0.9949772695718712,0.9949772695718713
2013-10-10 18:30:00,4718348.6,0.9899426075064328,1,0.9934569751414049,0.9934569751414049,0.9934569751414049
2013-10-10 18:35:00,3415757.8,0.9900194299463712,1,0.9918136975133393,0.9918136975133393,0.9918136975133391
2013-10-10 18:40:00,4203280.8,0.9902950189789388,1,0.990037716805386,0.990037716805386,0.990037716805386
2013-10-10 18:45:00,3655304.0,0.9905631974037272,1,0.9881185837274016,0.9881185837274016,0.9881185837274016
2013-10-10 18:50:00,3335873.0,0.9903583819110924,1,0.9860450714481678,0.9860450714481678,0.9860450714481678
2013-10-10 18:55:00,3137363.0,0.9906955278200756,1,0.9838051254352488,0.9838051254352488,0.9838051254352488
2013-10-10 19:00:00,3636906.4,0.990247608007642,1,0.9813858114009484,0.9813858114009484,0.9813858114009483
2013-10-10 19:05:00,3469994.6,0.9893452323904256,1,0.9787732615413042,0.9787732615413042,0.978773261541304
2013-10-10 19:10:00,3291118.6,0.9903665520113312,1,0.9759526193186012,0.9759526193186012,0.9759526193186012
2013-10-10 19:15:00,3582063.0,0.9900069387442888,1,0.9729079831123338,0.9729079831123338,0.9729079831123338
2013-10-10 19:20:00,3177593.0,0.9909355541895796,1,0.9696223491500444,0.9696223491500444,0.9696223491500445
2013-10-10 19:25:00,3183260.8,0.9895235158730232,1,0.9660775542293956,0.9660775542293956,0.9660775542293957
2013-10-10 19:30:00,2701991.8,0.9904703693153452,1,0.9622542188573336,0.9622542188573336,0.9622542188573335
2013-10-10 19:35:00,2756069.0,0.9907494179777164,1,0.9581316915625562,0.9581316915625562,0.9581316915625562
2013-10-10 19:40:00,3424595.0,0.9897547328291504,1,0.9536879952847572,0.9536879952847572,0.9536879952847571
2013-10-10 19:45:00,2716830.0,0.9899618514546896,1,0.9488997769091174,0.9488997769091174,0.9488997769091174
2013-10-10 19:50:00,2595576.6,0.9892311393300154,1,0.9437422611978667,0.9437422611978667,0.9437422611978669
2013-10-10 19:55:00,3246679.0,0.990102103298256,1,0.938189210572483,0.938189210572483,0.938189210572483
2013-10-10 20:00:00,2800273.6,0.9891446539757359,1,0.9322128924197752,0.9322128924197752,0.9322128924197753
2013-10-10 20:05:00,2484272.0,0.9900068945076008,1,0.9257840558314056,0.9257840558314056,0.9257840558314056
2013-10-10 20:10:00,2227412.4,0.9915260901486864,1,0.9188719199369824,0.9188719199369824,0.9188719199369824
2013-10-10 20:15:00,2684762.6,0.9896127564056167,1,0.9114441762521828,0.9114441762521828,0.9114441762521828
2013-10-10 20:20:00,3560943.0,0.99006924837963,1,0.9034670077302146,0.9034670077302146,0.9034670077302146
2013-10-10 20:25:00,3986034.8,0.9895898195870712,1,0.894905127470338,0.894905127470338,0.894905127470338
2013-10-10 20:30:00,4382304.2,0.989898131131397,1,0.8857218402919231,0.8857218402919231,0.8857218402919231
2013-10-10 20:35:00,6511585.2,0.9909105877321313,1,0.8758791306149394,0.8758791306149394,0.8758791306149394
2013-10-10 20:40:00,13757010.4,0.9903725610110604,1,0.8653377802834321,0.8653377802834321,0.8653377802834321
2013-10-10 20:45:00,9203809.4,0.989571411384106,1,0.8540575201099341,0.8540575201099341,0.854057520109934
2013-10-10 20:50:00,5384941.6,0.9902543372245451,1,0.8419972189854174,0.8419972189854174,0.8419972189854174
2013-10-10 20:55:00,3715801.6,0.9901884055910968,1,0.8291151143676492,0.8291151143676492,0.8291151143676492
2013-10-10 21:00:00,3076906.8,0.990288742899388,1,0.8153690878042898,0.8153690878042898,0.8153690878042898
2013-10-10 21:05:00,2981824.0,0.9908069165141457,1,0.8007169888371286,0.8007169888371286,0.8007169888371286
2013-10-10 21:10:00,2508304.8,0.9903811091777662,1,0.7851170101404976,0.7851170101404976,0.7851170101404976
2013-10-10 21:15:00,2873027.0,0.9901240924302788,1,0.7685281160402224,0.7685281160402224,0.7685281160402224
2013-10-10 21:20:00,2736929.8,0.9911145304337182,1,0.7509105256113747,0.7509105256113747,0.7509105256113747
2013-10-10 21:25:00,2852624.6,0.9900743244212218,1,0.732226250339838,0.732226250339838,0.732226250339838
2013-10-10 21:30:00,2597563.6,0.9888261773089432,1,0.7124396848376816,0.7124396848376816,0.7124396848376816
2013-10-10 21:35:00,2299805.4,0.9895385240883948,1,0.6915182473196357,0.6915182473196357,0.6915182473196357
2013-10-10 21:40:00,2124006.6,0.9898029353792084,1,0.669433064486017,0.669433064486017,0.669433064486017
2013-10-10 21:45:00,1843232.8,0.9907894702719952,1,0.6461596931430065,0.6461596931430065,0.6461596931430065
2013-10-10 21:50:00,2516452.4,0.9896339428091953,1,0.6216788683729793,0.6216788683729793,0.6216788683729793
2013-10-10 21:55:00,2635773.2,0.9897546362700272,1,0.5959772654194646,0.5959772654194646,0.5959772654194646
2013-10-10 22:00:00,2934168.6,0.9891167343615196,1,0.5690482597740832,0.5690482597740832,0.5690482597740832
2013-10-10 22:05:00,3165361.2,0.9895643404021234,1,0.5408926673744606,0.5408926673744606,0.5408926673744606
2013-10-10 22:10:00,2596034.8,0.9912640282256441,1,0.511519444495621,0.511519444495621,0.511519444495621
2013-10-10 22:15:00,2365396.2,0.990094697050206,1,0.4809463250155622,0.4809463250155622,0.4809463250155622
2013-10-10 22:20:00,2410592.4,0.9892935193675224,1,0.4492003714431167,0.4492003714431167,0.4492003714431167
2013-10-10 22:25:00,2411177.2,0.9903314445407798,1,0.41631841559717375,0.41631841559717375,0.41631841559717375
2013-10-10 22:30:00,2817637.0,0.99083139371903,1,0.38234736529074304,0.38234736529074304,0.38234736529074304
2013-10-10 22:35:00,2420126.0,0.9902746703148912,1,0.3473443549394635,0.3473443549394635,0.3473443549394635
2013-10-10 22:40:00,2087740.6,0.9899755407164598,1,0.3113767207712836,0.3113767207712836,0.3113767207712836
2013-10-10 22:45:00,1964231.0,0.9901688583488948,1,0.27452178528549,0.27452178528549,0.27452178528549
2013-10-10 22:50:00,2010772.4,0.9892214436667448,1,0.23686644073872198,0.236866440738722,0.23686644073872198
2013-10-10 22:55:00,1781298.8,0.9909263711310669,1,0.19850652757862364,0.19850652757862364,0.19850652757862364
2013-10-10 23:00:00,2799522.0,0.9903962519277024,1,0.15954601066830212,0.15954601066830212,0.15954601066830212
2013-10-10 23:05:00,2338843.0,0.9895718542867468,1,0.1200959635306232,0.1200959635306232,0.12009596353062321
2013-10-10 23:10:00,1943066.8,0.9895587532661496,1,0.08027337830872802,0.08027337830872802,0.08027337830872802
2013-10-10 23:15:00,2518236.8,0.990244197059789,1,0.040199826265601785,0.040199826265601785,0.040199826265601785
2013-10-10 23:20:00,3359710.8,0.9892099099992152,0,-0.004433081533402593,-0.008866163066805186,-0.004433081533402593
2013-10-10 23:25:00,2119819.4,0.9913341451131326,0,-0.008851786440139548,-0.017703572880279097,-0.008851786440139548
2013-10-10 23:30:00,2216677.4,0.989643379775895,0,-0.01324192398614897,-0.02648384797229794,-0.01324192398614897
2013-10-10 23:35:00,1922451.0,0.9905278748429438,0,-0.017589670138070345,-0.03517934027614069,-0.017589670138070345
2013-10-10 23:40:00,2131340.4,0.9898868792260268,0,-0.021881738439621545,-0.043763476879243084,-0.02188173843962154
2013-10-10 23:45:00,2174178.6,0.9894925738100117,0,-0.02610553656682004,-0.05221107313364008,-0.026105536566820037
2013-10-10 23:50:00,2053342.8,0.9897387965595704,0,-0.030249304818954523,-0.06049860963790905,-0.030249304818954523
2013-10-10 23:55:00,2500698.4,0.9896389156586808,0,-0.03430223359318032,-0.06860446718636064,-0.03430223359318032
2013-10-11 00:00:00,2345290.8,0.9899388359104973,0,-0.03825455777443616,-0.07650911554887231,-0.038254557774436156
2013-10-11 00:05:00,2157204.4,0.9892996669375694,0,-0.042097626894148116,-0.08419525378829623,-0.042097626894148116
2013-10-11 00:10:00,2458691.2,0.9894068620750204,0,-0.045823950817487975,-0.09164790163497596,-0.045823950817487975
2013-10-11 00:15:00,2451451.4,0.9906156471358898,0,-0.04942722156200593,-0.09885444312401186,-0.04942722156200593
2013-10-11 00:20:00,2074059.4,0.9911618351556872,0,-0.05290231259127171,-0.10580462518254342,-0.05290231259127171
2013-10-11 00:25:00,2823709.6,0.9894557815440418,0,-0.05624525753756866,-0.11249051507513733,-0.05624525753756866
2013-10-11 00:30:00,3076168.6,0.989591307456144,0,-0.05945321077113192,-0.11890642154226384,-0.05945321077113192
2013-10-11 00:35:00,2733595.0,0.9893315493721392,0,-0.06252439254462118,-0.12504878508924233,-0.06252439254462117
2013-10-11 00:40:00,2627582.6,0.9896332249617256,0,-0.06545802160519279,-0.13091604321038558,-0.06545802160519279
2013-10-11 00:45:00,2571875.4,0.9898152380132572,0,-0.06825423819551853,-0.13650847639103705,-0.06825423819551853
2013-10-11 00:50:00,2763043.4,0.9899452507419964,0,-0.07091402027807713,-0.14182804055615425,-0.07091402027807713
2013-10-11 00:55:00,3373233.6,0.9898491123078652,0,-0.0734390956362558,-0.1468781912725116,-0.0734390956362558
2013-10-11 01:00:00,2596747.2,0.9912899082153142,0,-0.07583185225487288,-0.15166370450974576,-0.07583185225487288
2013-10-11 01:05:00,2573697.0,0.9902569915159116,0,-0.07809524908486573,-0.15619049816973146,-0.07809524908486572
2013-10-11 01:10:00,2585580.8,0.9900450766318192,0,-0.08023272897344218,-0.16046545794688435,-0.08023272897344218
2013-10-11 01:15:00,2926060.2,0.9912464457427376,0,-0.08224813521051573,-0.16449627042103146,-0.08224813521051572
2013-10-11 01:20:00,2721994.2,0.9896233290044,0,-0.08414563281993064,-0.16829126563986127,-0.08414563281993064
2013-10-11 01:25:00,2826090.8,0.9894307631090068,0,-0.0859296354214985,-0.171859270842997,-0.0859296354214985
2013-10-11 01:30:00,3175531.0,0.990356838994527,0,-0.08760473821544514,-0.17520947643089027,-0.08760473821544514
2013-10-11 01:35:00,2783067.4,0.989864087488674,0,-0.08917565739963262,-0.17835131479926525,-0.08917565739963262
2013-10-11 01:40:00,2646577.8,0.9906271271219798,0,-0.09064717612432437,-0.18129435224864876,-0.09064717612432437
2013-10-11 01:45:00,2249622.8,0.9898562919511482,0,-0.09202409691959056,-0.1840481938391811,-0.09202409691959056
2013-10-11 01:50:00,2380653.2,0.9898144170013132,0,-0.09331120039532642,-0.18662240079065284,-0.09331120039532642
2013-10-11 01:55:00,3353167.8,0.9906357890593516,0,-0.09451320991072697,-0.18902641982145396,-0.09451320991072697
2013-10-11 02:00:00,2691037.4,0.9900259194508436,0,-0.09563476183561308,-0.19126952367122613,-0.09563476183561308
2013-10-11 02:05:00,2815953.6,0.9899138004722008,0,-0.0966803809765224,-0.19336076195304486,-0.09668038097652241
2013-10-11 02:10:00,2388228.8,0.989464794197563,0,-0.0976544607121253,-0.1953089214242506,-0.0976544607121253
2013-10-11 02:15:00,2607510.2,0.9898235948757323,0,-0.09856124737155167,-0.1971224947431033,-0.09856124737155166
2013-10-11 02:20:00,2258206.2,0.9900637448466432,0,-0.09940482839211118,-0.19880965678422235,-0.09940482839211118
2013-10-11 02:25:00,2119898.0,0.990156220890014,0,-0.10018912380647324,-0.20037824761294648,-0.10018912380647324
2013-10-11 02:30:00,2234826.6,0.9898779425826876,0,-0.10091788063085523,-0.20183576126171046,-0.10091788063085523
2013-10-11 02:35:00,2029213.0,0.9908134374146844,0,-0.10159466975274974,-0.20318933950549947,-0.10159466975274974
2013-10-11 02:40:00,2022639.2,0.9907932609742568,0,-0.10222288494721067,-0.20444576989442134,-0.10222288494721068
2013-10-11 02:45:00,2477133.0,0.9895607102385444,0,-0.10280574368308272,-0.20561148736616547,-0.10280574368308273
2013-10-11 02:50:00,2322718.8,0.9916594006155436,0,-0.10334628941351336,-0.2066925788270268,-0.10334628941351338
2013-10-11 02:55:00,2451926.6,0.9895985585336841,0,-0.10384739507763782,-0.20769479015527564,-0.10384739507763782
2013-10-11 03:00:00,3751994.8,0.9892513637982386,0,-0.1043117675717375,-0.208623535143475,-0.1043117675717375
2013-10-11 03:05:00,3835848.4,0.9898842760714508,0,-0.10474195297792427,-0.20948390595584854,-0.10474195297792428
2013-10-11 03:10:00,4605135.8,0.9896989434341988,0,-0.10514034236614628,-0.21028068473229256,-0.10514034236614628
2013-10-11 03:15:00,2598200.0,0.9901534338262488,0,-0.10550917801084984,-0.2110183560216997,-0.10550917801084984
2013-10-11 03:20:00,2721577.4,0.9909044474028368,0,-0.10585055988686937,-0.21170111977373876,-0.10585055988686937
2013-10-11 03:25:00,2402112.2,0.9897978385225852,0,-0.10616645233005106,-0.21233290466010213,-0.10616645233005106
2013-10-11 03:30:00,2573645.6,0.9897580584828188,0,-0.1064586907668018,-0.2129173815336036,-0.1064586907668018
2013-10-11 03:35:00,1869702.6,0.9904823708390976,0,-0.10672898843329404,-0.2134579768665881,-0.10672898843329405
2013-10-11 03:40:00,2195341.8,0.9900098138214476,0,-0.10697894301958306,-0.21395788603916613,-0.10697894301958306
2013-10-11 03:45:00,2179106.2,0.9904898961330412,0,-0.10721004318655324,-0.2144200863731065,-0.10721004318655325
2013-10-11 03:50:00,2224773.8,0.9896037794910472,0,-0.10742367491456684,-0.21484734982913367,-0.10742367491456684
2013-10-11 03:55:00,2051167.2,0.98986082125762,0,-0.10762112765209972,-0.21524225530419944,-0.10762112765209973
2013-10-11 04:00:00,2076078.6,0.9899429132031892,0,-0.10780360024067727,-0.2156072004813545,-0.10780360024067726
2013-10-11 04:05:00,2338487.0,0.9897586149664914,0,-0.10797220659921694,-0.21594441319843388,-0.10797220659921694
2013-10-11 04:10:00,2322368.6,0.99107171972202,0,-0.10812798115659204,-0.21625596231318406,-0.10812798115659202
2013-10-11 04:15:00,2213996.4,0.9898758608389742,0,-0.10827188402597973,-0.2165437680519595,-0.10827188402597974
2013-10-11 04:20:00,1960851.4,0.9889551296334248,0,-0.10840480591847652,-0.21680961183695305,-0.10840480591847652
2013-10-11 04:25:00,2122598.6,0.989693634195404,0,-0.10852757279665734,-0.21705514559331468,-0.10852757279665734
2013-10-11 04:30:00,2050746.2,0.9898035826869012,0,-0.10864095027133124,-0.21728190054266247,-0.10864095027133124
2013-10-11 04:35:00,1663046.4,0.9900391028997948,0,-0.10874564774678556,-0.21749129549357116,-0.10874564774678556
2013-10-11 04:40:00,1939977.0,0.9902211681698871,0,-0.10884232232139952,-0.21768464464279905,-0.10884232232139951
2013-10-11 04:45:00,1737724.6,0.990173708020646,0,-0.1089315824517113,-0.2178631649034226,-0.1089315824517113
2013-10-11 04:50:00,2021960.8,0.9896792593994408,0,-0.1090139913889047,-0.2180279827778094,-0.1090139913889047
2013-10-11 04:55:00,2004803.6,0.9898515914566652,0,-0.1090900703972919,-0.2181801407945838,-0.1090900703972919
2013-10-11 05:00:00,2166114.6,0.9900373848251608,0,-0.10916030176475792,-0.21832060352951585,-0.10916030176475791
2013-10-11 05:05:00,1853609.6,0.9897519649442575,0,-0.109225131615336,-0.218450263230672,-0.109225131615336
2013-10-11 05:10:00,1976750.8,0.9893560270295534,0,-0.10928497253413813,-0.2185699450682763,-0.10928497253413814
2013-10-11 05:15:00,2105559.2,0.989702261059425,0,-0.10934020601479866,-0.2186804120295973,-0.10934020601479866
2013-10-11 05:20:00,1761453.0,0.9903283001784552,0,-0.10939118473942712,-0.21878236947885424,-0.10939118473942712
2013-10-11 05:25:00,2153253.4,0.9899518675984084,0,-0.1094382347008306,-0.2188764694016612,-0.10943823470083061
2013-10-11 05:30:00,1780847.8,0.9912230282251522,0,-0.10948165717647083,-0.2189633143529417,-0.10948165717647085
2013-10-11 05:35:00,2041699.2,0.9899869536091273,0,-0.10952173056328564,-0.21904346112657128,-0.10952173056328564
2013-10-11 05:40:00,1819123.4,0.9905752647732972,0,-0.10955871208213773,-0.21911742416427546,-0.10955871208213772
2013-10-11 05:45:00,1892495.8,0.990090137980668,0,-0.10959283936026663,-0.2191856787205333,-0.10959283936026665
2013-10-11 05:50:00,2131994.0,0.9894121258837412,0,-0.10962433189972164,-0.21924866379944327,-0.10962433189972164
2013-10-11 05:55:00,2037706.0,0.9895325783706759,0,-0.10965339243934892,-0.21930678487869787,-0.10965339243934893
2013-10-11 06:00:00,2019189.0,0.9894324543816824,0,-0.10968020821750488,-0.21936041643500975,-0.10968020821750489
2013-10-11 06:05:00,1799215.4,0.9896097378564678,0,-0.1097049521422666,-0.2194099042845332,-0.1097049521422666
2013-10-11 06:10:00,1805860.4,0.9903320364001552,0,-0.1097277838755226,-0.2194555677510452,-0.10972778387552261
2013-10-11 06:15:00,1768089.2,0.9901788328387896,0,-0.10974885083694602,-0.21949770167389204,-0.10974885083694602
2013-10-11 06:20:00,2498414.8,0.9898824786333336,0,-0.10976828913348564,-0.2195365782669713,-0.10976828913348564
2013-10-11 06:25:00,2238022.2,0.9901257503911548,0,-0.10978622441965827,-0.21957244883931654,-0.10978622441965827
2013-10-11 06:30:00,2159250.6,0.9896732928197248,0,-0.1098027726935874,-0.2196055453871748,-0.1098027726935874
2013-10-11 06:35:00,2639714.6,0.9897397091460508,0,-0.10981804103341196,-0.2196360820668239,-0.10981804103341195
2013-10-11 06:40:00,2171903.2,0.9896269281966396,0,-0.10983212827838224,-0.2196642565567645,-0.10983212827838225
2013-10-11 06:45:00,2519590.8,0.9900807993041956,0,-0.10984512565867097,-0.2196902513173419,-0.10984512565867095
2013-10-11 06:50:00,2841035.4,0.9892228243350096,0,-0.10985711737765258,-0.2197142347553052,-0.10985711737765258
2013-10-11 06:55:00,2955063.4,0.9904129426003734,0,-0.10986818115014664,-0.21973636230029325,-0.10986818115014663
2013-10-11 07:00:00,2999436.2,0.9904441243655352,0,-0.1098783886998768,-0.2197567773997536,-0.1098783886998768
2013-10-11 07:05:00,3614117.4,0.9903000660837652,0,-0.1098878062191696,-0.2197756124383392,-0.1098878062191696
2013-10-11 07:10:00,3138828.0,0.9904464116278232,0,-0.10989649479370228,-0.21979298958740454,-0.10989649479370227
2013-10-11 07:15:00,2943885.2,0.9897450381761193,0,-0.10990451079490923,-0.2198090215898185,-0.10990451079490925
2013-10-11 07:20:00,3058868.2,0.9899362662123764,0,-0.10991190624246833,-0.21982381248493665,-0.10991190624246831
2013-10-11 07:25:00,3485896.2,0.9906033573444242,0,-0.1099187291391134,-0.2198374582782268,-0.1099187291391134
2013-10-11 07:30:00,3034602.4,0.9900029113852268,0,-0.1099250237798566,-0.2198500475597132,-0.1099250237798566
2013-10-11 07:35:00,3229994.2,0.9895277545925936,0,-0.10993083103755057,-0.2198616620751011,-0.10993083103755055
2013-10-11 07:40:00,3210041.0,0.9900923544028648,0,-0.10993618862657954,-0.21987237725315908,-0.10993618862657954
2013-10-11 07:45:00,3268730.4,0.9897751488001452,0,-0.10994113134633653,-0.21988226269267305,-0.10994113134633651
2013-10-11 07:50:00,4081030.8,0.9899548126683728,0,-0.10994569130601976,-0.21989138261203955,-0.10994569130601976
2013-10-11 07:55:00,4146895.2,0.9896477003493632,0,-0.10994989813216947,-0.21989979626433892,-0.10994989813216947
2013-10-11 08:00:00,3599528.0,0.9894490127550069,0,-0.10995377916025792,-0.21990755832051584,-0.10995377916025792
2013-10-11 08:05:00,3779623.6,0.9906773151394688,0,-0.10995735961154912,-0.21991471922309824,-0.10995735961154912
2013-10-11 08:10:00,3734695.8,0.9908042676087956,0,-0.10996066275635223,-0.2199213255127045,-0.10996066275635225
2013-10-11 08:15:00,3843868.2,0.9889547960485918,0,-0.10996371006470876,-0.21992742012941752,-0.10996371006470876
2013-10-11 08:20:00,3627613.4,0.9893333489250716,0,-0.10996652134547437,-0.2199330426909488,-0.10996652134547438
2013-10-11 08:25:00,3246938.2,0.989816712217584,0,-0.109969114874685,-0.21993822974937,-0.10996911487468501
2013-10-11 08:30:00,3139698.4,0.9896376770207446,0,-0.1099715075140276,-0.2199430150280552,-0.10997150751402761
2013-10-11 08:35:00,3022623.2,0.9895550245765524,0,-0.10997371482017533,-0.21994742964035066,-0.10997371482017532
2013-10-11 08:40:00,3175430.4,0.990152263698714,0,-0.10997575114568832,-0.21995150229137664,-0.10997575114568832
2013-10-11 08:45:00,2937446.6,0.9902698922123916,0,-0.10997762973212816,-0.21995525946425634,-0.10997762973212817
2013-10-11 08:50:00,2705773.0,0.9895130151873494,0,-0.10997936279598444,-0.21995872559196888,-0.10997936279598444
2013-10-11 08:55:00,2281336.2,0.989747759241271,0,-0.10998096160796664,-0.2199619232159333,-0.10998096160796665
2013-10-11 09:00:00,2721626.8,0.9895238704984872,0,-0.10998243656617183,-0.2199648731323437,-0.10998243656617185
2013-10-11 09:05:00,2526060.2,0.9904635148649712,0,-0.10998379726359987,-0.21996759452719972,-0.10998379726359987
2013-10-11 09:10:00,1943263.0,0.9896523468904816,0,-0.10998505255045142,-0.21997010510090284,-0.10998505255045142
2013-10-11 09:15:00,2115264.8,0.9899490395608084,0,-0.10998621059161144,-0.21997242118322288,-0.10998621059161144
2013-10-11 09:20:00,1716114.6,0.9908233963846604,0,-0.10998727891968868,-0.21997455783937733,-0.10998727891968867
2013-10-11 09:25:00,1689399.4,0.9899056487735528,0,-0.10998826448395453,-0.21997652896790906,-0.10998826448395453
2013-10-11 09:30:00,1614255.4,0.9896650379732098,0,-0.10998917369549753,-0.21997834739099506,-0.10998917369549753
2013-10-11 09:35:00,1586300.6,0.9906449168582736,0,-0.10999001246888546,-0.2199800249377709,-0.10999001246888546
2013-10-11 09:40:00,1945050.0,0.9905701801280836,0,-0.1099907862606049,-0.2199815725212098,-0.1099907862606049
2013-10-11 09:45:00,1419494.6,0.9890150376297472,0,-0.10999150010452707,-0.21998300020905412,-0.10999150010452707
2013-10-11 09:50:00,2052665.4,0.9904647737004904,0,-0.10999215864462956,-0.2199843172892591,-0.10999215864462955
2013-10-11 09:55:00,1503766.4,0.9907537495854908,0,-0.10999276616518623,-0.2199855323303725,-0.10999276616518625
2013-10-11 10:00:00,1425593.8,0.98979875560124,0,-0.10999332661862082,-0.21998665323724165,-0.10999332661862082
2013-10-11 10:05:00,1564241.2,0.9901692267663992,0,-0.10999384365120456,-0.21998768730240914,-0.10999384365120457
2013-10-11 10:10:00,1445060.2,0.9898338879714212,0,-0.10999432062676533,-0.21998864125353065,-0.10999432062676533
2013-10-11 10:15:00,1402325.6,0.9898848746007292,0,-0.10999476064856097,-0.21998952129712196,-0.10999476064856097
2013-10-11 10:20:00,1630047.2,0.9898464426070478,0,-0.10999516657945983,-0.2199903331589197,-0.10999516657945985
2013-10-11 10:25:00,1315837.2,0.9904026089003316,0,-0.10999554106055873,-0.21999108212111745,-0.10999554106055873
2013-10-11 10:30:00,1399811.8,0.9900208741662916,0,-0.10999588652835944,-0.21999177305671888,-0.10999588652835944
2013-10-11 10:35:00,1653111.4,0.9890952087153468,0,-0.10999620523061553,-0.21999241046123105,-0.10999620523061551
2013-10-11 10:40:00,1317575.4,0.9901669312389934,0,-0.10999649924095184,-0.21999299848190365,-0.10999649924095183
2013-10-11 10:45:00,1333332.8,0.9902663580413472,0,-0.10999677047235214,-0.21999354094470427,-0.10999677047235214
2013-10-11 10:50:00,1646857.6,0.9899730357402216,0,-0.1099970206896023,-0.2199940413792046,-0.1099970206896023
2013-10-11 10:55:00,1436422.6,0.990222344890658,0,-0.10999725152076976,-0.21999450304153956,-0.10999725152076976
2013-10-11 11:00:00,1447339.2,0.9887150219483756,0,-0.10999746446779404,-0.21999492893558809,-0.10999746446779404
2013-10-11 11:05:00,1613220.4,0.9902443604583001,0,-0.10999766091625704,-0.21999532183251405,-0.10999766091625703
2013-10-11 11:10:00,1662310.2,0.9893682271850612,0,-0.10999784214439666,-0.21999568428879326,-0.10999784214439666
2013-10-11 11:15:00,1545840.2,0.9898805234189286,0,-0.10999800933142233,-0.21999601866284466,-0.10999800933142233
2013-10-11 11:20:00,2411798.8,0.9902437460988932,0,-0.10999816356518634,-0.21999632713037268,-0.10999816356518634
2013-10-11 11:25:00,2392206.4,0.9899114106125704,0,-0.10999830584926117,-0.21999661169852236,-0.10999830584926117
2013-10-11 11:30:00,2101047.4,0.9900683147058784,0,-0.10999843710946848,-0.21999687421893693,-0.10999843710946847
2013-10-11 11:35:00,1488686.2,0.989776569549537,0,-0.10999855819990237,-0.2199971163998047,-0.10999855819990235
2013-10-11 11:40:00,2004115.6,0.9894256607076904,0,-0.10999866990848628,-0.21999733981697253,-0.10999866990848627
2013-10-11 11:45:00,1691222.6,0.9907825479888284,0,-0.1099987729620991,-0.2199975459241982,-0.1099987729620991
2013-10-11 11:50:00,2059449.4,0.9902658662898388,0,-0.10999886803130456,-0.2199977360626092,-0.10999886803130458
2013-10-11 11:55:00,2161052.6,0.989529860447295,0,-0.10999895573471401,-0.219997911469428,-0.10999895573471401
2013-10-11 12:00:00,2587023.0,0.989762387550308,0,-0.1099990366430112,-0.2199980732860224,-0.1099990366430112
2013-10-11 12:05:00,3038556.8,0.9905255241011413,0,-0.10999911128266554,-0.21999822256533108,-0.10999911128266554
2013-10-11 12:10:00,3019801.6,0.990088495725563,0,-0.10999918013935747,-0.21999836027871494,-0.10999918013935749
2013-10-11 12:15:00,3016383.4,0.9904194200848644,0,-0.1099992436611386,-0.2199984873222772,-0.1099992436611386
2013-10-11 12:20:00,3488911.0,0.9900445302889368,0,-0.10999930226134688,-0.21999860452269376,-0.10999930226134688
2013-10-11 12:25:00,3639406.4,0.9907563613710004,0,-0.1099993563212961,-0.2199987126425922,-0.1099993563212961
2013-10-11 12:30:00,4288769.2,0.990089273859276,0,-0.10999940619275696,-0.21999881238551391,-0.10999940619275696
2013-10-11 12:35:00,4508238.6,0.990092468473608,0,-0.10999945220024594,-0.21999890440049188,-0.10999945220024594
2013-10-11 12:40:00,3876246.2,0.9902817516484992,0,-0.1099994946431368,-0.2199989892862736,-0.10999949464313681
2013-10-11 12:45:00,3620962.8,0.9903902238432568,0,-0.1099995337976086,-0.2199990675952172,-0.10999953379760859
2013-10-11 12:50:00,4616707.2,0.9897964207223492,0,-0.1099995699184426,-0.2199991398368852,-0.1099995699184426
2013-10-11 12:55:00,4108598.8,0.9899239877767606,0,-0.1099996032406803,-0.2199992064813606,-0.1099996032406803
2013-10-11 13:00:00,4354785.6,0.9896428639210756,0,-0.1099996339811526,-0.2199992679623052,-0.1099996339811526
2013-10-11 13:05:00,4086370.4,0.9900530250130484,0,-0.10999966233989084,-0.2199993246797817,-0.10999966233989085
2013-10-11 13:10:00,4152349.6,0.9901908164456944,0,-0.10999968850142833,-0.21999937700285666,-0.10999968850142831
2013-10-11 13:15:00,4059468.6,0.9897283709653903,0,-0.109999712636001,-0.219999425272002,-0.109999712636001
2013-10-11 13:20:00,4503811.6,0.990334706285484,0,-0.10999973490065533,-0.21999946980131066,-0.10999973490065533
2013-10-11 13:25:00,4255971.6,0.9904636338325616,0,-0.10999975544027006,-0.21999951088054007,-0.10999975544027006
2013-10-11 13:30:00,4555081.6,0.9900239103436768,0,-0.10999977438849896,-0.2199995487769979,-0.10999977438849895
2013-10-11 13:35:00,3962572.6,0.9894630035267014,0,-0.10999979186864052,-0.21999958373728104,-0.10999979186864052
2013-10-11 13:40:00,4546405.8,0.9901889059429462,0,-0.1099998079944403,-0.2199996159888806,-0.1099998079944403
2013-10-11 13:45:00,4112242.4,0.9904499832261836,0,-0.10999982287083104,-0.21999964574166206,-0.10999982287083102
2013-10-11 13:50:00,3963009.4,0.9904813167215564,0,-0.10999983659461532,-0.21999967318923067,-0.10999983659461533
2013-10-11 13:55:00,4264964.2,0.9904377136492672,0,-0.10999984925509584,-0.21999969851019166,-0.10999984925509582
2013-10-11 14:00:00,4711787.0,0.9897029132376486,0,-0.10999986093465594,-0.21999972186931188,-0.10999986093465594
2013-10-11 14:05:00,4008551.6,0.9910360436129942,0,-0.10999987170929627,-0.21999974341859255,-0.10999987170929629
2013-10-11 14:10:00,3886748.4,0.9893881275897504,0,-0.109999881649129,-0.219999763298258,-0.10999988164912901
2013-10-11 14:15:00,4360407.8,0.9899539500659932,0,-0.109999890818834,-0.219999781637668,-0.109999890818834
2013-10-11 14:20:00,3777113.6,0.9899697879938048,0,-0.10999989927807992,-0.21999979855615984,-0.10999989927807993
2013-10-11 14:25:00,4448038.4,0.9901753474948533,0,-0.10999990708191236,-0.2199998141638247,-0.10999990708191235
2013-10-11 14:30:00,4350720.0,0.989529024052304,0,-0.10999991428111196,-0.21999982856222391,-0.10999991428111196
2013-10-11 14:35:00,4000456.4,0.9904204834067132,0,-0.10999992092252504,-0.2199998418450501,-0.10999992092252504
2013-10-11 14:40:00,3757759.0,0.9901027082091044,0,-0.10999992704936833,-0.21999985409873665,-0.10999992704936831
2013-10-11 14:45:00,3714593.2,0.989770814070423,0,-0.10999993270151008,-0.21999986540302016,-0.10999993270151008
2013-10-11 14:50:00,3802077.8,0.9901030494870188,0,-0.11,-0.22,-0.11
2013-10-11 14:55:00,4170299.8,0.9894242811386188,0,-0.11,-0.22,-0.11
2013-10-11 15:00:00,5127343.2,0.9890508006357814,0,-0.11,-0.22,-0.11
2013-10-11 15:05:00,5878506.0,0.990659736824989,0,-0.11,-0.22,-0.11
2013-10-11 15:10:00,7135374.6,0.9892569751744884,0,-0.11,-0.22,-0.11
2013-10-11 15:15:00,5958465.2,0.9898272576481402,0,-0.11,-0.22,-0.11
2013-10-11 15:20:00,5198396.6,0.9901381205497272,0,-0.11,-0.22,-0.11
2013-10-11 15:25:00,4433295.4,0.9898342787616858,0,-0.11,-0.22,-0.11
2013-10-11 15:30:00,4855605.8,0.9902596843455316,0,-0.11,-0.22,-0.11
2013-10-11 15:35:00,4924891.2,0.9897768372497048,0,-0.11,-0.22,-0.11
2013-10-11 15:40:00,4788996.0,0.9901667188551384,0,-0.11,-0.22,-0.11
2013-10-11 15:45:00,4697164.6,0.98963087598265,0,-0.11,-0.22,-0.11
2013-10-11 15:50:00,4682754.0,0.9902895109441372,0,-0.11,-0.22,-0.11
2013-10-11 15:55:00,4119163.4,0.9905704323731324,0,-0.11,-0.22,-0.11
2013-10-11 16:00:00,5152299.2,0.9901225461955028,0,-0.11,-0.22,-0.11
2013-10-11 16:05:00,5840876.0,0.989831872026716,0,-0.11,-0.22,-0.11
2013-10-11 16:10:00,4851767.2,0.9900379902844136,0,-0.11,-0.22,-0.11
2013-10-11 16:15:00,5146560.4,0.989998676603836,0,-0.11,-0.22,-0.11
2013-10-11 16:20:00,4523770.8,0.9906929987753464,0,-0.11,-0.22,-0.11
2013-10-11 16:25:00,5435023.6,0.9905129378102596,0,-0.11,-0.22,-0.11
2013-10-11 16:30:00,4971937.8,0.9902300263467556,0,-0.11,-0.22,-0.11
2013-10-11 16:35:00,5635966.8,0.9902046967727895,0,-0.11,-0.22,-0.11
2013-10-11 16:40:00,5122805.8,0.9900530321502132,0,-0.11,-0.22,-0.11
2013-10-11 16:45:00,5066339.0,0.9898668643828036,0,-0.11,-0.22,-0.11
2013-10-11 16:50:00,5091821.0,0.9904585949973816,0,-0.11,-0.22,-0.11
2013-10-11 16:55:00,5286978.0,0.9897064274281,0,-0.11,-0.22,-0.11
2013-10-11 17:00:00,4617354.2,0.98980576448279,0,-0.11,-0.22,-0.11
2013-10-11 17:05:00,5074936.2,0.9899567271911572,0,-0.11,-0.22,-0.11
2013-10-11 17:10:00,4946120.0,0.9890471633860416,0,-0.11,-0.22,-0.11
2013-10-11 17:15:00,6072816.0,0.9902819419873076,0,-0.11,-0.22,-0.11
2013-10-11 17:20:00,5499821.0,0.9891895955050198,0,-0.11,-0.22,-0.11
2013-10-11 17:25:00,5616319.6,0.9897635761470592,0,-0.11,-0.22,-0.11
2013-10-11 17:30:00,6105407.6,0.9907010436926382,0,-0.11,-0.22,-0.11
2013-10-11 17:35:00,5154501.0,0.9895280161705836,0,-0.11,-0.22,-0.11
2013-10-11 17:40:00,4878282.2,0.9910171005069486,0,-0.11,-0.22,-0.11
2013-10-11 17:45:00,5460952.2,0.9897045287989344,0,-0.11,-0.22,-0.11
2013-10-11 17:50:00,5431154.6,0.9898693132116786,0,-0.11,-0.22,-0.11
2013-10-11 17:55:00,6670608.0,0.9903891941158708,0,-0.11,-0.22,-0.11
2013-10-11 18:00:00,6095858.6,0.9904910548297188,0,-0.11,-0.22,-0.11
2013-10-11 18:05:00,6956541.4,0.9901279379957398,0,-0.11,-0.22,-0.11
2013-10-11 18:10:00,6199730.6,0.9901449239744716,0,-0.11,-0.22,-0.11
2013-10-11 18:15:00,5714497.8,0.9907260132790487,0,-0.11,-0.22,-0.11
2013-10-11 18:20:00,6457977.6,0.988749652098043,0,-0.11,-0.22,-0.11
2013-10-11 18:25:00,5753349.2,0.9894953442246084,0,-0.11,-0.22,-0.11
2013-10-11 18:30:00,6047827.2,0.9904663062373988,0,-0.11,-0.22,-0.11
2013-10-11 18:35:00,6658760.6,0.9896220120754003,0,-0.11,-0.22,-0.11
2013-10-11 18:40:00,5845224.0,0.989041090036756,0,-0.11,-0.22,-0.11
2013-10-11 18:45:00,6342895.4,0.9905143720474068,0,-0.11,-0.22,-0.11
2013-10-11 18:50:00,6092819.0,0.9896488769264676,0,-0.11,-0.22,-0.11
2013-10-11 18:55:00,6495620.4,0.9904759796454684,0,-0.11,-0.22,-0.11
2013-10-11 19:00:00,6848253.4,0.9898270945903396,0,-0.11,-0.22,-0.11
2013-10-11 19:05:00,7022389.4,0.9909950750802976,0,-0.11,-0.22,-0.11
2013-10-11 19:10:00,6095139.6,0.989408622402602,0,-0.11,-0.22,-0.11
2013-10-11 19:15:00,5196470.0,0.9909001007086944,0,-0.11,-0.22,-0.11
2013-10-11 19:20:00,6245523.6,0.9898327126154968,0,-0.11,-0.22,-0.11
2013-10-11 19:25:00,6063450.0,0.9895904229851692,0,-0.11,-0.22,-0.11
2013-10-11 19:30:00,5752171.4,0.9897058966113162,0,-0.11,-0.22,-0.11
2013-10-11 19:35:00,6961971.2,0.9905750975720248,0,-0.11,-0.22,-0.11
2013-10-11 19:40:00,5756761.6,0.9901554085154344,0,-0.11,-0.22,-0.11
2013-10-11 19:45:00,6439968.0,0.990133848921102,0,-0.11,-0.22,-0.11
2013-10-11 19:50:00,6029420.4,0.9893631168835588,0,-0.11,-0.22,-0.11
2013-10-11 19:55:00,5526105.2,0.9897817647474648,0,-0.11,-0.22,-0.11
2013-10-11 20:00:00,5683547.4,0.9903065801029738,0,-0.11,-0.22,-0.11
2013-10-11 20:05:00,5640075.6,0.9898053609437762,0,-0.11,-0.22,-0.11
2013-10-11 20:10:00,5640589.8,0.9883718425155228,0,-0.11,-0.22,-0.11
2013-10-11 20:15:00,5567824.0,0.9904373586474444,0,-0.11,-0.22,-0.11
2013-10-11 20:20:00,5077413.0,0.9895658708219264,0,-0.11,-0.22,-0.11
2013-10-11 20:25:00,5764415.0,0.989722139782206,0,-0.11,-0.22,-0.11
2013-10-11 20:30:00,6909404.8,0.9898122612346472,0,-0.11,-0.22,-0.11
2013-10-11 20:35:00,7339086.6,0.9898511500514298,0,-0.11,-0.22,-0.11
2013-10-11 20:40:00,10412561.6,0.9904972139271316,0,-0.11,-0.22,-0.11
2013-10-11 20:45:00,7364122.0,0.99015018337775,0,-0.11,-0.22,-0.11
2013-10-11 20:50:00,5189782.4,0.9897731018831136,0,-0.11,-0.22,-0.11
2013-10-11 20:55:00,3723893.6,0.990171200858229,0,-0.11,-0.22,-0.11
2013-10-11 21:00:00,6623585.8,0.9893379791236268,0,-0.11,-0.22,-0.11
2013-10-11 21:05:00,4414673.2,0.9902342944005522,0,-0.11,-0.22,-0.11
2013-10-11 21:10:00,9307313.4,0.9898297424883579,0,-0.11,-0.22,-0.11
2013-10-11 21:15:00,3958717.2,0.989989282048608,0,-0.11,-0.22,-0.11
2013-10-11 21:20:00,4500197.4,0.990609719671658,0,-0.11,-0.22,-0.11
2013-10-11 21:25:00,4809785.2,0.9906127176948564,0,-0.11,-0.22,-0.11
2013-10-11 21:30:00,4220875.4,0.9904733898706533,0,-0.11,-0.22,-0.11
2013-10-11 21:35:00,4678269.8,0.9902940649517324,0,-0.11,-0.22,-0.11
2013-10-11 21:40:00,4023287.8,0.9894542175343648,0,-0.11,-0.22,-0.11
2013-10-11 21:45:00,4025726.2,0.989639751213273,0,-0.11,-0.22,-0.11
2013-10-11 21:50:00,4899668.2,0.9908365721715676,0,-0.11,-0.22,-0.11
2013-10-11 21:55:00,4500448.2,0.990351651452156,0,-0.11,-0.22,-0.11
2013-10-11 22:00:00,5425124.2,0.9903023169841528,0,-0.11,-0.22,-0.11
2013-10-11 22:05:00,4736342.6,0.9897308375208016,0,-0.11,-0.22,-0.11
2013-10-11 22:10:00,3897116.4,0.9892959974147568,0,-0.11,-0.22,-0.11
2013-10-11 22:15:00,4175719.2,0.9901107169986412,0,-0.11,-0.22,-0.11
2013-10-11 22:20:00,3768877.4,0.9907240646040716,0,-0.11,-0.22,-0.11
2013-10-11 22:25:00,3633691.4,0.9906905587993956,0,-0.11,-0.22,-0.11
2013-10-11 22:30:00,3136307.2,0.9905467865514384,0,-0.11,-0.22,-0.11
2013-10-11 22:35:00,3600642.0,0.9897074218756634,0,-0.11,-0.22,-0.11
2013-10-11 22:40:00,3480859.4,0.9907696345668844,0,-0.11,-0.22,-0.11
2013-10-11 22:45:00,3182200.6,0.9895999118801004,0,-0.11,-0.22,-0.11
2013-10-11 22:50:00,3398359.6,0.9903342470224455,0,-0.11,-0.22,-0.11
2013-10-11 22:55:00,3428305.6,0.9893644159490842,0,-0.11,-0.22,-0.11
2013-10-11 23:00:00,3942081.2,0.990089616680046,0,-0.11,-0.22,-0.11
2013-10-11 23:05:00,3610477.8,0.9891712917088538,0,-0.11,-0.22,-0.11
2013-10-11 23:10:00,2606589.8,0.9906136187489116,0,-0.11,-0.22,-0.11
2013-10-11 23:15:00,2532067.6,0.9903090597182028,0,-0.11,-0.22,-0.11
2013-10-11 23:20:00,3795175.8,0.9916868355185152,0,-0.11,-0.22,-0.11
2013-10-11 23:25:00,4031016.2,0.9899945569199784,0,-0.11,-0.22,-0.11
2013-10-11 23:30:00,3087124.6,0.9895701073519264,0,-0.11,-0.22,-0.11
2013-10-11 23:35:00,2645886.2,0.9899862653575808,0,-0.11,-0.22,-0.11
2013-10-11 23:40:00,2921061.8,0.9898627625042236,0,-0.11,-0.22,-0.11
2013-10-11 23:45:00,2868193.8,0.9895767627398502,0,-0.11,-0.22,-0.11
2013-10-11 23:50:00,3678312.0,0.990013041367142,0,-0.11,-0.22,-0.11
2013-10-11 23:55:00,3993569.2,0.9906660848454194,0,-0.11,-0.22,-0.11
2013-10-12 00:00:00,3155317.8,0.988981845990757,0,-0.11,-0.22,-0.11
2013-10-12 00:05:00,2577275.4,0.9903069956806124,0,-0.11,-0.22,-0.11
2013-10-12 00:10:00,2030924.2,0.9902443149072798,0,-0.11,-0.22,-0.11
2013-10-12 00:15:00,2691552.8,0.9910501727055836,0,-0.11,-0.22,-0.11
2013-10-12 00:20:00,2108746.2,0.9900011278456292,0,-0.11,-0.22,-0.11
2013-10-12 00:25:00,2602548.4,0.9894936346094054,0,-0.11,-0.22,-0.11
2013-10-12 00:30:00,2468735.6,0.9902634888070848,0,-0.11,-0.22,-0.11
2013-10-12 00:35:00,2507354.4,0.989641759135767,0,-0.11,-0.22,-0.11
2013-10-12 00:40:00,2261713.8,0.989991519616365,0,-0.11,-0.22,-0.11
2013-10-12 00:45:00,2457518.2,0.9898779453150436,0,-0.11,-0.22,-0.11
2013-10-12 00:50:00,2418719.6,0.9900368710416536,0,-0.11,-0.22,-0.11
2013-10-12 00:55:00,3111028.0,0.9897733556899644,0,-0.11,-0.22,-0.11
2013-10-12 01:00:00,3591372.8,0.9891914804811316,0,-0.11,-0.22,-0.11
2013-10-12 01:05:00,3041616.4,0.9911412460934788,0,-0.11,-0.22,-0.11
2013-10-12 01:10:00,2416064.8,0.9904356908669752,0,-0.11,-0.22,-0.11
2013-10-12 01:15:00,2395888.0,0.989828988585824,0,-0.11,-0.22,-0.11
2013-10-12 01:20:00,2708144.6,0.9901579211740548,0,-0.11,-0.22,-0.11
2013-10-12 01:25:00,2907673.0,0.990677519810098,0,-0.11,-0.22,-0.11
2013-10-12 01:30:00,2969344.6,0.989779446475932,0,-0.11,-0.22,-0.11
2013-10-12 01:35:00,2668099.4,0.990633668080652,0,-0.11,-0.22,-0.11
2013-10-12 01:40:00,3015050.0,0.9896628554560216,0,-0.11,-0.22,-0.11
2013-10-12 01:45:00,2737246.2,0.9907234559633018,0,-0.11,-0.22,-0.11
2013-10-12 01:50:00,3323086.0,0.9896455663739456,0,-0.11,-0.22,-0.11
2013-10-12 01:55:00,3542606.4,0.9901088388987602,0,-0.11,-0.22,-0.11
2013-10-12 02:00:00,3537503.4,0.9894988248709168,0,-0.11,-0.22,-0.11
2013-10-12 02:05:00,3174286.2,0.9901790646788096,0,-0.11,-0.22,-0.11
2013-10-12 02:10:00,3053158.4,0.9892333522497424,0,-0.11,-0.22,-0.11
2013-10-12 02:15:00,2712443.2,0.9896501407934336,0,-0.11,-0.22,-0.11
2013-10-12 02:20:00,3243322.6,0.990591213516993,0,-0.11,-0.22,-0.11
2013-10-12 02:25:00,2970901.6,0.9901690404487316,0,-0.11,-0.22,-0.11
2013-10-12 02:30:00,3602252.0,0.9905468308148228,0,-0.11,-0.22,-0.11
2013-10-12 02:35:00,3767764.6,0.9900201635734688,0,-0.11,-0.22,-0.11
2013-10-12 02:40:00,3217024.8,0.9900755071284943,0,-0.11,-0.22,-0.11
2013-10-12 02:45:00,3623309.2,0.9892491567901576,0,-0.11,-0.22,-0.11
2013-10-12 02:50:00,3463932.6,0.9905332700233332,0,-0.11,-0.22,-0.11
2013-10-12 02:55:00,3473942.8,0.9907794484661202,0,-0.11,-0.22,-0.11
2013-10-12 03:00:00,4327528.2,0.9902175296058356,0,-0.11,-0.22,-0.11
2013-10-12 03:05:00,4953168.0,0.9904233710132224,0,-0.11,-0.22,-0.11
2013-10-12 03:10:00,6010022.0,0.9904637680504071,0,-0.11,-0.22,-0.11
2013-10-12 03:15:00,3792235.2,0.9904129306716222,0,-0.11,-0.22,-0.11
2013-10-12 03:20:00,5067495.2,0.990028276278122,0,-0.11,-0.22,-0.11
2013-10-12 03:25:00,4178473.4,0.9901327994948821,0,-0.11,-0.22,-0.11
2013-10-12 03:30:00,3722183.4,0.99001234485265,0,-0.11,-0.22,-0.11
2013-10-12 03:35:00,6000974.2,0.989805546950192,0,-0.11,-0.22,-0.11
2013-10-12 03:40:00,3656226.2,0.9910900511589392,0,-0.11,-0.22,-0.11
2013-10-12 03:45:00,3946900.8,0.9902228714259028,0,-0.11,-0.22,-0.11
2013-10-12 03:50:00,3872716.2,0.9903830304556224,0,-0.11,-0.22,-0.11
2013-10-12 03:55:00,3954127.4,0.9901507411158028,0,-0.11,-0.22,-0.11
2013-10-12 04:00:00,3870564.8,0.9895540045255804,0,-0.11,-0.22,-0.11
2013-10-12 04:05:00,3812299.2,0.9900560611238898,0,-0.11,-0.22,-0.11
2013-10-12 04:10:00,3793134.4,0.990851577663972,0,-0.11,-0.22,-0.11
2013-10-12 04:15:00,3610520.8,0.9899424307533548,0,-0.11,-0.22,-0.11
2013-10-12 04:20:00,4167550.6,0.9904128099354722,0,-0.11,-0.22,-0.11
2013-10-12 04:25:00,3844542.6,0.9901070728469304,0,-0.11,-0.22,-0.11
2013-10-12 04:30:00,4094993.0,0.990061171594748,0,-0.11,-0.22,-0.11
2013-10-12 04:35:00,4207063.8,0.9897968161132086,0,-0.11,-0.22,-0.11
2013-10-12 04:40:00,4017962.2,0.9902815521992264,0,-0.11,-0.22,-0.11
2013-10-12 04:45:00,4211817.8,0.9896846607291104,0,-0.11,-0.22,-0.11
2013-10-12 04:50:00,4397386.8,0.9900224769329944,0,-0.11,-0.22,-0.11
2013-10-12 04:55:00,3821873.6,0.9898653928074987,0,-0.11,-0.22,-0.11
2013-10-12 05:00:00,3433559.8,0.9901745228733816,0,-0.11,-0.22,-0.11
2013-10-12 05:05:00,3552335.0,0.9901262633165252,0,-0.11,-0.22,-0.11
2013-10-12 05:10:00,2997523.4,0.9897801299752242,0,-0.11,-0.22,-0.11
2013-10-12 05:15:00,4158629.4,0.9896315274941934,0,-0.11,-0.22,-0.11
2013-10-12 05:20:00,3505453.6,0.9902484549277903,0,-0.11,-0.22,-0.11
2013-10-12 05:25:00,3596603.0,0.9895720105924704,0,-0.11,-0.22,-0.11
2013-10-12 05:30:00,3458603.8,0.9897222385021,0,-0.11,-0.22,-0.11
2013-10-12 05:35:00,4103340.4,0.9897945140809198,0,-0.11,-0.22,-0.11
2013-10-12 05:40:00,3722259.6,0.9903238403409542,0,-0.11,-0.22,-0.11
2013-10-12 05:45:00,3310317.8,0.9904454341661462,0,-0.11,-0.22,-0.11
2013-10-12 05:50:00,3180112.2,0.9900395502572252,0,-0.11,-0.22,-0.11
2013-10-12 05:55:00,2763020.2,0.9901435302538459,0,-0.11,-0.22,-0.11
2013-10-12 06:00:00,3481835.8,0.9891093295762804,0,-0.11,-0.22,-0.11
2013-10-12 06:05:00,3115962.0,0.9900153031821026,0,-0.11,-0.22,-0.11
2013-10-12 06:10:00,3758110.6,0.9905167820644272,0,-0.11,-0.22,-0.11
2013-10-12 06:15:00,3146130.6,0.9894585012480854,0,-0.11,-0.22,-0.11
2013-10-12 06:20:00,3678237.8,0.9894458631535744,0,-0.11,-0.22,-0.11
2013-10-12 06:25:00,3332586.2,0.9901876892754262,0,-0.11,-0.22,-0.11
2013-10-12 06:30:00,3376556.8,0.9901877721066752,0,-0.11,-0.22,-0.11
2013-10-12 06:35:00,2932539.4,0.9900151171232824,0,-0.11,-0.22,-0.11
2013-10-12 06:40:00,3868952.0,0.9901352295118506,0,-0.11,-0.22,-0.11
2013-10-12 06:45:00,4180022.4,0.989782237754672,0,-0.11,-0.22,-0.11
2013-10-12 06:50:00,2911885.2,0.9910454574143992,0,-0.11,-0.22,-0.11
2013-10-12 06:55:00,3045753.4,0.9905790868368558,0,-0.11,-0.22,-0.11
2013-10-12 07:00:00,3893686.2,0.9898745484573901,0,-0.11,-0.22,-0.11
2013-10-12 07:05:00,3498895.4,0.9894971103442016,0,-0.11,-0.22,-0.11
2013-10-12 07:10:00,2484609.8,0.990048052816734,0,-0.11,-0.22,-0.11
2013-10-12 07:15:00,3153370.4,0.9901492398048596,0,-0.11,-0.22,-0.11
2013-10-12 07:20:00,2963782.0,0.9900939549100506,0,-0.11,-0.22,-0.11
2013-10-12 07:25:00,3208165.8,0.9898740375116376,0,-0.11,-0.22,-0.11
2013-10-12 07:30:00,3842270.6,0.9895030176533977,0,-0.11,-0.22,-0.11
2013-10-12 07:35:00,2712457.0,0.9903240256244202,0,-0.11,-0.22,-0.11
2013-10-12 07:40:00,2525058.4,0.9904796378889588,0,-0.11,-0.22,-0.11
2013-10-12 07:45:00,2654476.6,0.9900184511198586,0,-0.11,-0.22,-0.11
2013-10-12 07:50:00,2774432.8,0.9901405872151676,0,-0.11,-0.22,-0.11
2013-10-12 07:55:00,3125988.4,0.9896895356825259,0,-0.11,-0.22,-0.11
2013-10-12 08:00:00,2628484.4,0.9903680417274876,0,-0.11,-0.22,-0.11
2013-10-12 08:05:00,2750668.8,0.9898321981874392,0,-0.11,-0.22,-0.11
2013-10-12 08:10:00,2121267.8,0.9900901257831394,0,-0.11,-0.22,-0.11
2013-10-12 08:15:00,2423121.0,0.9902675818868673,0,-0.11,-0.22,-0.11
2013-10-12 08:20:00,2492465.2,0.9910762680276076,0,-0.11,-0.22,-0.11
2013-10-12 08:25:00,2205542.4,0.9905814402921248,0,-0.11,-0.22,-0.11
2013-10-12 08:30:00,2244046.4,0.9894684018443808,0,-0.11,-0.22,-0.11
2013-10-12 08:35:00,2289428.2,0.9897298046565224,0,-0.11,-0.22,-0.11
2013-10-12 08:40:00,2335671.2,0.9893478891382532,0,-0.11,-0.22,-0.11
2013-10-12 08:45:00,1986150.4,0.9898630861350028,0,-0.11,-0.22,-0.11
2013-10-12 08:50:00,1974910.2,0.9910568556999676,0,-0.11,-0.22,-0.11
2013-10-12 08:55:00,1931628.8,0.9891465030168038,0,-0.11,-0.22,-0.11
2013-10-12 09:00:00,2256923.0,0.9903397797638868,0,-0.11,-0.22,-0.11
2013-10-12 09:05:00,1563206.2,0.9892816625197346,0,-0.11,-0.22,-0.11
2013-10-12 09:10:00,1680554.4,0.9904971342304434,0,-0.11,-0.22,-0.11
2013-10-12 09:15:00,1435048.2,0.9899137450166644,0,-0.11,-0.22,-0.11
2013-10-12 09:20:00,1445570.2,0.990018357358499,0,-0.11,-0.22,-0.11
2013-10-12 09:25:00,1230529.0,0.9899603456871716,0,-0.11,-0.22,-0.11
2013-10-12 09:30:00,1292470.8,0.9901692937412784,0,-0.11,-0.22,-0.11
2013-10-12 09:35:00,1377636.6,0.9903365932218321,0,-0.11,-0.22,-0.11
2013-10-12 09:40:00,1814704.4,0.9893510523439364,0,-0.11,-0.22,-0.11
2013-10-12 09:45:00,1646375.8,0.9896844267846752,0,-0.11,-0.22,-0.11
2013-10-12 09:50:00,1589812.0,0.9899000242113668,0,-0.11,-0.22,-0.11
2013-10-12 09:55:00,2908752.2,0.9903272850448044,0,-0.11,-0.22,-0.11
2013-10-12 10:00:00,2209294.8,0.9910966737845652,0,-0.11,-0.22,-0.11
2013-10-12 10:05:00,2293599.8,0.9897609260548332,0,-0.11,-0.22,-0.11
2013-10-12 10:10:00,2518515.2,0.990566934146615,0,-0.11,-0.22,-0.11
2013-10-12 10:15:00,2368925.2,0.9890285782565524,0,-0.11,-0.22,-0.11
2013-10-12 10:20:00,2418048.6,0.9887960660444668,0,-0.11,-0.22,-0.11
2013-10-12 10:25:00,2574732.0,0.9905202915597004,0,-0.11,-0.22,-0.11
2013-10-12 10:30:00,2560719.6,0.9901943844893066,0,-0.11,-0.22,-0.11
2013-10-12 10:35:00,2998595.0,0.9907143600907212,0,-0.11,-0.22,-0.11
2013-10-12 10:40:00,2464394.8,0.9907943370042682,0,-0.11,-0.22,-0.11
2013-10-12 10:45:00,2695531.6,0.9900898820362452,0,-0.11,-0.22,-0.11
2013-10-12 10:50:00,2881381.6,0.9897856448960194,0,-0.11,-0.22,-0.11
2013-10-12 10:55:00,2912230.4,0.9902498547187182,0,-0.11,-0.22,-0.11
2013-10-12 11:00:00,3149090.6,0.9897280525380548,0,-0.11,-0.22,-0.11
2013-10-12 11:05:00,3296592.0,0.9897267081545604,0,-0.11,-0.22,-0.11
2013-10-12 11:10:00,3696286.2,0.99005724337294,0,-0.11,-0.22,-0.11
2013-10-12 11:15:00,2925279.8,0.9898908385662656,0,-0.11,-0.22,-0.11
2013-10-12 11:20:00,3628548.8,0.989876394594172,0,-0.11,-0.22,-0.11
2013-10-12 11:25:00,3048131.8,0.9899076731053184,0,-0.11,-0.22,-0.11
2013-10-12 11:30:00,2474744.6,0.989454921317494,0,-0.11,-0.22,-0.11
2013-10-12 11:35:00,2733783.8,0.9905565019610422,0,-0.11,-0.22,-0.11
2013-10-12 11:40:00,2876619.2,0.9901839352693114,0,-0.11,-0.22,-0.11
2013-10-12 11:45:00,2426435.2,0.9904873491965536,0,-0.11,-0.22,-0.11
2013-10-12 11:50:00,2877881.2,0.9899584748618381,0,-0.11,-0.22,-0.11
2013-10-12 11:55:00,2236777.4,0.9909439207891099,0,-0.11,-0.22,-0.11
2013-10-12 12:00:00,2424895.6,0.9901822581273341,0,-0.11,-0.22,-0.11
2013-10-12 12:05:00,2036357.0,0.9899743627594744,0,-0.11,-0.22,-0.11
2013-10-12 12:10:00,3273247.8,0.9900747357096666,0,-0.11,-0.22,-0.11
2013-10-12 12:15:00,2225564.4,0.9903532475964584,0,-0.11,-0.22,-0.11
2013-10-12 12:20:00,2773553.4,0.9899086797997322,0,-0.11,-0.22,-0.11
2013-10-12 12:25:00,3272074.8,0.9899288104293223,0,-0.11,-0.22,-0.11
2013-10-12 12:30:00,2563503.8,0.990892433540149,0,-0.11,-0.22,-0.11
2013-10-12 12:35:00,3315340.6,0.9903324924472492,0,-0.11,-0.22,-0.11
2013-10-12 12:40:00,2490231.6,0.9895896707257956,0,-0.11,-0.22,-0.11
2013-10-12 12:45:00,2685661.4,0.9909566903711332,0,-0.11,-0.22,-0.11
2013-10-12 12:50:00,2783047.8,0.9896930583341954,0,-0.11,-0.22,-0.11
2013-10-12 12:55:00,2494818.8,0.9904689894851262,0,-0.11,-0.22,-0.11
2013-10-12 13:00:00,2915377.0,0.9896321463120841,0,-0.11,-0.22,-0.11
2013-10-12 13:05:00,2100844.8,0.9893945118155052,0,-0.11,-0.22,-0.11
2013-10-12 13:10:00,2932784.4,0.9897824935967952,0,-0.11,-0.22,-0.11
2013-10-12 13:15:00,3113921.8,0.9898279731205344,0,-0.11,-0.22,-0.11
2013-10-12 13:20:00,2679085.2,0.9895008966001302,0,-0.11,-0.22,-0.11
2013-10-12 13:25:00,2981291.6,0.9891250684578692,0,-0.11,-0.22,-0.11
2013-10-12 13:30:00,3528916.2,0.9901635884178904,0,-0.11,-0.22,-0.11
2013-10-12 13:35:00,3714299.6,0.9893754878757786,0,-0.11,-0.22,-0.11
2013-10-12 13:40:00,2506308.4,0.9906875806486948,0,-0.11,-0.22,-0.11
2013-10-12 13:45:00,2977082.8,0.9901001552512751,0,-0.11,-0.22,-0.11
2013-10-12 13:50:00,2654474.0,0.9894554350284998,0,-0.11,-0.22,-0.11
2013-10-12 13:55:00,2747757.6,0.9900565475342858,0,-0.11,-0.22,-0.11
2013-10-12 14:00:00,3425450.2,0.9897110297743886,0,-0.11,-0.22,-0.11
2013-10-12 14:05:00,2860588.4,0.9895110092828524,0,-0.11,-0.22,-0.11
2013-10-12 14:10:00,2602600.6,0.9903112027489948,0,-0.11,-0.22,-0.11
2013-10-12 14:15:00,3064562.4,0.9893995857855216,0,-0.11,-0.22,-0.11
2013-10-12 14:20:00,2678636.4,0.9902488690935066,0,-0.11,-0.22,-0.11
2013-10-12 14:25:00,2811047.4,0.9899711466035196,0,-0.11,-0.22,-0.11
2013-10-12 14:30:00,2986170.0,0.9895943813985556,0,-0.11,-0.22,-0.11
2013-10-12 14:35:00,3030498.2,0.9907796586301616,0,-0.11,-0.22,-0.11
2013-10-12 14:40:00,1992914.2,0.9897058833398872,0,-0.11,-0.22,-0.11
2013-10-12 14:45:00,2307638.6,0.9900236812097272,0,-0.11,-0.22,-0.11
2013-10-12 14:50:00,2916463.0,0.9902080867933636,0,-0.11,-0.22,-0.11
2013-10-12 14:55:00,3218693.2,0.990422229114104,0,-0.11,-0.22,-0.11
2013-10-12 15:00:00,4232165.4,0.9896899471595696,0,-0.11,-0.22,-0.11
2013-10-12 15:05:00,4293438.2,0.9900910023458406,0,-0.11,-0.22,-0.11
2013-10-12 15:10:00,5731243.0,0.9898271407693652,0,-0.11,-0.22,-0.11
2013-10-12 15:15:00,3331719.8,0.9905722164942458,0,-0.11,-0.22,-0.11
2013-10-12 15:20:00,3883587.8,0.9901826067601196,0,-0.11,-0.22,-0.11
2013-10-12 15:25:00,3271342.2,0.9904995745229423,0,-0.11,-0.22,-0.11
2013-10-12 15:30:00,2942843.2,0.9902942399321109,0,-0.11,-0.22,-0.11
2013-10-12 15:35:00,3694746.0,0.9903267287839166,0,-0.11,-0.22,-0.11
2013-10-12 15:40:00,3642126.4,0.990125920402301,0,-0.11,-0.22,-0.11
2013-10-12 15:45:00,3734729.0,0.9902699248493624,0,-0.11,-0.22,-0.11
2013-10-12 15:50:00,3394430.6,0.9884230634652158,0,-0.11,-0.22,-0.11
2013-10-12 15:55:00,3529268.4,0.9900503176367764,0,-0.11,-0.22,-0.11
2013-10-12 16:00:00,3715568.8,0.9897493083475342,0,-0.11,-0.22,-0.11
2013-10-12 16:05:00,3746838.6,0.9900483545091112,0,-0.11,-0.22,-0.11
2013-10-12 16:10:00,4208361.2,0.9899790446961816,0,-0.11,-0.22,-0.11
2013-10-12 16:15:00,4003901.8,0.9898850630597218,0,-0.11,-0.22,-0.11
2013-10-12 16:20:00,3824163.8,0.9901478564009242,0,-0.11,-0.22,-0.11
2013-10-12 16:25:00,3375125.8,0.9900634461995484,0,-0.11,-0.22,-0.11
2013-10-12 16:30:00,3540937.0,0.990621079838416,0,-0.11,-0.22,-0.11
2013-10-12 16:35:00,3146923.2,0.9901737190783728,0,-0.11,-0.22,-0.11
2013-10-12 16:40:00,4168467.0,0.990198128522986,0,-0.11,-0.22,-0.11
2013-10-12 16:45:00,3349810.2,0.990265229055796,0,-0.11,-0.22,-0.11
2013-10-12 16:50:00,3187740.8,0.9903147082570198,0,-0.11,-0.22,-0.11
2013-10-12 16:55:00,3217855.6,0.9902397013167878,0,-0.11,-0.22,-0.11
2013-10-12 17:00:00,3205658.2,0.9904112996232256,0,-0.11,-0.22,-0.11
2013-10-12 17:05:00,2214341.8,0.990269232636424,0,-0.11,-0.22,-0.11
2013-10-12 17:10:00,2062268.8,0.9900345637715168,0,-0.11,-0.22,-0.11
2013-10-12 17:15:00,2550043.2,0.9906479664046632,0,-0.11,-0.22,-0.11
2013-10-12 17:20:00,2092985.2,0.9890936644966616,0,-0.11,-0.22,-0.11
2013-10-12 17:25:00,3150399.8,0.9903752720783482,0,-0.11,-0.22,-0.11
2013-10-12 17:30:00,2122509.2,0.9898767992188712,0,-0.11,-0.22,-0.11
2013-10-12 17:35:00,2788856.2,0.9906102086276972,0,-0.11,-0.22,-0.11
2013-10-12 17:40:00,2321360.2,0.989113711011433,0,-0.11,-0.22,-0.11
2013-10-12 17:45:00,2890855.4,0.9898568645692579,0,-0.11,-0.22,-0.11
2013-10-12 17:50:00,4035097.6,0.9890615616193928,0,-0.11,-0.22,-0.11
2013-10-12 17:55:00,3497103.6,0.9898727566726664,0,-0.11,-0.22,-0.11
2013-10-12 18:00:00,3170049.2,0.9891754629748748,0,-0.11,-0.22,-0.11
2013-10-12 18:05:00,3004455.6,0.9899552139591936,0,-0.11,-0.22,-0.11
2013-10-12 18:10:00,3466245.8,0.9900316514475426,0,-0.11,-0.22,-0.11
2013-10-12 18:15:00,3331877.8,0.989834126578342,0,-0.11,-0.22,-0.11
2013-10-12 18:20:00,2944188.8,0.9896680841227646,0,-0.11,-0.22,-0.11
2013-10-12 18:25:00,3491523.4,0.9901691948111596,0,-0.11,-0.22,-0.11
2013-10-12 18:30:00,4161306.2,0.989935750290412,0,-0.11,-0.22,-0.11
2013-10-12 18:35:00,2824246.4,0.9906859685497036,0,-0.11,-0.22,-0.11
2013-10-12 18:40:00,3238769.0,0.9895830539156172,0,-0.11,-0.22,-0.11
2013-10-12 18:45:00,3347327.8,0.9909842361592126,0,-0.11,-0.22,-0.11
2013-10-12 18:50:00,3104582.8,0.9897501094371532,0,-0.11,-0.22,-0.11
2013-10-12 18:55:00,3044250.2,0.9904680658032248,0,-0.11,-0.22,-0.11
2013-10-12 19:00:00,3441568.0,0.9897818990762516,0,-0.11,-0.22,-0.11
2013-10-12 19:05:00,3898819.6,0.9901005439859416,0,-0.11,-0.22,-0.11
2013-10-12 19:10:00,3327445.8,0.9903081724640844,0,-0.11,-0.22,-0.11
2013-10-12 19:15:00,3769617.8,0.9899758401286572,0,-0.11,-0.22,-0.11
2013-10-12 19:20:00,4145610.0,0.9903665517078064,0,-0.11,-0.22,-0.11
2013-10-12 19:25:00,4461434.6,0.9910303363926576,0,-0.11,-0.22,-0.11
2013-10-12 19:30:00,3386405.4,0.9903516653344344,0,-0.11,-0.22,-0.11
2013-10-12 19:35:00,7170114.6,0.9907663388859834,0,-0.11,-0.22,-0.11
2013-10-12 19:40:00,3835937.6,0.9901936607529592,0,-0.11,-0.22,-0.11
2013-10-12 19:45:00,3849577.0,0.990536468971062,0,-0.11,-0.22,-0.11
2013-10-12 19:50:00,4728437.0,0.9901994555188836,0,-0.11,-0.22,-0.11
2013-10-12 19:55:00,3653101.4,0.9896824251743156,0,-0.11,-0.22,-0.11
2013-10-12 20:00:00,3423475.4,0.9897814112569848,0,-0.11,-0.22,-0.11
2013-10-12 20:05:00,3319426.2,0.9902582301767648,0,-0.11,-0.22,-0.11
2013-10-12 20:10:00,3426644.4,0.9909894541204164,0,-0.11,-0.22,-0.11
2013-10-12 20:15:00,3285794.4,0.9894178385235192,0,-0.11,-0.22,-0.11
2013-10-12 20:20:00,3850047.6,0.9894233539598016,0,-0.11,-0.22,-0.11
2013-10-12 20:25:00,3685854.4,0.9902757414501032,0,-0.11,-0.22,-0.11
2013-10-12 20:30:00,3379478.6,0.9895786651773072,0,-0.11,-0.22,-0.11
2013-10-12 20:35:00,3566683.4,0.9898442381689024,0,-0.11,-0.22,-0.11
2013-10-12 20:40:00,3590507.8,0.9903343012579662,0,-0.11,-0.22,-0.11
2013-10-12 20:45:00,3402758.4,0.9905187027789606,0,-0.11,-0.22,-0.11
2013-10-12 20:50:00,3548430.0,0.9895744580444444,0,-0.11,-0.22,-0.11
2013-10-12 20:55:00,3619610.4,0.9898696486465568,0,-0.11,-0.22,-0.11
2013-10-12 21:00:00,3748961.4,0.9891197462013792,0,-0.11,-0.22,-0.11
2013-10-12 21:05:00,3559610.4,0.989214928127962,0,-0.11,-0.22,-0.11
2013-10-12 21:10:00,5178590.8,0.9901108638712676,0,-0.11,-0.22,-0.11
2013-10-12 21:15:00,6822890.4,0.9901517728547016,0,-0.11,-0.22,-0.11
2013-10-12 21:20:00,3652706.2,0.99035821920204,0,-0.11,-0.22,-0.11
2013-10-12 21:25:00,3923214.0,0.9899224280171832,0,-0.11,-0.22,-0.11
2013-10-12 21:30:00,3458745.6,0.9898481809550959,0,-0.11,-0.22,-0.11
2013-10-12 21:35:00,4955067.8,0.9893366844468712,0,-0.11,-0.22,-0.11
2013-10-12 21:40:00,4262822.6,0.9899771845497156,0,-0.11,-0.22,-0.11
2013-10-12 21:45:00,3248786.2,0.9907931446380268,0,-0.11,-0.22,-0.11
2013-10-12 21:50:00,2712873.6,0.9893482423667952,0,-0.11,-0.22,-0.11
2013-10-12 21:55:00,4488676.8,0.9905583326517108,0,-0.11,-0.22,-0.11
2013-10-12 22:00:00,3780386.6,0.9897893012403836,0,-0.11,-0.22,-0.11
2013-10-12 22:05:00,3801917.8,0.9893370864193805,0,-0.11,-0.22,-0.11
2013-10-12 22:10:00,3410020.4,0.9891804107400248,0,-0.11,-0.22,-0.11
2013-10-12 22:15:00,4013800.2,0.9899613756361714,0,-0.11,-0.22,-0.11
2013-10-12 22:20:00,3837695.0,0.9896966195991314,0,-0.11,-0.22,-0.11
2013-10-12 22:25:00,3715738.8,0.9905079029024084,0,-0.11,-0.22,-0.11
2013-10-12 22:30:00,3156862.4,0.9904793518887508,0,-0.11,-0.22,-0.11
2013-10-12 22:35:00,3447375.0,0.990109226221962,0,-0.11,-0.22,-0.11
2013-10-12 22:40:00,3909523.0,0.9900173262623204,0,-0.11,-0.22,-0.11
2013-10-12 22:45:00,4083487.2,0.9895769168455092,0,-0.11,-0.22,-0.11
2013-10-12 22:50:00,3410969.8,0.9899868970748236,0,-0.11,-0.22,-0.11
2013-10-12 22:55:00,3630547.6,0.9891513436692644,0,-0.11,-0.22,-0.11
2013-10-12 23:00:00,3579646.0,0.98988858706937,0,-0.11,-0.22,-0.11
2013-10-12 23:05:00,3518559.0,0.9899759078398684,0,-0.11,-0.22,-0.11
2013-10-12 23:10:00,3615376.2,0.9896854889762816,0,-0.11,-0.22,-0.11
2013-10-12 23:15:00,3579870.0,0.9900123260368608,0,-0.11,-0.22,-0.11
2013-10-12 23:20:00,3914775.4,0.9900474568343725,0,-0.11,-0.22,-0.11
2013-10-12 23:25:00,3026430.0,0.9904015305726503,0,-0.11,-0.22,-0.11
2013-10-12 23:30:00,3681278.0,0.9906404251479844,0,-0.11,-0.22,-0.11
2013-10-12 23:35:00,3655270.0,0.9907203494757898,0,-0.11,-0.22,-0.11
2013-10-12 23:40:00,3117778.6,0.9898530056238012,0,-0.11,-0.22,-0.11
2013-10-12 23:45:00,3464887.8,0.9900148972946312,0,-0.11,-0.22,-0.11
2013-10-12 23:50:00,3490145.6,0.9907346314982612,0,-0.11,-0.22,-0.11
2013-10-12 23:55:00,3530907.4,0.9900189026766172,0,-0.11,-0.22,-0.11
2013-10-13 00:00:00,3536547.4,0.9905132960297662,0,-0.11,-0.22,-0.11
2013-10-13 00:05:00,3438769.8,0.9897895780971654,0,-0.11,-0.22,-0.11
2013-10-13 00:10:00,2592687.8,0.9900842283451116,0,-0.11,-0.22,-0.11
2013-10-13 00:15:00,1960360.2,0.9899656201001042,0,-0.11,-0.22,-0.11
2013-10-13 00:20:00,2025196.8,0.9902689744770926,0,-0.11,-0.22,-0.11
2013-10-13 00:25:00,1716619.8,0.9895605813117556,0,-0.11,-0.22,-0.11
2013-10-13 00:30:00,1789308.0,0.9890213915426552,0,-0.11,-0.22,-0.11
2013-10-13 00:35:00,1892481.0,0.9903383696920848,0,-0.11,-0.22,-0.11
2013-10-13 00:40:00,1726840.4,0.9895164135307803,0,-0.11,-0.22,-0.11
2013-10-13 00:45:00,1878791.8,0.9904623111586812,0,-0.11,-0.22,-0.11
2013-10-13 00:50:00,1792245.2,0.9904837502803832,0,-0.11,-0.22,-0.11
2013-10-13 00:55:00,1458174.2,0.9906345962897074,0,-0.11,-0.22,-0.11
2013-10-13 01:00:00,1740755.8,0.9900532623830556,0,-0.11,-0.22,-0.11
2013-10-13 01:05:00,1807006.8,0.9892953001457746,0,-0.11,-0.22,-0.11
2013-10-13 01:10:00,2307076.8,0.9895655690551824,0,-0.11,-0.22,-0.11
2013-10-13 01:15:00,3108940.6,0.9890253522853818,0,-0.11,-0.22,-0.11
2013-10-13 01:20:00,3450633.2,0.9900126511021456,0,-0.11,-0.22,-0.11
2013-10-13 01:25:00,3664786.4,0.9889966769731736,0,-0.11,-0.22,-0.11
2013-10-13 01:30:00,4118068.8,0.9899016705938576,0,-0.11,-0.22,-0.11
2013-10-13 01:35:00,4053222.6,0.9896843812377116,0,-0.11,-0.22,-0.11
2013-10-13 01:40:00,4201796.4,0.9905265135695808,0,-0.11,-0.22,-0.11
2013-10-13 01:45:00,4304214.2,0.9903426653981386,0,-0.11,-0.22,-0.11
2013-10-13 01:50:00,4524176.6,0.9897949330329536,0,-0.11,-0.22,-0.11
2013-10-13 01:55:00,4352175.4,0.9903141844586916,0,-0.11,-0.22,-0.11
2013-10-13 02:00:00,4193209.2,0.991083488227167,0,-0.11,-0.22,-0.11
2013-10-13 02:05:00,4482098.2,0.9898599259167132,0,-0.11,-0.22,-0.11
2013-10-13 02:10:00,4644432.8,0.9910236358711748,0,-0.11,-0.22,-0.11
2013-10-13 02:15:00,4435991.6,0.9909480969929102,0,-0.11,-0.22,-0.11
2013-10-13 02:20:00,4417648.0,0.9894772225221418,0,-0.11,-0.22,-0.11
2013-10-13 02:25:00,4486779.6,0.9897357882299808,0,-0.11,-0.22,-0.11
2013-10-13 02:30:00,4538636.0,0.9898463147410026,0,-0.11,-0.22,-0.11
2013-10-13 02:35:00,4461462.4,0.9898652048059512,0,-0.11,-0.22,-0.11
2013-10-13 02:40:00,4468985.0,0.98962529758019,0,-0.11,-0.22,-0.11
2013-10-13 02:45:00,4612245.8,0.9908990751157332,0,-0.11,-0.22,-0.11
2013-10-13 02:50:00,4484731.4,0.9913879736704698,0,-0.11,-0.22,-0.11
2013-10-13 02:55:00,4642155.2,0.9899581721149636,0,-0.11,-0.22,-0.11
2013-10-13 03:00:00,4893176.2,0.9902086299554566,0,-0.11,-0.22,-0.11
2013-10-13 03:05:00,5549813.8,0.9899870037913908,0,-0.11,-0.22,-0.11
2013-10-13 03:10:00,6179932.6,0.9907033831234888,0,-0.11,-0.22,-0.11
2013-10-13 03:15:00,5105403.4,0.99005355640564,0,-0.11,-0.22,-0.11
2013-10-13 03:20:00,4451766.6,0.9895942114407544,0,-0.11,-0.22,-0.11
2013-10-13 03:25:00,4481147.0,0.9904696608084098,0,-0.11,-0.22,-0.11
2013-10-13 03:30:00,4694028.6,0.9906015977315776,0,-0.11,-0.22,-0.11
2013-10-13 03:35:00,4430812.4,0.9904602366066504,0,-0.11,-0.22,-0.11
2013-10-13 03:40:00,4501812.4,0.9903466096379578,0,-0.11,-0.22,-0.11
2013-10-13 03:45:00,4637840.2,0.9892595532363921,0,-0.11,-0.22,-0.11
2013-10-13 03:50:00,4893904.4,0.9896940012614014,0,-0.11,-0.22,-0.11
2013-10-13 03:55:00,4580558.0,0.9904095546602296,0,-0.11,-0.22,-0.11
2013-10-13 04:00:00,4631284.0,0.9893738069448019,0,-0.11,-0.22,-0.11
2013-10-13 04:05:00,4510029.8,0.9904918679304155,0,-0.11,-0.22,-0.11
2013-10-13 04:10:00,4531931.8,0.9895671592955576,0,-0.11,-0.22,-0.11
2013-10-13 04:15:00,4951073.2,0.9899339442197304,0,-0.11,-0.22,-0.11
2013-10-13 04:20:00,4744324.6,0.9909527021709522,0,-0.11,-0.22,-0.11
2013-10-13 04:25:00,4864875.0,0.9895227251771468,0,-0.11,-0.22,-0.11
2013-10-13 04:30:00,4681125.8,0.9893381041521248,0,-0.11,-0.22,-0.11
2013-10-13 04:35:00,4368098.8,0.9902455989210328,0,-0.11,-0.22,-0.11
2013-10-13 04:40:00,4687881.2,0.9905450230479868,0,-0.11,-0.22,-0.11
2013-10-13 04:45:00,5001344.0,0.9906113397630624,0,-0.11,-0.22,-0.11
2013-10-13 04:50:00,4618461.8,0.9905955334372959,0,-0.11,-0.22,-0.11
2013-10-13 04:55:00,4584497.4,0.9910926267776734,0,-0.11,-0.22,-0.11
2013-10-13 05:00:00,4755072.8,0.9895216153909728,0,-0.11,-0.22,-0.11
2013-10-13 05:05:00,4852368.4,0.9896594404162824,0,-0.11,-0.22,-0.11
2013-10-13 05:10:00,4795987.8,0.9900114476523648,0,-0.11,-0.22,-0.11
2013-10-13 05:15:00,4832927.0,0.9902316119175854,0,-0.11,-0.22,-0.11
2013-10-13 05:20:00,4690033.4,0.9906447446780712,0,-0.11,-0.22,-0.11
2013-10-13 05:25:00,4729095.2,0.9889638900588164,0,-0.11,-0.22,-0.11
2013-10-13 05:30:00,4726369.6,0.9906673708229674,0,-0.11,-0.22,-0.11
2013-10-13 05:35:00,4429855.8,0.9897027386345126,0,-0.11,-0.22,-0.11
2013-10-13 05:40:00,4617503.6,0.9902131147160792,0,-0.11,-0.22,-0.11
2013-10-13 05:45:00,4952628.8,0.9894693731049335,0,-0.11,-0.22,-0.11
2013-10-13 05:50:00,4256910.4,0.9898814859796522,0,-0.11,-0.22,-0.11
2013-10-13 05:55:00,4674205.4,0.9902141697045924,0,-0.11,-0.22,-0.11
2013-10-13 06:00:00,4440490.8,0.9904925212077867,0,-0.11,-0.22,-0.11
2013-10-13 06:05:00,4634800.4,0.9903485333532728,0,-0.11,-0.22,-0.11
2013-10-13 06:10:00,4207472.8,0.989700100851005,0,-0.11,-0.22,-0.11
2013-10-13 06:15:00,4063905.4,0.9898178604680254,0,-0.11,-0.22,-0.11
2013-10-13 06:20:00,4231708.6,0.9900646996026392,0,-0.11,-0.22,-0.11
2013-10-13 06:25:00,4443433.0,0.9904529212983738,0,-0.11,-0.22,-0.11
2013-10-13 06:30:00,4569577.8,0.9898887940090444,0,-0.11,-0.22,-0.11
2013-10-13 06:35:00,4232463.6,0.9897412564514372,0,-0.11,-0.22,-0.11
2013-10-13 06:40:00,4530729.6,0.9894924581722632,0,-0.11,-0.22,-0.11
2013-10-13 06:45:00,5188727.4,0.9895573190425352,0,-0.11,-0.22,-0.11
2013-10-13 06:50:00,3816894.8,0.9899892311607428,0,-0.11,-0.22,-0.11
2013-10-13 06:55:00,4050048.6,0.9897845359733848,0,-0.11,-0.22,-0.11
2013-10-13 07:00:00,4632655.0,0.9897009076822316,0,-0.11,-0.22,-0.11
2013-10-13 07:05:00,4331165.4,0.9897384231978356,0,-0.11,-0.22,-0.11
2013-10-13 07:10:00,4256816.4,0.9897232206593882,0,-0.11,-0.22,-0.11
2013-10-13 07:15:00,4514565.0,0.9900346265757122,0,-0.11,-0.22,-0.11
2013-10-13 07:20:00,4231642.8,0.98915344906721,0,-0.11,-0.22,-0.11
2013-10-13 07:25:00,3996057.0,0.9905674282686908,0,-0.11,-0.22,-0.11
2013-10-13 07:30:00,3821746.8,0.9900704539659818,0,-0.11,-0.22,-0.11
2013-10-13 07:35:00,3693434.8,0.9898159499246412,0,-0.11,-0.22,-0.11
2013-10-13 07:40:00,4069099.2,0.9895229116248396,0,-0.11,-0.22,-0.11
2013-10-13 07:45:00,4101726.8,0.9895230507880928,0,-0.11,-0.22,-0.11
2013-10-13 07:50:00,4205671.8,0.9897668832241544,0,-0.11,-0.22,-0.11
2013-10-13 07:55:00,3989263.6,0.9900858466626852,0,-0.11,-0.22,-0.11
2013-10-13 08:00:00,3828862.0,0.9904885116368836,0,-0.11,-0.22,-0.11
2013-10-13 08:05:00,3641686.6,0.9906646168778308,0,-0.11,-0.22,-0.11
2013-10-13 08:10:00,3324261.6,0.99029137432034,0,-0.11,-0.22,-0.11
2013-10-13 08:15:00,3584599.2,0.9904309069323464,0,-0.11,-0.22,-0.11
2013-10-13 08:20:00,3401789.8,0.9903996177080802,0,-0.11,-0.22,-0.11
2013-10-13 08:25:00,3171775.2,0.9903029729776124,0,-0.11,-0.22,-0.11
2013-10-13 08:30:00,2938971.8,0.9904898509442336,0,-0.11,-0.22,-0.11
2013-10-13 08:35:00,2675676.2,0.9903740312155022,0,-0.11,-0.22,-0.11
2013-10-13 08:40:00,2022947.8,0.9891760539384872,0,-0.11,-0.22,-0.11
2013-10-13 08:45:00,2613405.8,0.9902029135150084,0,-0.11,-0.22,-0.11
2013-10-13 08:50:00,3074915.6,0.9905168720013884,0,-0.11,-0.22,-0.11
2013-10-13 08:55:00,3454406.6,0.9898037930889324,0,-0.11,-0.22,-0.11
2013-10-13 09:00:00,3953057.8,0.9899749555888172,0,-0.11,-0.22,-0.11
2013-10-13 09:05:00,4346876.8,0.9904793716941028,0,-0.11,-0.22,-0.11
2013-10-13 09:10:00,4690494.2,0.9898181739117272,0,-0.11,-0.22,-0.11
2013-10-13 09:15:00,4601621.2,0.990215277633782,0,-0.11,-0.22,-0.11
2013-10-13 09:20:00,1482509.2,0.9897021749168142,0,-0.11,-0.22,-0.11
2013-10-13 09:25:00,4149789.2,0.9902785863193748,0,-0.11,-0.22,-0.11
2013-10-13 09:30:00,5092226.4,0.9912658872328106,0,-0.11,-0.22,-0.11
2013-10-13 09:35:00,4921400.8,0.9912600626095784,0,-0.11,-0.22,-0.11
2013-10-13 09:40:00,4510003.6,0.9897588665469744,0,-0.11,-0.22,-0.11
2013-10-13 09:45:00,4857760.2,0.9910305761951056,0,-0.11,-0.22,-0.11
2013-10-13 09:50:00,4635341.4,0.9893040954746593,0,-0.11,-0.22,-0.11
2013-10-13 09:55:00,4752849.6,0.9896197177147624,0,-0.11,-0.22,-0.11
2013-10-13 10:00:00,4600516.4,0.9904502780427941,0,-0.11,-0.22,-0.11
2013-10-13 10:05:00,4467507.0,0.9896568631043678,0,-0.11,-0.22,-0.11
2013-10-13 10:10:00,4600820.2,0.9903646298546508,0,-0.11,-0.22,-0.11
2013-10-13 10:15:00,4466740.6,0.9898437794346442,0,-0.11,-0.22,-0.11
2013-10-13 10:20:00,4816356.0,0.989946553655538,0,-0.11,-0.22,-0.11
2013-10-13 10:25:00,4412821.2,0.9900096132195796,0,-0.11,-0.22,-0.11
2013-10-13 10:30:00,4289461.2,0.9911980163100552,0,-0.11,-0.22,-0.11
2013-10-13 10:35:00,4806912.6,0.9903644098035022,0,-0.11,-0.22,-0.11
2013-10-13 10:40:00,4540884.6,0.9891788322734434,0,-0.11,-0.22,-0.11
2013-10-13 10:45:00,3973230.6,0.9903616528698924,0,-0.11,-0.22,-0.11
2013-10-13 10:50:00,4151312.0,0.9905159380440356,0,-0.11,-0.22,-0.11
2013-10-13 10:55:00,4408599.0,0.9894401794579868,0,-0.11,-0.22,-0.11
2013-10-13 11:00:00,4412467.0,0.9909646697336442,0,-0.11,-0.22,-0.11
2013-10-13 11:05:00,4014711.6,0.9899957932034164,0,-0.11,-0.22,-0.11
2013-10-13 11:10:00,4455661.4,0.9911280765552912,0,-0.11,-0.22,-0.11
2013-10-13 11:15:00,4518165.4,0.9905995206117056,0,-0.11,-0.22,-0.11
2013-10-13 11:20:00,5219553.4,0.9893264311857172,0,-0.11,-0.22,-0.11
2013-10-13 11:25:00,4529007.2,0.9904192511494267,0,-0.11,-0.22,-0.11
2013-10-13 11:30:00,5014467.6,0.9898476086040487,0,-0.11,-0.22,-0.11
2013-10-13 11:35:00,5091716.8,0.9904642480719116,0,-0.11,-0.22,-0.11
2013-10-13 11:40:00,4955261.0,0.9898254763095924,0,-0.11,-0.22,-0.11
2013-10-13 11:45:00,5129745.6,0.9901136358974428,0,-0.11,-0.22,-0.11
2013-10-13 11:50:00,5522536.0,0.989995965601322,0,-0.11,-0.22,-0.11
2013-10-13 11:55:00,5466070.0,0.9892341944851616,0,-0.11,-0.22,-0.11
2013-10-13 12:00:00,5181228.2,0.9899819080599234,0,-0.11,-0.22,-0.11
2013-10-13 12:05:00,4971070.0,0.9901579904985244,0,-0.11,-0.22,-0.11
2013-10-13 12:10:00,5417314.4,0.990221608230828,0,-0.11,-0.22,-0.11
2013-10-13 12:15:00,5381120.2,0.9893593938810008,0,-0.11,-0.22,-0.11
2013-10-13 12:20:00,5648711.4,0.9905252603919176,0,-0.11,-0.22,-0.11
2013-10-13 12:25:00,5237271.0,0.9901736245099731,0,-0.11,-0.22,-0.11
2013-10-13 12:30:00,4567196.6,0.9902265396838688,0,-0.11,-0.22,-0.11
2013-10-13 12:35:00,5010997.6,0.990263738434192,0,-0.11,-0.22,-0.11
2013-10-13 12:40:00,4802090.8,0.9903540653626453,0,-0.11,-0.22,-0.11
2013-10-13 12:45:00,5512044.2,0.9893057191941762,0,-0.11,-0.22,-0.11
2013-10-13 12:50:00,5365367.0,0.9908526682002852,0,-0.11,-0.22,-0.11
2013-10-13 12:55:00,5359112.8,0.9900284190645358,0,-0.11,-0.22,-0.11
2013-10-13 13:00:00,5206969.0,0.9899548195719696,0,-0.11,-0.22,-0.11
2013-10-13 13:05:00,5441836.6,0.9898076087925164,0,-0.11,-0.22,-0.11
2013-10-13 13:10:00,5013968.8,0.9899254021658292,0,-0.11,-0.22,-0.11
2013-10-13 13:15:00,5087288.8,0.9894771571821479,0,-0.11,-0.22,-0.11
2013-10-13 13:20:00,4889297.0,0.9908816084487158,0,-0.11,-0.22,-0.11
2013-10-13 13:25:00,5113966.2,0.9900351918236732,0,-0.11,-0.22,-0.11
2013-10-13 13:30:00,5380729.2,0.9899994525479359,0,-0.11,-0.22,-0.11
2013-10-13 13:35:00,5135762.4,0.9901189548633392,0,-0.11,-0.22,-0.11
2013-10-13 13:40:00,5726463.8,0.9898690414122334,0,-0.11,-0.22,-0.11
2013-10-13 13:45:00,5152678.4,0.9889532015485848,0,-0.11,-0.22,-0.11
2013-10-13 13:50:00,5179141.4,0.990409407284774,0,-0.11,-0.22,-0.11
2013-10-13 13:55:00,5313273.6,0.990847686838074,0,-0.11,-0.22,-0.11
2013-10-13 14:00:00,4990068.0,0.9902120361058859,0,-0.11,-0.22,-0.11
2013-10-13 14:05:00,5135694.0,0.990634916248096,0,-0.11,-0.22,-0.11
2013-10-13 14:10:00,4809917.0,0.9899450866495402,0,-0.11,-0.22,-0.11
2013-10-13 14:15:00,4837499.4,0.9903741858018767,0,-0.11,-0.22,-0.11
2013-10-13 14:20:00,5081224.0,0.9901319432379424,0,-0.11,-0.22,-0.11
2013-10-13 14:25:00,4846339.2,0.99050325851502,0,-0.11,-0.22,-0.11
2013-10-13 14:30:00,4988007.0,0.9899868327146122,0,-0.11,-0.22,-0.11
2013-10-13 14:35:00,4598591.4,0.9904627326281537,0,-0.11,-0.22,-0.11
2013-10-13 14:40:00,4467228.2,0.9893749079749056,0,-0.11,-0.22,-0.11
2013-10-13 14:45:00,4261252.8,0.990918756857716,0,-0.11,-0.22,-0.11
2013-10-13 14:50:00,5263430.8,0.9911771412901944,0,-0.11,-0.22,-0.11
2013-10-13 14:55:00,4741242.8,0.9904584659247307,0,-0.11,-0.22,-0.11
2013-10-13 15:00:00,5268673.4,0.9901053559682804,0,-0.11,-0.22,-0.11
2013-10-13 15:05:00,6355621.0,0.9895289935101984,0,-0.11,-0.22,-0.11
2013-10-13 15:10:00,6548625.4,0.9898179251515076,0,-0.11,-0.22,-0.11
2013-10-13 15:15:00,5110530.8,0.9904577490937324,0,-0.11,-0.22,-0.11
2013-10-13 15:20:00,5345068.8,0.98961950499144,0,-0.11,-0.22,-0.11
2013-10-13 15:25:00,4738408.8,0.9896361265168656,0,-0.11,-0.22,-0.11
2013-10-13 15:30:00,5107021.4,0.9900306788720868,0,-0.11,-0.22,-0.11
2013-10-13 15:35:00,5235458.4,0.9908339176925196,0,-0.11,-0.22,-0.11
2013-10-13 15:40:00,5233619.6,0.9900311867222584,0,-0.11,-0.22,-0.11
2013-10-13 15:45:00,5029582.0,0.9901409157355554,0,-0.11,-0.22,-0.11
2013-10-13 15:50:00,4514236.8,0.990174378133022,0,-0.11,-0.22,-0.11
2013-10-13 15:55:00,4910708.8,0.9893483517523052,0,-0.11,-0.22,-0.11
2013-10-13 16:00:00,4712074.4,0.9894608947014032,0,-0.11,-0.22,-0.11
2013-10-13 16:05:00,5420857.4,0.9902245103942062,0,-0.11,-0.22,-0.11
2013-10-13 16:10:00,5476916.2,0.9898111371199644,0,-0.11,-0.22,-0.11
2013-10-13 16:15:00,5125320.0,0.9902935233206354,0,-0.11,-0.22,-0.11
2013-10-13 16:20:00,5001679.4,0.990013162159744,0,-0.11,-0.22,-0.11
2013-10-13 16:25:00,4980771.6,0.9893457054248924,0,-0.11,-0.22,-0.11
2013-10-13 16:30:00,5543129.2,0.990158633474594,0,-0.11,-0.22,-0.11
2013-10-13 16:35:00,5178798.4,0.9898903505784641,0,-0.11,-0.22,-0.11
2013-10-13 16:40:00,5374906.8,0.990588458793703,0,-0.11,-0.22,-0.11
2013-10-13 16:45:00,4965761.2,0.9900108741412464,0,-0.11,-0.22,-0.11
2013-10-13 16:50:00,4625607.6,0.9904129743824918,0,-0.11,-0.22,-0.11
2013-10-13 16:55:00,5155595.2,0.9901537253830256,0,-0.11,-0.22,-0.11
2013-10-13 17:00:00,4758968.4,0.9898058372190844,0,-0.11,-0.22,-0.11
2013-10-13 17:05:00,4846633.6,0.9903747113866336,0,-0.11,-0.22,-0.11
2013-10-13 17:10:00,4966854.2,0.9901669920710552,0,-0.11,-0.22,-0.11
2013-10-13 17:15:00,4799362.0,0.9913632938443788,0,-0.11,-0.22,-0.11
2013-10-13 17:20:00,5217818.2,0.9903632353306314,0,-0.11,-0.22,-0.11
2013-10-13 17:25:00,4846504.6,0.9894026635331996,0,-0.11,-0.22,-0.11
2013-10-13 17:30:00,4857580.0,0.9898955739398576,0,-0.11,-0.22,-0.11
2013-10-13 17:35:00,5305944.2,0.989759518438958,0,-0.11,-0.22,-0.11
2013-10-13 17:40:00,5216126.8,0.9898714625392642,0,-0.11,-0.22,-0.11
2013-10-13 17:45:00,5126791.6,0.9901139217031858,0,-0.11,-0.22,-0.11
2013-10-13 17:50:00,4716540.8,0.9895615941400686,0,-0.11,-0.22,-0.11
2013-10-13 17:55:00,5194275.2,0.990412542712367,0,-0.11,-0.22,-0.11
2013-10-13 18:00:00,4594784.4,0.990273831281648,0,-0.11,-0.22,-0.11
2013-10-13 18:05:00,5313192.6,0.9897902231770032,0,-0.11,-0.22,-0.11
2013-10-13 18:10:00,5349453.4,0.9896582539067328,0,-0.11,-0.22,-0.11
2013-10-13 18:15:00,5664016.0,0.989963617080875,0,-0.11,-0.22,-0.11
2013-10-13 18:20:00,5165652.4,0.9897418256424112,0,-0.11,-0.22,-0.11
2013-10-13 18:25:00,5806009.2,0.9897953327917124,0,-0.11,-0.22,-0.11
2013-10-13 18:30:00,5725820.2,0.9893967340762646,0,-0.11,-0.22,-0.11
2013-10-13 18:35:00,5818352.0,0.9909276686849516,0,-0.11,-0.22,-0.11
2013-10-13 18:40:00,6039204.0,0.9902054639267832,0,-0.11,-0.22,-0.11
2013-10-13 18:45:00,6146104.8,0.9902051809751607,0,-0.11,-0.22,-0.11
2013-10-13 18:50:00,6520842.0,0.9894455543751496,0,-0.11,-0.22,-0.11
2013-10-13 18:55:00,6414160.0,0.9906666169455114,0,-0.11,-0.22,-0.11
2013-10-13 19:00:00,7121288.0,0.9900909358923828,0,-0.11,-0.22,-0.11
2013-10-13 19:05:00,7733993.2,0.9914745828148775,0,-0.11,-0.22,-0.11
2013-10-13 19:10:00,7171976.0,0.9897871553111358,0,-0.11,-0.22,-0.11
2013-10-13 19:15:00,6572442.0,0.988607654994611,0,-0.11,-0.22,-0.11
2013-10-13 19:20:00,6669027.2,0.9904025254298684,0,-0.11,-0.22,-0.11
2013-10-13 19:25:00,6541002.6,0.989990811476417,0,-0.11,-0.22,-0.11
2013-10-13 19:30:00,8036983.2,0.9905324806265512,0,-0.11,-0.22,-0.11
2013-10-13 19:35:00,6780480.0,0.990008516515543,0,-0.11,-0.22,-0.11
2013-10-13 19:40:00,7105309.2,0.989462269901618,0,-0.11,-0.22,-0.11
2013-10-13 19:45:00,6645670.6,0.9897048858944544,0,-0.11,-0.22,-0.11
2013-10-13 19:50:00,7129069.2,0.9898203155477788,0,-0.11,-0.22,-0.11
2013-10-13 19:55:00,6886046.6,0.9889441220135164,0,-0.11,-0.22,-0.11
2013-10-13 20:00:00,7070269.8,0.9901875333897452,0,-0.11,-0.22,-0.11
2013-10-13 20:05:00,7112211.8,0.9904846620086398,0,-0.11,-0.22,-0.11
2013-10-13 20:10:00,6736356.8,0.9898489552905424,0,-0.11,-0.22,-0.11
2013-10-13 20:15:00,6885695.2,0.9909001647290202,0,-0.11,-0.22,-0.11
2013-10-13 20:20:00,6829566.2,0.9900004885859436,0,-0.11,-0.22,-0.11
2013-10-13 20:25:00,6670142.6,0.9903534335884628,0,-0.11,-0.22,-0.11
2013-10-13 20:30:00,6989347.8,0.9898538726104236,0,-0.11,-0.22,-0.11
2013-10-13 20:35:00,7089460.2,0.9903441343469696,0,-0.11,-0.22,-0.11
2013-10-13 20:40:00,7126232.4,0.9898276014024512,0,-0.11,-0.22,-0.11
2013-10-13 20:45:00,7180348.2,0.9888964149231582,0,-0.11,-0.22,-0.11
2013-10-13 20:50:00,7251597.4,0.9896268975474092,0,-0.11,-0.22,-0.11
2013-10-13 20:55:00,7138828.0,0.9902007729178376,0,-0.11,-0.22,-0.11
2013-10-13 21:00:00,7358757.6,0.9903229159361534,0,-0.11,-0.22,-0.11
2013-10-13 21:05:00,6691074.8,0.9898789814404102,0,-0.11,-0.22,-0.11
2013-10-13 21:10:00,7419464.2,0.9899711984111074,0,-0.11,-0.22,-0.11
2013-10-13 21:15:00,7345692.4,0.9901022153168059,0,-0.11,-0.22,-0.11
2013-10-13 21:20:00,7106381.2,0.9898114847550158,0,-0.11,-0.22,-0.11
2013-10-13 21:25:00,7439340.8,0.9901130674165562,0,-0.11,-0.22,-0.11
2013-10-13 21:30:00,7148265.0,0.9901175424238912,0,-0.11,-0.22,-0.11
2013-10-13 21:35:00,7079349.4,0.989560956364384,0,-0.11,-0.22,-0.11
2013-10-13 21:40:00,7313239.2,0.9905007344840004,0,-0.11,-0.22,-0.11
2013-10-13 21:45:00,7370054.2,0.9901479429851576,0,-0.11,-0.22,-0.11
2013-10-13 21:50:00,7146604.0,0.9902349430935992,0,-0.11,-0.22,-0.11
2013-10-13 21:55:00,7380294.8,0.9905454818815648,0,-0.11,-0.22,-0.11
2013-10-13 22:00:00,7444886.2,0.9898844526841684,0,-0.11,-0.22,-0.11
2013-10-13 22:05:00,6960113.0,0.9911349796973364,0,-0.11,-0.22,-0.11
2013-10-13 22:10:00,7776972.4,0.9904873895607756,0,-0.11,-0.22,-0.11
2013-10-13 22:15:00,7458856.0,0.9898438269101985,0,-0.11,-0.22,-0.11
2013-10-13 22:20:00,7193220.0,0.9903168485531146,0,-0.11,-0.22,-0.11
2013-10-13 22:25:00,7221732.4,0.9901478322567282,0,-0.11,-0.22,-0.11
2013-10-13 22:30:00,7683360.0,0.9905979954461628,0,-0.11,-0.22,-0.11
2013-10-13 22:35:00,7346899.6,0.9907946331814048,0,-0.11,-0.22,-0.11
2013-10-13 22:40:00,7728333.2,0.9904848211219608,0,-0.11,-0.22,-0.11
2013-10-13 22:45:00,6895594.8,0.9894883913300604,0,-0.11,-0.22,-0.11
2013-10-13 22:50:00,6637198.0,0.9901767758339248,0,-0.11,-0.22,-0.11
2013-10-13 22:55:00,7011225.4,0.9907324795450754,0,-0.11,-0.22,-0.11
2013-10-13 23:00:00,6560515.6,0.9899332431638724,0,-0.11,-0.22,-0.11
2013-10-13 23:05:00,6638822.6,0.990225395847526,0,-0.11,-0.22,-0.11
2013-10-13 23:10:00,7921025.0,0.9892348663865612,0,-0.11,-0.22,-0.11
2013-10-13 23:15:00,8124689.4,0.9895857686265142,0,-0.11,-0.22,-0.11
2013-10-13 23:20:00,7346551.8,0.9905348260483956,0,-0.11,-0.22,-0.11
2013-10-13 23:25:00,8111561.6,0.9904018640636228,0,-0.11,-0.22,-0.11
2013-10-13 23:30:00,7575658.4,0.9902066674514856,0,-0.11,-0.22,-0.11
2013-10-13 23:35:00,7198625.2,0.9898828156878104,0,-0.11,-0.22,-0.11
2013-10-13 23:40:00,7964260.4,0.9905787046357908,0,-0.11,-0.22,-0.11
2013-10-13 23:45:00,7547664.0,0.9904475890798476,0,-0.11,-0.22,-0.11
2013-10-13 23:50:00,7988676.2,0.9896934158256908,0,-0.11,-0.22,-0.11
2013-10-13 23:55:00,7788122.6,0.9884246477753688,0,-0.11,-0.22,-0.11
