timestamp,value,anomaly_score,label
2011-07-01 00:15:01,0.102708933718,0.0,0
2011-07-01 01:15:01,0.06803872889769999,1.0,0
2011-07-01 02:15:01,0.0779940923738,0.664840675270417,0
2011-07-01 03:15:01,0.0776821504362,0.6401827782767211,0
2011-07-01 04:15:01,0.0779655822725,0.611744096008564,0
2011-07-01 05:15:01,0.07823870220160001,0.5902764189038001,0
2011-07-01 06:15:01,0.0764376321353,0.6470506689323194,0
2011-07-01 07:15:01,0.08136040308239999,0.5598883224616333,0
2011-07-01 08:15:01,0.0740671641791,0.7404064377912571,0
2011-07-01 09:15:01,0.0881683168317,0.8365665032481375,0
2011-07-01 10:15:01,0.100271186441,0.9877467150857104,0
2011-07-01 11:15:01,0.145846153846,0.999999999755406,0
2011-07-01 12:15:01,0.148755760369,0.9988253201607834,0
2011-07-01 13:15:01,0.129252873563,0.9284908524270645,0
2011-07-01 14:15:01,0.133892733564,0.932033217012761,0
2011-07-01 15:15:01,0.08897213855419998,0.6215323179510315,0
2011-07-01 16:15:01,0.101374045802,0.568041065832253,0
2011-07-01 17:15:01,0.0847703289882,0.6851528914944811,0
2011-07-01 18:15:01,0.07716263995289999,0.7791339997276927,0
2011-07-01 19:15:01,0.09380160197170001,0.52604141987708,0
2011-07-01 20:15:01,0.17896278933499998,0.999734806167809,0
2011-07-01 21:15:01,0.058413361169099995,0.9170296267424101,0
2011-07-01 22:15:01,0.31666062801899997,0.9999999999998416,0
2011-07-01 23:15:01,0.585524215008,1.0,0
2011-07-02 00:15:01,0.54060629317,0.9999258893178288,0
2011-07-02 01:15:01,0.157337024918,0.5411578901316678,0
2011-07-02 02:15:01,0.112858958069,0.5936103658617542,0
2011-07-02 03:15:01,0.135819935691,0.5217160900064016,0
2011-07-02 04:15:01,0.141235469944,0.5043065039362815,0
2011-07-02 05:15:01,0.133929462059,0.5275878703970297,0
2011-07-02 06:15:01,0.140538705297,0.5056349830900488,0
2011-07-02 07:15:01,0.163977340489,0.5716046948797455,0
2011-07-02 08:15:01,0.13413253909199999,0.5294076188908514,0
2011-07-02 09:15:01,0.155975103734,0.5454264045372264,0
2011-07-02 10:15:01,0.155511111111,0.543151234039605,0
2011-07-02 11:15:01,0.217246376812,0.7422265513776105,0
2011-07-02 12:15:01,0.364081632653,0.9738480715247392,0
2011-07-02 13:15:01,0.303917525773,0.9045500982708179,0
2011-07-02 14:15:01,0.169372146119,0.5474093166845477,0
2011-07-02 15:15:01,0.21014705882399998,0.680298515286984,0
2011-07-02 16:15:01,0.142770069376,0.5494851411430941,0
2011-07-02 17:15:01,0.132340234023,0.5849571072990524,0
2011-07-02 18:15:01,0.217628111274,0.707909716208753,0
2011-07-02 19:15:01,0.125834018077,0.6121402750260647,0
2011-07-02 20:15:01,0.121125169453,0.6270690435031157,0
2011-07-02 21:15:01,0.14659190031199998,0.5345675078853037,0
2011-07-02 22:15:01,0.13626494940199999,0.5719983213017324,0
2011-07-02 23:15:01,0.287270341207,0.891396744601913,0
2011-07-03 00:15:01,0.262491349481,0.8343225833291903,0
2011-07-03 01:15:01,0.177481617647,0.563564587183029,0
2011-07-03 02:15:01,0.164255803368,0.5135138589234143,0
2011-07-03 03:15:01,0.0943986420951,0.7358148428327178,0
2011-07-03 04:15:01,0.147355967078,0.546036646886476,0
2011-07-03 05:15:01,0.147790357925,0.5439342933592304,0
2011-07-03 06:15:01,0.159181698196,0.5006624409139975,0
2011-07-03 07:15:01,0.179014423077,0.5779424111989666,0
2011-07-03 08:15:01,0.158061389338,0.5051830951985659,0
2011-07-03 09:15:01,0.16449579831900002,0.5205364789949178,0
2011-07-03 10:15:01,0.210178571429,0.695710604414627,0
2011-07-03 11:15:01,0.36150837988799994,0.9795036313716272,0
2011-07-03 12:15:01,0.39624242424199996,0.9893729084504125,0
2011-07-03 13:15:01,0.3108,0.9150974519299339,0
2011-07-03 14:15:01,0.163407894737,0.524150160551347,0
2011-07-03 15:15:01,0.23282738095199998,0.7275903315596893,0
2011-07-03 16:15:01,0.150031725888,0.5787912750382344,0
2011-07-03 17:15:01,0.153234649123,0.5659650479938242,0
2011-07-03 18:15:01,0.129575841402,0.6540297657504809,0
2011-07-03 19:15:01,0.159706055262,0.5383232290314133,0
2011-07-03 20:15:01,0.12459255533199999,0.6713620781802634,0
2011-07-03 21:15:01,0.157410306588,0.5447814019350949,0
2011-07-03 22:15:01,0.18838633686700001,0.5790636385941086,0
2011-07-03 23:15:01,0.17020895522399998,0.5056585895624184,0
2011-07-04 00:15:01,0.269775,0.8480667172032545,0
2011-07-04 01:15:01,0.177579818683,0.5299133788129091,0
2011-07-04 02:15:01,0.10412621359200001,0.7512570818458026,0
2011-07-04 03:15:01,0.138887434555,0.6233170807678517,0
2011-07-04 04:15:01,0.156115560641,0.5531444223478585,0
2011-07-04 05:15:01,0.14933023616,0.5805915941580384,0
2011-07-04 06:15:01,0.139427385892,0.620138409021856,0
2011-07-04 07:15:01,0.165333333333,0.5122099097730197,0
2011-07-04 08:15:01,0.166898029135,0.5055126812505633,0
2011-07-04 09:15:01,0.148737024221,0.5822299962563952,0
2011-07-04 10:15:01,0.206421052632,0.6602426418736199,0
2011-07-04 11:15:01,0.428450704225,0.9974947845921776,0
2011-07-04 12:15:01,0.43265625,0.9966462093648294,0
2011-07-04 13:15:01,0.367876712329,0.9736008100772493,0
2011-07-04 14:15:01,0.273265306122,0.8292797911886944,0
2011-07-04 15:15:01,0.21668231611900002,0.6489381094231516,0
2011-07-04 16:15:01,0.11201697127900001,0.7447946952147564,0
2011-07-04 17:15:01,0.10167945439,0.7751065048499917,0
2011-07-04 18:15:01,0.0925862785863,0.7995151039184918,0
2011-07-04 19:15:01,0.0895495495495,0.8057624409280033,0
2011-07-04 20:15:01,0.115989208633,0.7222992643599697,0
2011-07-04 21:15:01,0.0836048125868,0.8187469516643149,0
2011-07-04 22:15:01,0.12985268630799998,0.6689203914518993,0
2011-07-04 23:15:01,0.203508064516,0.6214550165245221,0
2011-07-05 00:15:01,0.217587719298,0.6737654330660665,0
2011-07-05 01:15:01,0.11420301042099999,0.7275285353263061,0
2011-07-05 02:15:01,0.101214821764,0.768477801506062,0
2011-07-05 03:15:01,0.08407457627119999,0.8169213881290622,0
2011-07-05 04:15:01,0.09908303249099999,0.7708521973220319,0
2011-07-05 05:15:01,0.09418840579710001,0.7841439033018794,0
2011-07-05 06:15:01,0.103973607038,0.7515290341948554,0
2011-07-05 07:15:01,0.10467511885900001,0.7476949409798863,0
2011-07-05 08:15:01,0.0974506283662,0.7695574708926436,0
2011-07-05 09:15:01,0.0919031141869,0.785095240548201,0
2011-07-05 10:15:01,0.157662337662,0.5398999026395909,0
2011-07-05 11:15:01,0.167058823529,0.5006439120776904,0
2011-07-05 12:15:01,0.235480225989,0.7630046843091871,0
2011-07-05 13:15:01,0.212184300341,0.6794483096528827,0
2011-07-05 14:15:01,0.11274285714299999,0.7208884673428974,0
2011-07-05 15:15:01,0.14773033707900002,0.5838444145935172,0
2011-07-05 16:15:01,0.11976305869699999,0.6942529097190555,0
2011-07-05 17:15:01,0.08677312042580002,0.804233124822558,0
2011-07-05 18:15:01,0.127560553633,0.6609139186585282,0
2011-07-05 19:15:01,0.0977996485062,0.7678157310881429,0
2011-07-05 20:15:01,0.11417013407299999,0.7092182953453672,0
2011-07-05 21:15:01,0.105995567048,0.7376271601861801,0
2011-07-05 22:15:01,0.0858952702703,0.8021247069377657,0
2011-07-05 23:15:01,0.160833333333,0.5132518647962094,0
2011-07-06 00:15:01,0.19215722120700002,0.6205259731162842,0
2011-07-06 01:15:01,0.107871700635,0.7299608399856541,0
2011-07-06 02:15:01,0.083264947245,0.8100250452197222,0
2011-07-06 03:15:01,0.09184149950670001,0.7816933768230239,0
2011-07-06 04:15:01,0.0995795691452,0.7543264398818622,0
2011-07-06 05:15:01,0.0932699753608,0.7743803950858831,0
2011-07-06 06:15:01,0.10159129692800001,0.7444743594183647,0
2011-07-06 07:15:01,0.0921109399076,0.7757576828332015,0
2011-07-06 08:15:01,0.127071583514,0.6433691713052027,0
2011-07-06 09:15:01,0.137097966728,0.6005769441394605,0
2011-07-06 10:15:01,0.11842105263199999,0.6777257625596389,0
2011-07-06 11:15:01,0.144338842975,0.567620944773178,0
2011-07-06 12:15:01,0.0782887700535,0.8182198682467223,0
2011-07-06 13:15:01,0.22030120481899998,0.7541114719053637,0
2011-07-06 14:15:01,0.164699453552,0.5239208327009575,0
2011-07-06 15:15:01,0.108463047744,0.7168133535164399,0
2011-07-06 16:15:01,0.10273697694299999,0.7373609642236623,0
2011-07-06 17:15:01,0.102960647297,0.7354720219630477,0
2011-07-06 18:15:01,0.123211245809,0.6542006638886393,0
2011-07-06 19:15:01,0.113019491245,0.6952993320583155,0
2011-07-06 20:15:01,0.084253776435,0.7985919124700598,0
2011-07-06 21:15:01,0.110483921324,0.7026988127195277,0
2011-07-06 22:15:01,0.113454935622,0.6899737735455458,0
2011-07-06 23:15:01,0.116834291188,0.6753888760260836,0
2011-07-07 00:15:01,0.09726593406589999,0.7511370299503438,0
2011-07-07 01:15:01,0.105179153094,0.7202039313371833,0
2011-07-07 02:15:01,0.10259502924000001,0.7292755801559541,0
2011-07-07 05:15:01,0.10758750167600001,0.7088303374906234,0
2011-07-07 06:15:01,0.0903654342218,0.7725940553410899,0
2011-07-07 07:15:01,0.127488095238,0.6224984728002875,0
2011-07-07 08:15:01,0.0985870445344,0.7414521027909189,0
2011-07-07 09:15:01,0.136444444444,0.5802748389711103,0
2011-07-07 10:15:01,0.140586206897,0.5609472252670047,0
2011-07-07 11:15:01,0.188407643312,0.6588335736290062,0
2011-07-07 12:15:01,0.283051948052,0.9361572622725602,0
2011-07-07 13:15:01,0.251264367816,0.8716074056103735,0
2011-07-07 14:15:01,0.19325531914900002,0.6720101281493951,0
2011-07-07 15:15:01,0.140306486101,0.5709381879638118,0
2011-07-07 16:15:01,0.13211786372,0.60824607448348,0
2011-07-07 17:15:01,0.11750653423900001,0.6724330279744033,0
2011-07-07 18:15:01,0.122098009188,0.6519247704117594,0
2011-07-07 19:15:01,0.17282877079999998,0.5847323604761461,0
2011-07-07 20:15:01,0.208624247635,0.7389641807664997,0
2011-07-07 21:15:01,0.139134796238,0.576413958502646,0
2011-07-07 22:15:01,0.178056994819,0.6080404117914828,0
2011-07-07 23:15:01,0.109612486545,0.708508432377009,0
2011-07-08 00:15:01,0.08695804195800001,0.7937912320676356,0
2011-07-08 01:15:01,0.134871794872,0.5940899889814023,0
2011-07-08 02:15:01,0.121639157655,0.6544131450803824,0
2011-07-08 06:15:01,0.132551401869,0.6039874969015154,0
2011-07-08 09:15:01,0.143741677763,0.5504866889191586,0
2011-07-08 10:15:01,0.117344018317,0.6729842430292894,0
2011-07-08 14:15:01,0.189715994021,0.6690556463600088,0
2011-07-08 16:15:01,0.603828125,0.9999999815846127,0
2011-07-08 17:15:01,0.17552404439,0.5844367321961746,0
2011-07-08 18:15:01,0.129837033122,0.6203662518993375,0
2011-07-08 19:15:01,0.185934489403,0.6306201072829473,0
2011-07-08 20:15:01,0.237457081545,0.8214234806731205,0
2011-07-08 21:15:01,0.20671317829500002,0.7138963217154275,0
2011-07-08 22:15:01,0.128012345679,0.6323586607200397,0
2011-07-08 23:15:01,0.211916932907,0.7342463510350328,0
2011-07-09 09:15:01,0.34578125,0.984688236091033,0
2011-07-09 15:15:01,0.133918069867,0.6111339476145307,0
2011-07-09 17:15:01,0.150357746845,0.5373973173558542,0
2011-07-09 18:15:01,0.203111864407,0.6949350051880021,0
2011-07-09 19:15:01,0.130078543377,0.6289343207474786,0
2011-07-09 20:15:01,0.167640449438,0.5412402588267693,0
2011-07-09 21:15:01,0.113326102675,0.6993335961941276,0
2011-07-09 22:15:01,0.206984732824,0.7124088701754334,0
2011-07-09 23:15:01,0.245220125786,0.841505293501142,0
2011-07-10 00:15:01,0.218996282528,0.755574158985901,0
2011-07-10 01:15:01,0.175434131737,0.5733787671182896,0
2011-07-10 02:15:01,0.15997638724899998,0.50200362183993,0
2011-07-10 03:15:01,0.102847736626,0.7453632391477557,0
2011-07-10 04:15:01,0.133527934714,0.6178685545745222,0
2011-07-10 05:15:01,0.13079829696599998,0.6296561599727837,0
2011-07-10 06:15:01,0.142358490566,0.5771562080237647,0
2011-07-10 07:15:01,0.11858684985300001,0.6819586833499993,0
2011-07-10 08:15:01,0.23673151751,0.8206896746060282,0
2011-07-10 09:15:01,0.255961538462,0.8728664109692764,0
2011-07-10 10:15:01,0.200746268657,0.6858918223116472,0
2011-07-10 11:15:01,0.259387755102,0.8797294260377366,0
2011-07-10 12:15:01,0.311612903226,0.9625831047739377,0
2011-07-10 13:15:01,0.31784313725499996,0.9668437398535528,0
2011-07-10 14:15:01,0.23936842105300002,0.816809473558674,0
2011-07-10 15:15:01,0.264626168224,0.8836544074235678,0
2011-07-10 16:15:01,0.24077777777800002,0.8183196890282037,0
2011-07-10 17:15:01,0.228554216867,0.7771768169034869,0
2011-07-10 18:15:01,0.15796,0.5250234403347483,0
2011-07-10 19:15:01,0.143783359498,0.5902528834078724,0
2011-07-10 20:15:01,0.148010948905,0.5706911091020425,0
2011-07-10 21:15:01,0.160905550146,0.5105318121188875,0
2011-07-10 22:15:01,0.145347776511,0.5828988280908282,0
2011-07-10 23:15:01,0.155945121951,0.5334262482324231,0
2011-07-11 00:15:01,0.136297468354,0.6239318163838621,0
2011-07-11 01:15:01,0.164156769596,0.5059170120779352,0
2011-07-11 02:15:01,0.12414872798399999,0.6772375575746963,0
2011-07-11 03:15:01,0.141942344045,0.5976065035730644,0
2011-07-11 04:15:01,0.13649411764699998,0.6222775698366306,0
2011-07-11 05:15:01,0.146881275842,0.5740412535535984,0
2011-07-11 06:15:01,0.142295918367,0.5952608626291593,0
2011-07-11 07:15:01,0.157718978102,0.5221624914606104,0
2011-07-11 08:15:01,0.138475120385,0.6128409330866088,0
2011-07-11 09:15:01,0.136170212766,0.6231607779931103,0
2011-07-11 10:15:01,0.275098039216,0.9136306709731544,0
2011-07-11 11:15:01,0.4325,0.999424330244796,0
2011-07-11 12:15:01,0.333389830508,0.9772953716276885,0
2011-07-11 13:15:01,0.316944444444,0.9629736696778091,0
2011-07-11 14:15:01,0.301511627907,0.9440805269964458,0
2011-07-11 15:15:01,0.19519163763099998,0.633659181106002,0
2011-07-11 16:15:01,0.159351145038,0.5306150069574164,0
2011-07-11 17:15:01,0.145196471532,0.5955744272761707,0
2011-07-11 18:15:01,0.09437853107339998,0.7983882415564301,0
2011-07-11 19:15:01,0.09361817565279999,0.8000320929030967,0
2011-07-11 20:15:01,0.09550992931669999,0.7928947439113748,0
2011-07-11 21:15:01,0.0875148456057,0.8178854850413104,0
2011-07-11 22:15:01,0.101887323944,0.7689190090154452,0
2011-07-11 23:15:01,0.0932715820674,0.7978702135800093,0
2011-07-12 00:15:01,0.08018697829719999,0.8376294247577063,0
2011-07-12 01:15:01,0.107423208191,0.7456210116760414,0
2011-07-12 02:15:01,0.122129554656,0.6864594842151908,0
2011-07-12 03:15:01,0.118618346546,0.7005395621725594,0
2011-07-12 04:15:01,0.12147364771199999,0.6882448071322809,0
2011-07-12 05:15:01,0.122239309827,0.684592777192101,0
2011-07-12 06:15:01,0.13008224479900002,0.6504564652460303,0
2011-07-12 07:15:01,0.119370415648,0.6958959170292992,0
2011-07-12 08:15:01,0.192372654155,0.6388604621452291,0
2011-07-12 09:15:01,0.15417910447799998,0.539692973908928,0
2011-07-12 10:15:01,0.156139705882,0.530326879080872,0
2011-07-12 11:15:01,0.153510638298,0.5427374083519381,0
2011-07-12 12:15:01,0.216650717703,0.7416244507891825,0
2011-07-12 13:15:01,0.129122516556,0.6561469914255202,0
2011-07-12 14:15:01,0.22879350348000002,0.7866656860055373,0
2011-07-12 15:15:01,0.16101138647,0.5086035510048851,0
2011-07-12 16:15:01,0.15261954262,0.548744980849044,0
2011-07-12 17:15:01,0.15297872340399998,0.5469334151622708,0
2011-07-12 18:15:01,0.132756240042,0.6412984792604621,0
2011-07-12 19:15:01,0.129964483031,0.6535457307851861,0
2011-07-12 20:15:01,0.15354601227,0.5431036168424741,0
2011-07-12 21:15:01,0.16751236749099999,0.5245311792990851,0
2011-07-12 22:15:01,0.154508320726,0.5385504370511998,0
2011-07-12 23:15:01,0.112512195122,0.7285542338732904,0
2011-07-13 00:15:01,0.148014184397,0.5689230666001011,0
2011-07-13 01:15:01,0.169751908397,0.5368329678933341,0
2011-07-13 02:15:01,0.15028150134,0.5581178557065616,0
2011-07-13 03:15:01,0.133869463869,0.6358206420950359,0
2011-07-13 04:15:01,0.132169715447,0.6433657119361726,0
2011-07-13 05:15:01,0.129479535119,0.6553510620053199,0
2011-07-13 06:15:01,0.139127906977,0.6102502487002354,0
2011-07-13 07:15:01,0.15101424979,0.5527415739146377,0
2011-07-13 08:15:01,0.175512010114,0.5678113181831581,0
2011-07-13 09:15:01,0.175958646617,0.5698596482457972,1
2011-07-13 10:15:01,0.169254237288,0.5368187499513553,1
2011-07-13 11:15:01,0.228617021277,0.7969589079285659,1
2011-07-13 12:15:01,0.258172588832,0.884184947278261,1
2011-07-13 13:15:01,0.213432432432,0.7370842312339919,1
2011-07-13 14:15:01,0.10585714285700001,0.7601545436136168,1
2011-07-13 15:15:01,0.15803400637599999,0.5217597029535773,1
2011-07-13 16:15:01,0.140938438438,0.6056231017313487,1
2011-07-13 17:15:01,0.15018579960200001,0.56031110840037,1
2011-07-13 18:15:01,0.132851669403,0.6438082076172824,1
2011-07-13 19:15:01,0.13836593785999998,0.6174221732053151,1
2011-07-13 20:15:01,0.151510282776,0.5528780060559391,1
2011-07-13 21:15:01,0.159337270341,0.5136222023993482,1
2011-07-13 22:15:01,0.121835268104,0.6939532031800851,1
2011-07-13 23:15:01,0.145459795646,0.5822348373731,1
2011-07-14 00:15:01,0.131162561576,0.6510282668824109,1
2011-07-14 01:15:01,0.120149253731,0.7008500918744911,1
2011-07-14 02:15:01,0.104272493573,0.7664095882549455,1
2011-07-14 03:15:01,0.0982119360902,0.7887502529638131,1
2011-07-14 04:15:01,0.09692720306510001,0.7927904840017493,1
2011-07-14 05:15:01,0.09779940119760001,0.7889320963255982,1
2011-07-14 06:15:01,0.0942741935484,0.8010276618858909,1
2011-07-14 07:15:01,0.13711435149700002,0.617035583448696,1
2011-07-14 08:15:01,0.11045534150599999,0.7379064425594378,1
2011-07-14 09:15:01,0.132583201268,0.6379921624670911,1
2011-07-14 10:15:01,0.9053846153849999,1.0,1
2011-07-14 11:15:01,0.929024390244,1.0,1
2011-07-14 12:15:01,0.080628742515,0.8023862868539601,1
2011-07-14 13:15:01,0.234353982301,0.7572456904134895,1
2011-07-14 14:15:01,0.219498480243,0.7075672251578713,1
2011-07-14 15:15:01,0.109202453988,0.7142347783604706,1
2011-07-14 16:15:01,0.14149825784000003,0.5944117448961432,1
2011-07-14 17:15:01,0.140991957105,0.5962315204692129,1
2011-07-14 18:15:01,0.109823451033,0.711729793604747,1
2011-07-14 19:15:01,0.105365853659,0.7265404439319034,1
2011-07-14 20:15:01,0.115941305027,0.689290280345122,1
2011-07-14 21:15:01,0.10077441077400001,0.7411108804910786,1
2011-07-14 22:15:01,0.11730255164,0.6834525322956229,1
2011-07-14 23:15:01,0.09142711518860001,0.7702362700187264,1
2011-07-15 00:15:01,0.0999763942166,0.742397851392079,1
2011-07-15 01:15:01,0.12420043572999999,0.6563254697581892,1
2011-07-15 02:15:01,0.106020898051,0.7214588068661497,1
2011-07-15 03:15:01,0.10282315428,0.7319028876184872,1
2011-07-15 04:15:01,0.09914511179310001,0.7437074991411151,1
2011-07-15 05:15:01,0.09389202620279999,0.7602432979693615,1
2011-07-15 06:15:01,0.11195137556,0.6986315028154935,1
2011-07-15 07:15:01,0.0975516449885,0.74763235237434,1
2011-07-15 08:15:01,0.11391029327199999,0.6906449824751514,1
2011-07-15 09:15:01,0.134588969823,0.6118952684001576,1
2011-07-15 10:15:01,0.146608863198,0.5636055049960842,1
2011-07-15 11:15:01,0.156511627907,0.5230550901614475,1
2011-07-15 12:15:01,0.21465408805,0.7061930888029121,0
2011-07-15 13:15:01,0.224078014184,0.738449341597816,0
2011-07-15 14:15:01,0.154351648352,0.5334080846197597,0
2011-07-15 15:15:01,0.10995886889499999,0.7065963761637808,0
2011-07-15 16:15:01,0.137310679612,0.602108925403138,0
2011-07-15 17:15:01,0.10910473556900001,0.7092653869488729,0
2011-07-15 18:15:01,0.0982808798646,0.7462207845965803,0
2011-07-15 19:15:01,0.11754552352,0.67752638214229,0
2011-07-15 20:15:01,0.0889911655742,0.7755773052789232,0
2011-07-15 21:15:01,0.11289904502,0.6937047269566267,0
2011-07-15 22:15:01,0.10140339096899999,0.7341328070327032,0
2011-07-15 23:15:01,0.0668030888031,0.8377832303645587,0
2011-07-16 00:15:01,0.121771653543,0.6585161125483789,0
2011-07-16 01:15:01,0.131725858527,0.619290593365079,0
2011-07-16 02:15:01,0.133956783564,0.6101710904782591,0
2011-07-16 03:15:01,0.117522584177,0.674232714079049,0
2011-07-16 04:15:01,0.112670327435,0.6920829557436947,0
2011-07-16 05:15:01,0.0972860935266,0.7461781068419804,0
2011-07-16 06:15:01,0.0980245649949,0.7432321932463646,0
2011-07-16 07:15:01,0.09190034045189999,0.7631411842891171,0
2011-07-16 08:15:01,0.11657780195900001,0.6754101108354889,0
2011-07-16 09:15:01,0.128799102132,0.6274892074046607,0
2011-07-16 10:15:01,0.16840707964600002,0.5372777047500048,0
2011-07-16 11:15:01,0.18257575757599998,0.5961055142096546,0
2011-07-16 12:15:01,0.189291338583,0.6232482540320594,0
2011-07-16 13:15:01,0.23812039312,0.7970940215246176,0
2011-07-16 14:15:01,0.115591182365,0.6810208293306281,0
2011-07-16 15:15:01,0.10712616822399999,0.712134514402359,0
2011-07-16 16:15:01,0.141284296556,0.5774837691109498,0
2011-07-16 17:15:01,0.0946594481313,0.7553746829860559,0
2011-07-16 18:15:01,0.09423664122139999,0.7563325473060363,0
2011-07-16 19:15:01,0.127298161471,0.6333085919411044,0
2011-07-16 22:15:01,0.10279203669399999,0.7263054783783851,0
2011-07-16 23:15:01,0.11300479720899999,0.688432075885958,0
2011-07-17 00:15:01,0.0771113306983,0.809062206329054,0
2011-07-17 01:15:01,0.120816471424,0.6571475997375522,0
2011-07-17 02:15:01,0.12255490091099999,0.6500338259046999,0
2011-07-17 03:15:01,0.11448464341499999,0.6813015533297012,0
2011-07-17 04:15:01,0.114307578376,0.6816943869180567,0
2011-07-17 05:15:01,0.0993754182467,0.7363464946239897,0
2011-07-17 06:15:01,0.0992132564841,0.7365171491439215,0
2011-07-17 07:15:01,0.0986905187835,0.737954521952985,0
2011-07-17 08:15:01,0.135389090909,0.5950023679523042,0
2011-07-17 09:15:01,0.121842385517,0.6503347272275548,0
2011-07-17 10:15:01,0.16732251521299998,0.5420460903321624,0
2011-07-17 11:15:01,0.17,0.5534574212826252,0
2011-07-17 12:15:01,0.18390756302499997,0.6121119289556125,0
2011-07-17 13:15:01,0.132602230483,0.6071487926059425,0
2011-07-17 14:15:01,0.161038575668,0.5148461642153017,0
2011-07-17 15:15:01,0.17799580272799997,0.5876557716520607,0
2011-07-17 16:15:01,0.09525197628460001,0.7515821089097057,0
2011-07-17 17:15:01,0.127944685466,0.6262817837146823,0
2011-07-17 18:15:01,0.0854723346829,0.7837018104778815,0
2011-07-17 19:15:01,0.11407226959000001,0.6811762654807214,0
2011-07-17 20:15:01,0.11316866074899999,0.6844202025378645,0
2011-07-17 21:15:01,0.08552383755149999,0.7827715140812006,0
2011-07-17 22:15:01,0.10865648855,0.7008523984629986,0
2011-07-17 23:15:01,0.100094339623,0.7322803565742789,0
2011-07-18 00:15:01,0.0750572519084,0.8140671865249997,0
2011-07-18 01:15:01,0.11304955527300001,0.6823925537122282,0
2011-07-18 02:15:01,0.10868286445,0.6990103046205784,0
2011-07-18 03:15:01,0.107530656408,0.7031028191370334,0
2011-07-18 04:15:01,0.09800181036429999,0.7380073983312542,0
2011-07-18 05:15:01,0.09244082518999999,0.7571725026090803,0
2011-07-18 06:15:01,0.0976024705222,0.7386096781471685,0
2011-07-18 07:15:01,0.10074047447899999,0.7268542822691331,0
2011-07-18 08:15:01,0.141909246575,0.5589393146797708,0
2011-07-18 09:15:01,0.13353437877,0.5950500660064302,0
2011-07-18 10:15:01,0.14354910714299998,0.5515265734689636,0
2011-07-18 11:15:01,0.169227941176,0.5615413360892161,0
2011-07-18 12:15:01,0.243670411985,0.8363774343250161,0
2011-07-18 13:15:01,0.18902050113899999,0.6448869545524001,0
2011-07-18 14:15:01,0.10533699059599999,0.7113955945075393,0
2011-07-18 15:15:01,0.165525629887,0.5445269681125053,0
2011-07-18 16:15:01,0.11501199999999999,0.6736251478904092,0
2011-07-18 17:15:01,0.146530892449,0.5392168456102509,0
2011-07-18 18:15:01,0.101555815998,0.7255900191426649,0
2011-07-18 19:15:01,0.101369179601,0.7259433020453698,0
2011-07-18 20:15:01,0.121463660834,0.6462736428426715,0
2011-07-18 21:15:01,0.11103052182499999,0.6884006331503472,0
2011-07-18 22:15:01,0.0851863041289,0.7821902223457539,0
2011-07-18 23:15:01,0.10355143126800001,0.7165274974571147,0
2011-07-19 00:15:01,0.0929201902748,0.7551152374293573,0
2011-07-19 01:15:01,0.12292386185200001,0.638025485033014,0
2011-07-19 02:15:01,0.114818885836,0.6713418739163043,0
2011-07-19 03:15:01,0.10328615239399999,0.7165002191843359,0
2011-07-19 04:15:01,0.10365589111,0.714775060040336,0
2011-07-19 05:15:01,0.0857643665409,0.7786726466815705,0
2011-07-19 06:15:01,0.0895652173913,0.7653003531150662,0
2011-07-19 07:15:01,0.09607231920199999,0.7417805335197286,0
2011-07-19 08:15:01,0.127231060606,0.6166220682707119,0
2011-07-19 09:15:01,0.134073033708,0.5866935759979272,1
2011-07-19 10:15:01,0.17283854166700002,0.586689087046872,1
2011-07-19 11:15:01,0.18889361702100002,0.6555282883200575,1
2011-07-19 12:15:01,0.2149609375,0.756398461178576,1
2011-07-19 13:15:01,0.08611926605499999,0.778050114441525,1
2011-07-19 14:15:01,0.19661764705899998,0.6871763822956005,1
2011-07-19 15:15:01,0.166262265834,0.5568065324416729,1
2011-07-19 16:15:01,0.111147058824,0.6854857986981145,1
2011-07-19 17:15:01,0.07254535459039999,0.8214970091423875,1
2011-07-19 18:15:01,0.121498605022,0.6415585434254809,1
2011-07-19 19:15:01,0.0848130968622,0.7821775426589144,1
2011-07-19 20:15:01,0.11143396226399999,0.6826225971765263,1
2011-07-19 21:15:01,0.056693861693900005,0.8639148092780158,1
2011-07-19 22:15:01,0.10249590566700001,0.7168426767101359,1
2011-07-19 23:15:01,0.0980136286201,0.7335860514320731,1
2011-07-20 00:15:01,0.07167464114830001,0.8220416734097469,1
2011-07-20 01:15:01,0.11152000000000001,0.6795797357851987,1
2011-07-20 02:15:01,0.107303370787,0.6963814514565349,1
2011-07-20 03:15:01,0.105507749248,0.7032574992397765,1
2011-07-20 04:15:01,0.0979197530864,0.732307626297771,1
2011-07-20 05:15:01,0.088651636679,0.7657499341568683,1
2011-07-20 06:15:01,0.0995587781549,0.7253169498146934,1
2011-07-20 07:15:01,0.102501797268,0.713636287635274,1
2011-07-20 08:15:01,0.09751150306749999,0.732514562393316,1
2011-07-20 09:15:01,0.128932038835,0.6020814458026239,1
2011-07-20 10:15:01,0.9890740740739999,1.0,1
2011-07-20 11:15:01,1.034,1.0,1
2011-07-20 12:15:01,0.07201958384330001,0.7876915466926315,1
2011-07-20 13:15:01,0.224376528117,0.7466079674588544,1
2011-07-20 14:15:01,0.168371501272,0.5499167569216973,1
2011-07-20 15:15:01,0.150963748895,0.5167073416901553,1
2011-07-20 16:15:01,0.09725066195939999,0.7116904696396473,1
2011-07-20 17:15:01,0.09281238746850001,0.7258191936570662,1
2011-07-20 18:15:01,0.12040599132799999,0.6306498379204253,1
2011-07-20 19:15:01,0.0833705114255,0.754955582445838,1
2011-07-20 20:15:01,0.104474854601,0.68632987241613,1
2011-07-20 21:15:01,0.0879897473453,0.7401942474558275,1
2011-07-20 22:15:01,0.09074712643680001,0.7311506307270078,1
2011-07-20 23:15:01,0.100397071872,0.6991903944053296,1
2011-07-21 00:15:01,0.051836650082900004,0.8391872288316419,1
2011-07-21 01:15:01,0.105611555009,0.6803632067287857,1
2011-07-21 02:15:01,0.106565029682,0.6768300200761701,1
2011-07-21 03:15:01,0.09680931107449998,0.7097952377520191,1
2011-07-21 04:15:01,0.0909211618257,0.7287715624563986,1
2011-07-21 05:15:01,0.0922848129788,0.7240628008898063,1
2011-07-21 06:15:01,0.0945566361556,0.7163424340893366,1
2011-07-21 07:15:01,0.09112291888059999,0.727263078562308,1
2011-07-21 08:15:01,0.0957755359395,0.7117170232234927,1
2011-07-21 09:15:01,0.12494520547900001,0.6078414087442536,1
2011-07-21 10:15:01,0.135218579235,0.5687863717027959,1
2011-07-21 11:15:01,0.137637795276,0.5594193242769487,1
2011-07-21 12:15:01,0.140516304348,0.5482447624926075,0
2011-07-21 13:15:01,0.18016627078400002,0.6050493900438254,0
2011-07-21 14:15:01,0.19986631015999998,0.6768365620657302,0
2011-07-21 15:15:01,0.10099999999999999,0.6949100011267524,0
2011-07-21 16:15:01,0.127293785311,0.5992704409334223,0
2011-07-21 17:15:01,0.09593622543569999,0.7118426615652833,0
2011-07-21 18:15:01,0.142176870748,0.5414414392924616,0
2011-07-21 22:15:01,0.0933480364257,0.7203211091176818,0
2011-07-22 00:15:01,0.07802545155989998,0.768418079508601,0
2011-07-22 01:15:01,0.0975723763571,0.7054491073950935,0
2011-07-22 02:15:01,0.0951793248945,0.7132703784615693,0
2011-07-22 03:15:01,0.09368766096930001,0.7179902164630596,0
2011-07-22 04:15:01,0.08655225185830001,0.7409993869679892,0
2011-07-22 05:15:01,0.08980806979280001,0.7301764145135718,0
2011-07-22 06:15:01,0.0996096440873,0.6969669882452181,0
2011-07-22 07:15:01,0.111351351351,0.6550554985296012,0
2011-07-22 08:15:01,0.0980949241925,0.7018102531011252,0
2011-07-22 09:15:01,0.11395049505,0.6450531309051055,0
2011-07-22 10:15:01,0.107567567568,0.6681399644643117,0
2011-07-22 11:15:01,0.13404494382,0.5681893675822144,0
2011-07-22 12:15:01,0.192386363636,0.6581281989364772,0
2011-07-22 13:15:01,0.198952380952,0.6815663580684875,0
2011-07-22 14:15:01,0.11711173184399999,0.6338231599340773,0
2011-07-22 15:15:01,0.124281391831,0.6065251696525342,0
2011-07-22 16:15:01,0.110217261905,0.6591088333592388,0
2011-07-22 17:15:01,0.0943178294574,0.7149857572062263,0
2011-07-22 18:15:01,0.0908305136881,0.7264211022023395,0
2011-07-22 19:15:01,0.12354243542400001,0.6082329754970237,0
2011-07-22 20:15:01,0.104650176678,0.6783690090444332,0
2011-07-22 21:15:01,0.0914649470899,0.7238753454861864,0
2011-07-22 22:15:01,0.07267491670630001,0.7827626147173208,0
2011-07-22 23:15:01,0.0800471698113,0.7600625791976121,0
2011-07-23 03:15:01,0.09891304347829999,0.6972575522807042,0
2011-07-23 05:15:01,0.0907375415282,0.7250113075039983,0
2011-07-23 06:15:01,0.09134120917300001,0.7227151171487993,0
2011-07-23 07:15:01,0.09713214246889999,0.7026451592238447,0
2011-07-23 08:15:01,0.08195749440719999,0.7529198065034144,0
2011-07-23 11:15:01,0.151049822064,0.5045507373116078,0
2011-07-23 12:15:01,0.101444108761,0.6870296592090522,0
2011-07-23 13:15:01,0.22393220339000003,0.772120801717112,0
2011-07-23 14:15:01,0.187859375,0.6485866599252096,0
2011-07-23 15:15:01,0.10900360144099999,0.6603939929123959,0
2011-07-23 16:15:01,0.143954983923,0.5241504286617396,0
2011-07-23 17:15:01,0.12595705968,0.5956881654871683,0
2011-07-23 18:15:01,0.0987919684003,0.6972247444837709,0
2011-07-23 19:15:01,0.11015300546399999,0.6557581793369529,0
2011-07-23 20:15:01,0.08966106218310001,0.7283516749836184,0
2011-07-23 21:15:01,0.0941915782707,0.7126502722504814,0
2011-07-23 22:15:01,0.081140782992,0.7557408233404359,0
2011-07-23 23:15:01,0.0916932341481,0.7206205406559345,0
2011-07-24 00:15:01,0.0639505347594,0.8065803345095797,0
2011-07-24 01:15:01,0.160633111744,0.5466330067322513,0
2011-07-24 02:15:01,0.12546644388699998,0.5948889750570054,0
2011-07-24 03:15:01,0.0974852941176,0.6999839475709364,0
2011-07-24 04:15:01,0.08418484635230002,0.7450579304828393,0
2011-07-24 05:15:01,0.0834014921249,0.7473204142326217,0
2011-07-24 06:15:01,0.09347487615,0.7131349506695627,0
2011-07-24 07:15:01,0.09348225469730001,0.7128672260986184,0
2011-07-24 08:15:01,0.10068578553600001,0.6870881220480151,0
2011-07-24 09:15:01,0.12106416275399999,0.60990538734783,0
2011-07-24 10:15:01,0.118303797468,0.6205707012982935,0
2011-07-24 11:15:01,0.147348484848,0.5038848261705244,0
2011-07-24 12:15:01,0.20081967213100002,0.7045126745259267,0
2011-07-24 13:15:01,0.180408805031,0.6284565253642117,0
2011-07-24 14:15:01,0.178045454545,0.6191328470910182,0
2011-07-24 15:15:01,0.11107954545499998,0.6495042251848651,0
2011-07-24 16:15:01,0.100021130481,0.6904353596272129,0
2011-07-24 17:15:01,0.0987787954482,0.6947160541493529,0
2011-07-24 18:15:01,0.08489361702130001,0.7426047788810511,0
2011-07-24 19:15:01,0.0947592385218,0.708516210619942,0
2011-07-24 20:15:01,0.0863389953018,0.7373014085504511,0
2011-07-24 21:15:01,0.0907282693814,0.7220744322688205,0
2011-07-24 22:15:01,0.0922506393862,0.7165382812370734,0
2011-07-24 23:15:01,0.08250871080139999,0.7493116983612051,0
2011-07-25 00:15:01,0.08509397278030001,0.7404550911412917,0
2011-07-25 01:15:01,0.146365663322,0.5045838079935268,0
2011-07-25 02:15:01,0.10772521062899999,0.6593443846077451,0
2011-07-25 03:15:01,0.114809228039,0.6319375708729853,0
2011-07-25 04:15:01,0.09162498008600001,0.7178750549707367,0
2011-07-25 05:15:01,0.0836703958692,0.7447930532637238,0
2011-07-25 06:15:01,0.09401474201469999,0.7088976556509133,0
2011-07-25 07:15:01,0.105398262129,0.6669511545583255,0
2011-07-25 08:15:01,0.101132673267,0.6827100220882238,0
2011-07-25 09:15:01,0.137182175623,0.5400383167310483,0
2011-07-25 10:15:01,0.156112469438,0.5383407054859617,0
2011-07-25 11:15:01,0.181365461847,0.6401237724942446,0
2011-07-25 12:15:01,0.22447154471500003,0.7901862952501567,0
2011-07-25 13:15:01,0.24075067024099997,0.8353054870408612,0
2011-07-25 14:15:01,0.112738287561,0.6402806744294158,0
2011-07-25 15:15:01,0.16039888682700001,0.5547924136607651,0
2011-07-25 16:15:01,0.103549802545,0.6755309422686082,0
2011-07-25 17:15:01,0.09490475147800001,0.7071122565632797,0
2011-07-25 18:15:01,0.10260900900900001,0.6786312849984418,0
2011-07-25 19:15:01,0.0837307692308,0.7455842427160968,0
2011-07-25 20:15:01,0.068001002004,0.7951089473202682,0
2011-07-25 21:15:01,0.0776865671642,0.7647724789194565,0
2011-07-25 22:15:01,0.08721101504960001,0.7327333414103112,0
2011-07-25 23:15:01,0.0702855543113,0.7874280574777357,0
2011-07-26 00:15:01,0.07342105263160001,0.7774268782938343,0
2011-07-26 01:15:01,0.091136428368,0.7179845613737548,0
2011-07-26 02:15:01,0.101918694977,0.6783738362199381,0
2011-07-26 03:15:01,0.08886761615689999,0.725601453483518,0
2011-07-26 04:15:01,0.105303215303,0.6650689323191386,0
2011-07-26 05:15:01,0.07839327225489999,0.7606953107772425,0
2011-07-26 06:15:01,0.09665976331360002,0.6969534419881824,0
2011-07-26 07:15:01,0.0920613542836,0.7134311023738668,0
2011-07-26 08:15:01,0.10303466317900001,0.6726826320676663,0
2011-07-26 09:15:01,0.124340101523,0.5880558781438694,0
2011-07-26 10:15:01,0.162175925926,0.5699889953939454,0
2011-07-26 11:15:01,0.18583643122699997,0.6648430101952577,0
2011-07-26 12:15:01,0.194464944649,0.6971923884587211,0
2011-07-26 13:15:01,0.19815980629500002,0.7104820206721713,0
2011-07-26 14:15:01,0.19971063829799998,0.7158479967850385,0
2011-07-26 15:15:01,0.0580671641791,0.8232212011234867,0
2011-07-26 16:15:01,0.143149575944,0.510581354496783,0
2011-07-26 17:15:01,0.0916963385959,0.7160201240914608,0
2011-07-26 19:15:01,0.08859456093000001,0.7268297251485518,0
2011-07-26 20:15:01,0.106783461808,0.6590328002344231,0
2011-07-26 21:15:01,0.08725897493789998,0.7311954943213391,0
2011-07-26 22:15:01,0.0762463235294,0.7680783443915201,0
2011-07-26 23:15:01,0.07059921414539999,0.7856743957956298,0
2011-07-27 00:15:01,0.0763135888502,0.767224316881767,0
2011-07-27 01:15:01,0.10203465982000001,0.6756648406482025,0
2011-07-27 02:15:01,0.0942817679558,0.7045516952142028,0
2011-07-27 05:15:01,0.0897623966942,0.7207287542409251,0
2011-07-27 06:15:01,0.09127723067739998,0.7150582862861145,0
2011-07-27 07:15:01,0.0948953974895,0.7016202655571795,0
2011-07-27 08:15:01,0.108143515471,0.6507568671113781,0
2011-07-27 09:15:01,0.117656862745,0.6123971340985549,0
2011-07-27 10:15:01,0.122840909091,0.5909560403302685,0
2011-07-27 11:15:01,0.114534883721,0.624941816334335,0
2011-07-27 12:15:01,0.2174609375,0.7827749935767124,0
2011-07-27 13:15:01,0.210926365796,0.7613640377341264,0
2011-07-27 14:15:01,0.122508610792,0.5931541690006856,0
2011-07-27 15:15:01,0.13678141136,0.5329612239261383,0
2011-07-27 16:15:01,0.10667075413899998,0.6573153474631592,0
2011-07-27 17:15:01,0.104843950406,0.6643387906617161,0
2011-07-27 18:15:01,0.0870398084406,0.7306804357883091,0
2011-07-27 19:15:01,0.106177402323,0.6586587819534935,0
2011-07-27 20:15:01,0.059934426229499994,0.8172620684180585,0
2011-07-27 21:15:01,0.105376415723,0.661139636007846,0
2011-07-27 22:15:01,0.0799391143911,0.7544479993017923,0
2011-07-27 23:15:01,0.0773174061433,0.7629750225157106,0
2011-07-28 00:15:01,0.07583873290139999,0.7675854848568667,0
2011-07-28 01:15:01,0.10138317757000001,0.6754914375791834,0
2011-07-28 02:15:01,0.0976764625103,0.689554731915146,0
2011-07-28 03:15:01,0.0988295165394,0.6849765695434854,0
2011-07-28 04:15:01,0.0909731616845,0.7142601284657135,0
2011-07-28 05:15:01,0.08181655172410002,0.7466658194112963,0
2011-07-28 06:15:01,0.08304776739360001,0.742143205506429,0
2011-07-28 07:15:01,0.16709039548000001,0.6018675057085889,0
2011-07-28 08:15:01,0.09874135546330001,0.6845843090198691,0
2011-07-28 09:15:01,0.141718882303,0.5061477920427966,0
2011-07-28 10:15:01,0.038898847631199995,0.8703344275470549,0
2011-07-28 11:15:01,0.21362962962999998,0.7776788715243399,0
2011-07-28 12:15:01,0.239086419753,0.8505720821051976,0
2011-07-28 13:15:01,0.156823529412,0.5584205287132524,0
2011-07-28 14:15:01,0.190647773279,0.6960777751009379,0
2011-07-28 15:15:01,0.0966312255176,0.6936233209283744,0
2011-07-28 16:15:01,0.0963229056204,0.6946168129611109,0
2011-07-28 17:15:01,0.10548790658900001,0.6587427786131174,0
2011-07-28 18:15:01,0.0824396507447,0.7450109159076065,0
2011-07-28 19:15:01,0.0979628443306,0.6877617516737411,0
2011-07-28 20:15:01,0.08110240078389999,0.7492936110484465,0
2011-07-28 21:15:01,0.0845043153721,0.7371239714359167,0
2011-07-28 22:15:01,0.07183900226760001,0.7798144549007795,0
2011-07-28 23:15:01,0.0821175799087,0.744970621028008,0
2011-07-29 00:15:01,0.0637849610271,0.8044348931978594,0
2011-07-29 01:15:01,0.0902959618761,0.7148905417326388,0
2011-07-29 02:15:01,0.0889792311091,0.7195418272681717,0
2011-07-29 03:15:01,0.0806892523364,0.7489623241658384,0
2011-07-29 04:15:01,0.0848156764495,0.7341666949875161,0
2011-07-29 05:15:01,0.082030546309,0.7438193916733742,0
2011-07-29 06:15:01,0.09039579770339999,0.7133252143360054,0
2011-07-29 07:15:01,0.08493030303030001,0.733104979980007,0
2011-07-29 08:15:01,0.1085,0.6420840168174958,0
2011-07-29 09:15:01,0.154952380952,0.5573156354419541,0
2011-07-29 10:15:01,0.166717557252,0.6074899891925677,0
2011-07-29 11:15:01,0.220575221239,0.8057317037162425,0
2011-07-29 12:15:01,0.22591111111099998,0.8210942804488792,0
2011-07-29 13:15:01,0.0764184008762,0.7639862729928414,0
2011-07-29 14:15:01,0.181203208556,0.6663337797200368,0
2011-07-29 15:15:01,0.0644422507404,0.8025504248748853,0
2011-07-29 16:15:01,0.115680525164,0.6132229830571184,0
2011-07-29 17:15:01,0.104240282686,0.6602102505700562,0
2011-07-29 18:15:01,0.08959622443630001,0.7168384594568422,0
2011-07-29 19:15:01,0.126490486258,0.5665246033457606,0
2011-07-29 20:15:01,0.0862436745815,0.7290430418752256,0
2011-07-29 21:15:01,0.09219198234650001,0.7067260658810617,0
2011-07-29 22:15:01,0.08622149837130001,0.7287442253702934,0
2011-07-29 23:15:01,0.0731267507003,0.774147899190859,0
2011-07-30 00:15:01,0.07856820744080001,0.7554489300103098,0
2011-07-30 01:15:01,0.09937118902439998,0.6778568676314116,0
2011-07-30 02:15:01,0.09193230364769998,0.7065424294256426,0
2011-07-30 03:15:01,0.101687937423,0.6682732664216089,0
2011-07-30 04:15:01,0.07590296495960001,0.7640526738252532,0
2011-07-30 05:15:01,0.08873104997189998,0.7180001213384354,0
2011-07-30 06:15:01,0.09067182662539999,0.7105136917794571,0
2011-07-30 07:15:01,0.0951209823041,0.6932749202255811,0
2011-07-30 08:15:01,0.0996332644628,0.6753617386074955,0
2011-07-30 09:15:01,0.13197322468,0.5384134122969487,0
2011-07-30 10:15:01,0.08570388349510001,0.7286793693451465,0
2011-07-30 11:15:01,0.14891959799,0.5367639668505739,0
2011-07-30 12:15:01,0.168258928571,0.6204525823757764,0
2011-07-30 13:15:01,0.159104477612,0.5811495825578812,0
2011-07-30 14:15:01,0.145816226784,0.5227734968071055,0
2011-07-30 15:15:01,0.10077772443600001,0.6712731786543273,0
2011-07-30 16:15:01,0.105555555556,0.6516981137915201,0
2011-07-30 17:15:01,0.08184418746199999,0.7432505565383952,0
2011-07-30 20:15:01,0.0879527836505,0.7206287756973374,0
2011-07-30 21:15:01,0.0849855907781,0.7314397086218808,0
2011-07-30 22:15:01,0.0681134624043,0.7894538619448641,0
2011-07-30 23:15:01,0.07765223771089999,0.7571739630647485,0
2011-07-31 00:15:01,0.06278926955400001,0.8057063875859186,0
2011-07-31 01:15:01,0.09951966585449999,0.6741821019530392,0
2011-07-31 02:15:01,0.0926174306735,0.7012861135439674,0
2011-07-31 04:15:01,0.0893898678414,0.7134995748293266,0
2011-07-31 05:15:01,0.0849519850939,0.7299492680246563,0
2011-07-31 06:15:01,0.08768153230419999,0.7195621005420153,0
2011-07-31 07:15:01,0.09537968892960001,0.6896676211878567,0
2011-07-31 08:15:01,0.09086795557380001,0.7070976771346461,0
2011-07-31 09:15:01,0.11730392156899999,0.5981449959015271,0
2011-07-31 10:15:01,0.10824120603,0.6367751255725785,0
2011-07-31 11:15:01,0.146772727273,0.5327700950241343,0
2011-07-31 12:15:01,0.14162962963,0.5097720639704441,0
2011-07-31 13:15:01,0.21160439560400002,0.790967856707705,0
2011-07-31 14:15:01,0.15183833115999998,0.5548440254135887,0
2011-07-31 15:15:01,0.112491003599,0.6195118996997647,0
2011-07-31 16:15:01,0.0865470343785,0.724275730911407,0
2011-07-31 17:15:01,0.105751510574,0.6476685752761131,0
2011-07-31 18:15:01,0.0643436204514,0.8008567579737412,0
2011-07-31 19:15:01,0.0916587112172,0.7040910526436528,0
2011-07-31 20:15:01,0.07111111111110001,0.7784879718515326,0
2011-07-31 21:15:01,0.0750024515813,0.7649723108488733,0
2011-07-31 23:15:01,0.0823037357878,0.7386953285985356,0
2011-08-01 00:15:01,0.0756299972429,0.7623610197743049,0
2011-08-01 03:15:01,0.09203616878769999,0.7012971433628049,0
2011-08-01 05:15:01,0.08795821755689999,0.7169024209920414,0
2011-08-01 06:15:01,0.0845185127567,0.7297143420173364,0
2011-08-01 07:15:01,0.0829971288321,0.7351724200279137,0
2011-08-01 08:15:01,0.12687032419000002,0.5525963741328583,0
2011-08-01 09:15:01,0.133337563452,0.52352775815205,0
2011-08-01 10:15:01,0.128338658147,0.5459856286420925,0
2011-08-01 11:15:01,0.150143884892,0.5522842298341013,0
2011-08-01 12:15:01,0.206345323741,0.7787832978475169,0
2011-08-01 13:15:01,0.0524591947769,0.8356592664818474,0
2011-08-01 14:15:01,0.162529147982,0.6072052947555953,0
2011-08-01 15:15:01,0.10539627544399999,0.6465778955422036,0
2011-08-01 16:15:01,0.127360120165,0.5503546751767125,0
2011-08-01 17:15:01,0.09431584109860001,0.6920615337809501,0
2011-08-01 18:15:01,0.095773165741,0.6860572446613302,0
2011-08-01 20:15:01,0.0847086801427,0.7290898931367855,0
2011-08-01 21:15:01,0.088880550344,0.7129533703965905,0
2011-08-01 23:15:01,0.0763381239076,0.7593537489244014,0
2011-08-02 00:15:01,0.06993745956439999,0.7812270723145278,0
2011-08-02 01:15:01,0.09893518518519999,0.6719614376268354,0
2011-08-02 02:15:01,0.09129415760870001,0.7026397059513206,0
2011-08-02 03:15:01,0.07854234102539999,0.7507554413786603,0
2011-08-02 05:15:01,0.0771185940038,0.7556626591768587,0
2011-08-02 06:15:01,0.0829368668596,0.7341290925953536,0
2011-08-02 07:15:01,0.0850682551502,0.7258897138124216,0
2011-08-02 08:15:01,0.12412000000000001,0.5612243158152895,0
2011-08-02 09:15:01,0.11266613924100001,0.6121027581580712,0
2011-08-02 10:15:01,0.143494860499,0.5270235599471276,0
2011-08-02 11:15:01,0.22078680203,0.8294055113786398,0
2011-08-02 12:15:01,0.126043723554,0.5529743526590993,0
2011-08-02 13:15:01,0.16306010929,0.6143306970612569,0
2011-08-02 14:15:01,0.166832239925,0.6306645122561425,0
2011-08-02 15:15:01,0.130156293609,0.5346532081061,0
2011-08-02 16:15:01,0.09841803865430002,0.6739699822885662,0
2011-08-02 18:15:01,0.08875537505969999,0.712740588912528,0
2011-08-02 19:15:01,0.09702552068060001,0.6793796317985955,0
2011-08-02 20:15:01,0.0916525023607,0.7010055894748368,0
2011-08-02 21:15:01,0.08440955004589999,0.7290930600675326,0
2011-08-02 22:15:01,0.11612281926,0.5967357379259081,0
2011-08-02 23:15:01,0.0768802498385,0.7568416181978096,0
2011-08-03 00:15:01,0.0418443904133,0.8640450561803128,0
2011-08-03 01:15:01,0.109948207171,0.6230142792742815,0
2011-08-03 02:15:01,0.1159,0.5966360376789908,0
2011-08-03 03:15:01,0.0945074539608,0.6882630165434145,0
2011-08-03 04:15:01,0.0775527057223,0.7536290482450081,0
2011-08-03 05:15:01,0.08654308782339999,0.719585902648792,0
2011-08-03 06:15:01,0.0932578125,0.6927393216542361,0
2011-08-03 07:15:01,0.10190795353,0.6566622715530254,0
2011-08-03 08:15:01,0.110943544171,0.617420667221428,0
2011-08-03 09:15:01,0.137595944967,0.5037800303661815,0
2011-08-03 10:15:01,0.136693548387,0.5003850985812441,0
2011-08-03 11:15:01,0.19725158562399997,0.7579501259604828,0
2011-08-03 12:15:01,0.208998482549,0.7981397382929578,0
2011-08-03 13:15:01,0.20738127544100002,0.7925589224209352,0
2011-08-03 14:15:01,0.113402225755,0.6078756848397459,0
2011-08-03 15:15:01,0.09983981693360001,0.6666684524576457,0
2011-08-03 17:15:01,0.12625895159000003,0.5493916833683314,0
2011-08-03 18:15:01,0.0847558278033,0.7275729180394043,0
2011-08-03 19:15:01,0.107227920228,0.6346338723871348,0
2011-08-03 20:15:01,0.09944398109539998,0.6679589395307521,0
2011-08-03 21:15:01,0.104109318406,0.6479316142747367,0
2011-08-03 22:15:01,0.124832317073,0.555100959282426,0
2011-08-03 23:15:01,0.14631926121400002,0.5443787463403349,0
2011-08-04 00:15:01,0.11533428165,0.5984188727127016,0
2011-08-04 01:15:01,0.112361863489,0.6116808097937512,0
2011-08-04 02:15:01,0.102111553785,0.6565101362317398,0
2011-08-04 03:15:01,0.13260353021,0.5187869971764322,0
2011-08-04 04:15:01,0.0987815912637,0.6706487750037972,0
2011-08-04 05:15:01,0.08044780927839999,0.7438910849745637,0
2011-08-04 06:15:01,0.101264438944,0.6597121743303008,0
2011-08-04 07:15:01,0.111465468838,0.6149219670757229,0
2011-08-04 08:15:01,0.102005730659,0.6563652548209726,0
2011-08-04 09:15:01,0.121553113553,0.568909474698208,0
2011-08-04 10:15:01,0.14638297872300002,0.5466314064464296,0
2011-08-04 11:15:01,0.161002227171,0.6134445941639479,0
2011-08-04 12:15:01,0.193961038961,0.7499618881535952,0
2011-08-04 13:15:01,0.109614035088,0.6236649923457814,0
2011-08-04 14:15:01,0.16697254902,0.639808170743662,0
2011-08-04 16:15:01,0.101497776738,0.6593888779242644,0
2011-08-04 17:15:01,0.13928618205600002,0.5132722096769,0
2011-08-04 18:15:01,0.091172796669,0.7026788754573624,0
2011-08-04 19:15:01,0.0962545644236,0.6815155973728892,0
2011-08-04 20:15:01,0.212868225898,0.8159536294158322,0
2011-08-04 21:15:01,0.07968362034439999,0.7478414259287873,0
2011-08-04 22:15:01,0.09494980694980001,0.6870297938924546,0
2011-08-04 23:15:01,0.077497509464,0.7557002156513692,0
2011-08-05 00:15:01,0.09016338028169998,0.7063372851570033,0
2011-08-05 01:15:01,0.08567480501869999,0.7241306444543734,0
2011-08-05 02:15:01,0.102514619883,0.6540015807166978,0
2011-08-05 03:15:01,0.117256289308,0.5878416445199712,0
2011-08-05 04:15:01,0.0919001574095,0.6988421473343163,0
2011-08-05 05:15:01,0.10194672131100001,0.6561733040358018,0
2011-08-05 06:15:01,0.09669613486839998,0.6785935989032421,0
2011-08-05 07:15:01,0.103008849558,0.6512909036733755,0
2011-08-05 08:15:01,0.13762300319499998,0.5082883607316764,0
2011-08-05 09:15:01,0.12479148181,0.5521363322172426,0
2011-08-05 10:15:01,0.136975308642,0.5052951901522091,0
2011-08-05 11:15:01,0.17704697986600001,0.6872219964330589,0
2011-08-05 12:15:01,0.179653679654,0.6979483494426433,0
2011-08-05 13:15:01,0.103424657534,0.6501879717381516,0
2011-08-05 14:15:01,0.165123062899,0.6355012776740936,0
2011-08-05 15:15:01,0.134172661871,0.5084531756635133,0
2011-08-05 17:15:01,0.0854426972659,0.7257483896245682,0
2011-08-05 19:15:01,0.116336996337,0.5918783611812025,0
2011-08-05 20:15:01,0.135585443038,0.5013417018474261,0
2011-08-05 21:15:01,0.0861486725664,0.7229171721667962,0
2011-08-05 22:15:01,0.0866556972439,0.7207259759939783,0
2011-08-05 23:15:01,0.0661930379747,0.7962108813190566,0
2011-08-06 00:15:01,0.084335443038,0.7294778603269202,0
2011-08-06 01:15:01,0.08993325546469999,0.7067873281718864,0
2011-08-06 02:15:01,0.10729098712400001,0.631827875380748,0
2011-08-06 03:15:01,0.10464890643,0.6435544017368953,0
2011-08-06 04:15:01,0.108005702784,0.6284175669137609,0
2011-08-06 05:15:01,0.0926116666667,0.6954033372140108,0
2011-08-06 06:15:01,0.09522552483889998,0.6842473329892595,0
2011-08-06 07:15:01,0.09494422755160001,0.685313168832201,0
2011-08-06 08:15:01,0.10942727957800001,0.6213752775380377,0
2011-08-06 09:15:01,0.116218274112,0.590042428547078,0
2011-08-06 10:15:01,0.11865429234300001,0.5786149105846915,0
2011-08-06 11:15:01,0.154555873926,0.5916253182229472,0
2011-08-06 12:15:01,0.163333333333,0.631850166761489,0
2011-08-06 13:15:01,0.158153110048,0.6081198350527767,0
2011-08-06 15:15:01,0.0927267605634,0.695189349838293,0
2011-08-06 16:15:01,0.11191845269200001,0.6102210879293151,0
2011-08-06 17:15:01,0.0869566107245,0.7188597470966096,0
2011-08-06 18:15:01,0.0762434782609,0.7604295831128431,0
2011-08-06 19:15:01,0.0940876917027,0.6888577275652741,0
2011-08-06 20:15:01,0.05497405189619999,0.8320942679993044,0
2011-08-06 21:15:01,0.0894166666667,0.7079009585757501,0
2011-08-06 22:15:01,0.0705643173977,0.7804120196251358,0
2011-08-06 23:15:01,0.0768897768898,0.7570176262644659,0
2011-08-07 00:15:01,0.09433244916000001,0.6865896019432982,0
2011-08-07 01:15:01,0.09936472819219999,0.6646752828345039,0
2011-08-07 02:15:01,0.0905730830671,0.7022415135208849,0
2011-08-07 03:15:01,0.0902877697842,0.7032907161955251,0
2011-08-07 04:15:01,0.0945785026528,0.6850074528319241,0
2011-08-07 05:15:01,0.0977206993309,0.6712951880701495,0
2011-08-07 06:15:01,0.0929885057471,0.6915614905337668,0
2011-08-07 07:15:01,0.097932748538,0.670109825008785,0
2011-08-07 08:15:01,0.107065735154,0.6291443738955458,0
2011-08-07 09:15:01,0.104861788618,0.639081812827329,0
2011-08-07 10:15:01,0.133073110285,0.5058447315379151,0
2011-08-07 11:15:01,0.14813483146099998,0.5665447130409952,0
2011-08-07 12:15:01,0.1556,0.60173954162114,0
2011-08-07 13:15:01,0.23885416666700002,0.8972596975957374,0
2011-08-07 14:15:01,0.12586919105,0.5413682019673087,0
2011-08-07 15:15:01,0.0906898424769,0.7019511715481499,0
2011-08-07 16:15:01,0.11049261083699999,0.6139408812870966,0
2011-08-07 17:15:01,0.0866148325359,0.7186991002522978,0
2011-08-07 18:15:01,0.08719332161689998,0.7161723419296642,0
2011-08-07 19:15:01,0.0831693121693,0.7323378273965305,0
2011-08-07 20:15:01,0.0829251594834,0.7331470675626152,0
2011-08-07 21:15:01,0.0895323060287,0.7059555678066676,0
2011-08-07 22:15:01,0.0838859673402,0.7290031665217649,0
2011-08-07 23:15:01,0.0518382352941,0.8410639007754899,0
2011-08-08 00:15:01,0.0894157029823,0.7057227994922318,0
2011-08-08 01:15:01,0.0941601460616,0.685392715663472,0
2011-08-08 02:15:01,0.09321260767419999,0.689351213267366,0
2011-08-08 03:15:01,0.0906582077716,0.7001188475030616,0
2011-08-08 04:15:01,0.0943331232934,0.6842470360113168,0
2011-08-08 05:15:01,0.0915368104744,0.6961388698171251,0
2011-08-08 06:15:01,0.09020849224510001,0.7016451814601146,0
2011-08-08 07:15:01,0.104276002719,0.6395448244322132,0
2011-08-08 08:15:01,0.09490389354360002,0.6812960357318071,0
2011-08-08 09:15:01,0.107888040712,0.6226872268437322,0
2011-08-08 10:15:01,0.12252713178300001,0.5531454995140332,0
2011-08-08 11:15:01,0.141545454545,0.5393518915194336,0
2011-08-08 12:15:01,0.145774946921,0.5597920990285101,0
2011-08-08 13:15:01,0.142292358804,0.5429071890445578,0
2011-08-08 14:15:01,0.0937384540593,0.6866817734126023,0
2011-08-08 16:15:01,0.11596590909099999,0.5847261765139322,0
2011-08-08 17:15:01,0.0821823839805,0.7348981633311833,0
2011-08-08 18:15:01,0.0922203830693,0.6929368519626655,0
2011-08-08 19:15:01,0.0897081167533,0.7035462321222267,0
2011-08-08 20:15:01,0.08519922254619999,0.7222472153958436,0
2011-08-08 21:15:01,0.0817833916958,0.7359742213549365,0
2011-08-08 22:15:01,0.08771310181530001,0.7114776260673653,0
2011-08-08 23:15:01,0.0593077588693,0.8175411961917463,0
2011-08-09 00:15:01,0.0814900662252,0.7365435722592989,0
2011-08-09 01:15:01,0.0914412910406,0.6949714138978987,0
2011-08-09 02:15:01,0.0942895612229,0.68247356670371,0
2011-08-09 03:15:01,0.0965016286645,0.6725996304603018,0
2011-08-09 04:15:01,0.0852443443345,0.7208110692332423,0
2011-08-09 05:15:01,0.0905436264485,0.6983313509431646,0
2011-08-09 06:15:01,0.09573125291099999,0.6755824310176606,0
2011-08-09 07:15:01,0.100878313638,0.6523557199217259,0
2011-08-09 08:15:01,0.101331689273,0.6501952410910312,0
2011-08-09 09:15:01,0.132678571429,0.500313225171144,0
2011-08-09 10:15:01,0.13330895795199998,0.5034146025106487,0
2011-08-09 11:15:01,0.146563245823,0.5683250065426748,0
2011-08-09 12:15:01,0.21364864864900002,0.841415471175621,0
2011-08-09 14:15:01,0.138718199609,0.5295063552662713,0
2011-08-09 15:15:01,0.11504304778300001,0.5864743395750831,0
2011-08-09 16:15:01,0.0969093941078,0.6709331217454022,0
2011-08-09 17:15:01,0.0894426381793,0.7035115160622747,0
2011-08-09 18:15:01,0.09478947368419999,0.680107432680552,0
2011-08-09 19:15:01,0.08908238636360001,0.7048191693805784,0
2011-08-09 20:15:01,0.0775330882353,0.7520377564384098,0
2011-08-09 21:15:01,0.101094538276,0.6511995601254154,0
2011-08-09 22:15:01,0.0635224438903,0.8034058050898332,0
2011-08-09 23:15:01,0.09596202824729999,0.6740146123046695,0
2011-08-10 00:15:01,0.08324604859639999,0.7285308473367398,0
2011-08-10 01:15:01,0.0910332884356,0.6954416927233488,0
2011-08-10 02:15:01,0.09098595943839999,0.695522215169966,0
2011-08-10 03:15:01,0.104742634008,0.6332431714656709,0
2011-08-10 04:15:01,0.08945752818040001,0.7019655597593151,0
2011-08-10 05:15:01,0.0871840133222,0.7115545938267205,0
2011-08-10 06:15:01,0.09341216216219998,0.684430693196141,0
2011-08-10 07:15:01,0.08478803716610002,0.7214069223796652,0
2011-08-10 08:15:01,0.129779044904,0.510770854376801,0
2011-08-10 09:15:01,0.106145004421,0.6259343940736679,0
2011-08-10 10:15:01,0.138995363215,0.5351025233448545,0
2011-08-10 11:15:01,0.163650107991,0.6536494999048859,0
2011-08-10 12:15:01,0.19501094091899998,0.7840083640066102,0
2011-08-10 13:15:01,0.0807644305772,0.7386155889138564,0
2011-08-10 15:15:01,0.135370601447,0.5168887028769179,0
2011-08-10 17:15:01,0.118851057447,0.5650507762727202,0
2011-08-10 18:15:01,0.0979840276279,0.664285390543875,0
2011-08-10 19:15:01,0.100485770363,0.6527185447659816,0
2011-08-10 20:15:01,0.11681508515799999,0.574715836700233,0
2011-08-10 21:15:01,0.08871223564950001,0.7052667138126196,0
2011-08-10 23:15:01,0.0931702092602,0.6856221813573892,0
2011-08-11 00:15:01,0.0857755775578,0.717581567338617,0
2011-08-11 01:15:01,0.10558448187899999,0.6282914849038458,0
2011-08-11 02:15:01,0.0864523424879,0.7145431050893745,0
2011-08-11 03:15:01,0.09915747901930001,0.6580513319168473,0
2011-08-11 04:15:01,0.0970408163265,0.6676454037262799,0
2011-08-11 05:15:01,0.0936600833484,0.6827951399418699,0
2011-08-11 06:15:01,0.0942462751972,0.6800585900872819,0
2011-08-11 07:15:01,0.112770863836,0.5929369136493421,0
2011-08-11 08:15:01,0.108728767123,0.6124535437042854,0
2011-08-11 09:15:01,0.12832038835,0.515741600230732,0
2011-08-11 10:15:01,0.16138211382099998,0.6465618150175565,0
2011-08-11 11:15:01,0.149149425287,0.5878507794175131,0
2011-08-11 12:15:01,0.169220532319,0.6823864569851904,0
2011-08-11 14:15:01,0.121971600218,0.547976185724933,0
2011-08-11 15:15:01,0.10615642833200001,0.6253722434396952,0
2011-08-11 16:15:01,0.163204320432,0.6551380457834104,0
2011-08-11 17:15:01,0.11472774045999998,0.5839372732289247,0
2011-08-11 18:15:01,0.0760014673514,0.7580929534007352,0
2011-08-11 19:15:01,0.105483473113,0.6284568537664154,0
2011-08-11 20:15:01,0.0949758529366,0.6773035917481208,0
2011-08-11 21:15:01,0.0653525286083,0.7978171203318993,0
2011-08-11 22:15:01,0.0927619507484,0.6868777481008714,0
2011-08-11 23:15:01,0.0997149643705,0.6550068721599898,0
2011-08-12 00:15:01,0.09076294277930001,0.695589250186855,0
2011-08-12 01:15:01,0.08240238507410001,0.7314186839135499,0
2011-08-12 02:15:01,0.103661464586,0.6360100664413764,0
2011-08-12 03:15:01,0.19985294117600003,0.807687855675792,0
2011-08-12 04:15:01,0.13080838323400001,0.5020194169402221,0
2011-08-12 05:15:01,0.143984575835,0.564250766836125,0
2011-08-12 06:15:01,0.187510548523,0.7620780002589143,0
2011-08-12 07:15:01,0.187205882353,0.7607067805390035,1
2011-08-12 08:15:01,0.237744360902,0.9112533364914983,1
2011-08-12 09:15:01,0.252205882353,0.9369571916949431,1
2011-08-12 10:15:01,0.412619047619,0.9998129690397487,1
2011-08-12 11:15:01,0.33378378378400003,0.9944669887760982,1
2011-08-12 13:15:01,0.218,0.8594863910075395,1
2011-08-12 14:15:01,0.308706896552,0.9866133396672769,1
2011-08-12 15:15:01,0.24135501355,0.9138308630082553,1
2011-08-12 16:15:01,0.212047244094,0.8403534123034475,1
2011-08-12 17:15:01,0.175767790262,0.70569181983533,1
2011-08-12 18:15:01,0.134796954315,0.5109853803545246,1
2011-08-12 19:15:01,0.162904290429,0.6478792566320872,1
2011-08-12 21:15:01,0.160676258993,0.6373764510348693,1
2011-08-12 22:15:01,0.109723404255,0.6131600800234823,1
2011-08-12 23:15:01,0.12165644171800001,0.5547705689505187,1
2011-08-13 00:15:01,0.131589958159,0.5051814578610104,1
2011-08-13 01:15:01,0.193345724907,0.7770999057872394,1
2011-08-13 02:15:01,0.1795,0.7217091024050208,1
2011-08-13 03:15:01,0.183160621762,0.7367988164471343,1
2011-08-13 04:15:01,0.152888888889,0.5997208730079437,1
2011-08-13 05:15:01,0.145144356955,0.5616341938239503,1
2011-08-13 06:15:01,0.156018808777,0.6147902136661385,1
2011-08-13 07:15:01,0.181965065502,0.731779902588944,1
2011-08-13 08:15:01,0.214,0.8463879643025269,1
2011-08-13 09:15:01,0.8392307692309999,1.0,1
2011-08-13 10:15:01,0.3325,0.9919895073637883,1
2011-08-13 11:15:01,0.391,0.9990553012663016,1
2011-08-13 12:15:01,0.574390243902,0.9999999411100058,1
2011-08-13 13:15:01,0.32679558011,0.9887295364008979,1
2011-08-13 15:15:01,0.18606557377,0.7281002306196903,1
2011-08-13 17:15:01,0.203935185185,0.7934291749486035,1
2011-08-13 18:15:01,0.241901408451,0.8975279099164426,1
2011-08-13 19:15:01,0.133696027634,0.5063628192234817,1
2011-08-13 20:15:01,0.159906323185,0.6158953900408529,1
2011-08-13 21:15:01,0.147527272727,0.5587354253606831,1
2011-08-13 22:15:01,0.124267515924,0.5510306049096054,1
2011-08-13 23:15:01,0.10099449685499999,0.6570581281077608,1
2011-08-14 00:15:01,0.0887354085603,0.7087665337692604,1
2011-08-14 01:15:01,0.10877124183,0.6222577572138895,1
2011-08-14 02:15:01,0.10215487637399999,0.651685768473345,1
2011-08-14 03:15:01,0.110302724521,0.6151528323701637,1
2011-08-14 04:15:01,0.09474760248710001,0.6835481379090582,1
2011-08-14 05:15:01,0.09581145584730001,0.6789229831615874,1
2011-08-14 06:15:01,0.104109033566,0.6426785630829226,1
2011-08-14 07:15:01,0.110124688279,0.6155353918336341,1
2011-08-14 08:15:01,0.113954754922,0.5979252183794155,1
2011-08-14 09:15:01,0.131629370629,0.5148196763945775,1
2011-08-14 10:15:01,0.156177606178,0.6008853690865564,1
2011-08-14 11:15:01,0.186141176471,0.7300729510701087,1
2011-08-14 12:15:01,0.21056782334399998,0.8170463666641319,1
2011-08-14 13:15:01,0.18308203991099997,0.7174385771919719,1
2011-08-14 14:15:01,0.184261904762,0.7220546604543074,0
2011-08-14 15:15:01,0.0974306569343,0.6731492211995389,0
2011-08-14 16:15:01,0.124666666667,0.548906086969362,0
2011-08-14 17:15:01,0.11035296338199999,0.6156069087935789,0
2011-08-14 18:15:01,0.0991266277503,0.6657040587703505,0
2011-08-14 19:15:01,0.0974669148056,0.6728114502941873,0
2011-08-14 20:15:01,0.10314339981000001,0.6478317330050365,0
2011-08-14 21:15:01,0.111710368054,0.6089809236629395,0
2011-08-14 22:15:01,0.0900873124147,0.7038766904149333,0
2011-08-14 23:15:01,0.0869049815498,0.716807560656977,0
2011-08-15 01:15:01,0.0962115334885,0.6777546682409507,0
2011-08-15 02:15:01,0.104748480756,0.6401134389506837,0
2011-08-15 03:15:01,0.119817922171,0.5705378337206418,0
2011-08-15 04:15:01,0.100344978644,0.6596182628521254,0
2011-08-15 05:15:01,0.102439299831,0.6502638365861594,0
2011-08-15 06:15:01,0.10003827104900001,0.6608055487639853,0
2011-08-15 07:15:01,0.126746153846,0.5372096838771061,0
2011-08-15 08:15:01,0.119818181818,0.570117033636696,0
2011-08-15 09:15:01,0.143032384691,0.5409035895871319,0
2011-08-15 10:15:01,0.16394265233,0.6384638736649443,0
2011-08-15 11:15:01,0.177272727273,0.6966127677526386,0
2011-08-15 12:15:01,0.173473282443,0.6803205819718762,0
2011-08-15 14:15:01,0.11539735099300001,0.5915594208846778,0
2011-08-15 15:15:01,0.101152527849,0.6565933240108173,0
2011-08-15 16:15:01,0.12355189058700002,0.5528182562367345,0
2011-08-15 17:15:01,0.09589403973510001,0.679561948279176,0
2011-08-15 18:15:01,0.0946141176471,0.6849724356025794,0
2011-08-15 19:15:01,0.110444179714,0.6141650918544057,0
2011-08-15 20:15:01,0.0860211769497,0.7207635419037312,0
2011-08-15 21:15:01,0.096470323741,0.6766841674819593,0
2011-08-15 22:15:01,0.07789157756519999,0.7526331088136609,0
2011-08-15 23:15:01,0.09390576565410001,0.6874552292040486,0
2011-08-16 00:15:01,0.0858164165931,0.7211364285041753,0
2011-08-16 01:15:01,0.10321448468000001,0.6462796892807939,0
2011-08-16 02:15:01,0.105449290594,0.6360923530826841,0
2011-08-16 03:15:01,0.109692862045,0.6165559985556213,0
2011-08-16 04:15:01,0.10523391288799999,0.6369515715976356,0
2011-08-16 05:15:01,0.101970472441,0.6516183118460356,0
2011-08-16 06:15:01,0.116605328207,0.5839458832750013,0
2011-08-16 07:15:01,0.113288439955,0.5995316454566711,0
2011-08-16 08:15:01,0.135433846154,0.5067012105028679,0
2011-08-16 09:15:01,0.148375411636,0.5690485445110842,0
2011-08-16 10:15:01,0.18412955465599998,0.7284944445448788,0
2011-08-16 11:15:01,0.18400530504,0.7278613308500993,0
2011-08-16 12:15:01,0.182634615385,0.7221693489093076,0
2011-08-16 13:15:01,0.17609243697500002,0.6947505892435802,0
2011-08-16 14:15:01,0.07240279162510001,0.7740747152648662,0
2011-08-16 15:15:01,0.126272313616,0.5383634901419476,0
2011-08-16 16:15:01,0.142576240328,0.5407038842986888,0
2011-08-16 17:15:01,0.0831278489255,0.7329849223251554,0
2011-08-16 18:15:01,0.129988158674,0.5201685984632508,0
2011-08-16 19:15:01,0.0946607669617,0.6847898270491578,0
2011-08-16 20:15:01,0.11379829402899999,0.5977449847669393,0
2011-08-16 21:15:01,0.0914274128143,0.6985640431449684,0
2011-08-16 22:15:01,0.102077625571,0.6517331336041381,0
2011-08-16 23:15:01,0.0932054176072,0.6907922787462373,0
2011-08-17 00:15:01,0.090239396305,0.7033374774577652,0
2011-08-17 01:15:01,0.109984260231,0.6150482666732171,0
2011-08-17 02:15:01,0.103417615539,0.6452779515100567,0
2011-08-17 03:15:01,0.0948370349005,0.6834290270975449,0
2011-08-17 04:15:01,0.09294105196319999,0.6915407097828412,0
2011-08-17 05:15:01,0.09650313747860001,0.6759297961869766,0
2011-08-17 06:15:01,0.09880444856349999,0.6656459463055903,0
2011-08-17 07:15:01,0.137145988601,0.5166589432805273,0
2011-08-17 08:15:01,0.13848755583900002,0.5231990308817769,0
2011-08-17 09:15:01,0.142863157895,0.5445018054068437,0
2011-08-17 10:15:01,0.18291242362500001,0.7266717826524212,0
2011-08-17 11:15:01,0.20924623115600002,0.822613823497188,0
2011-08-17 12:15:01,0.08963090128760001,0.70629175880072,0
2011-08-17 13:15:01,0.16009888751499998,0.6264103789087511,0
2011-08-17 14:15:01,0.169830960854,0.6706302336070287,0
2011-08-17 15:15:01,0.11109589041099999,0.6101927901201553,0
2011-08-17 16:15:01,0.10326479750800001,0.6464981920642874,0
2011-08-17 18:15:01,0.10642134018999999,0.6319006536792671,0
2011-08-17 19:15:01,0.11107599193,0.6100656695368295,0
2011-08-17 20:15:01,0.0933295476055,0.6906273509446785,0
2011-08-17 21:15:01,0.09015647568610001,0.704153283106752,0
2011-08-17 22:15:01,0.09138718342289999,0.6987873683115634,0
2011-08-17 23:15:01,0.0825788643533,0.7353454474440169,0
2011-08-18 00:15:01,0.0833674873834,0.732022972683346,0
2011-08-18 01:15:01,0.115031691858,0.5903579550451359,0
2011-08-18 02:15:01,0.112555948174,0.602131379361335,0
2011-08-18 03:15:01,0.09707841356339998,0.6734929112487482,0
2011-08-18 04:15:01,0.0894849076438,0.7064325001447981,0
2011-08-18 05:15:01,0.0954665930425,0.680416456361404,0
2011-08-18 06:15:01,0.0930890538033,0.6907392086911237,0
2011-08-18 07:15:01,0.134485823106,0.5053755227030899,0
2011-08-18 08:15:01,0.11952267303099999,0.5680335331095734,0
2011-08-18 09:15:01,0.15655426765,0.6126998715875123,0
2011-08-18 10:15:01,0.162859778598,0.6421381306664136,0
2011-08-18 11:15:01,0.156780821918,0.6136340779976682,0
2011-08-18 12:15:01,0.15992,0.6283564999949615,0
2011-08-18 13:15:01,0.0941793103448,0.6866759015273638,0
2011-08-18 14:15:01,0.148830548926,0.5755705731321947,0
2011-08-18 15:15:01,0.07021078735280001,0.7833324400059389,0
2011-08-18 16:15:01,0.12625,0.5352829449328191,0
2011-08-18 18:15:01,0.10571216892000002,0.6342418361360892,0
2011-08-18 20:15:01,0.103750564436,0.6432879084827504,0
2011-08-18 21:15:01,0.122362025891,0.5541587123523977,0
2011-08-18 22:15:01,0.137876671323,0.5225084011843627,0
2011-08-18 23:15:01,0.117859526193,0.5761814085483509,0
2011-08-19 00:15:01,0.12046497939999999,0.5634322625995094,0
2011-08-19 01:15:01,0.11374971916400001,0.5960210998119417,0
2011-08-19 02:15:01,0.107351830331,0.6264603938203644,0
2011-08-19 03:15:01,0.109541387025,0.6160402536636602,0
2011-08-19 04:15:01,0.10577205882400001,0.6337706493031421,0
2011-08-19 05:15:01,0.10884421204500001,0.6192229400409185,0
2011-08-19 06:15:01,0.112162649245,0.6033255937505373,0
2011-08-19 07:15:01,0.11796627318700001,0.5751619175659619,0
2011-08-19 08:15:01,0.12778761061899999,0.5267199140767134,0
2011-08-19 09:15:01,0.155221774194,0.608381989182115,0
2011-08-19 10:15:01,0.156446945338,0.6141896749438941,0
2011-08-19 11:15:01,0.17168181818199998,0.6844747523624903,0
2011-08-19 12:15:01,0.175777153558,0.7023294930121384,0
2011-08-19 13:15:01,0.145376782077,0.5600719825203637,0
2011-08-19 14:15:01,0.10216631355900001,0.6512836169740128,0
2011-08-19 15:15:01,0.108963553531,0.6192956554179798,0
2011-08-19 16:15:01,0.12097130762,0.5609352742181418,0
2011-08-19 18:15:01,0.8380405405410001,1.0,0
2011-08-19 19:15:01,0.13887086092700002,0.524216893754482,0
2011-08-19 20:15:01,0.11368452559100001,0.5964784537405705,0
2011-08-19 21:15:01,0.11413781223099999,0.5943062970026842,0
2011-08-19 22:15:01,0.0986717694732,0.6649255828246385,0
2011-08-19 23:15:01,0.106513500711,0.6295488474819413,0
2011-08-20 00:15:01,0.10548321652499999,0.6341972028514351,0
2011-08-20 01:15:01,0.124805619079,0.5431607767045095,0
2011-08-20 02:15:01,0.112333476579,0.6024641540058192,0
2011-08-20 03:15:01,0.108533905579,0.6201000762132198,0
2011-08-20 04:15:01,0.109217352415,0.6168788946172605,0
2011-08-20 05:15:01,0.10940408436599999,0.6159578614580931,0
2011-08-20 06:15:01,0.110393435725,0.6113014208809712,0
2011-08-20 07:15:01,0.13652932442500001,0.514074322727246,0
2011-08-20 08:15:01,0.123941368078,0.5469230406565864,0
2011-08-20 09:15:01,0.15715765247400001,0.6127489349854743,0
2011-08-20 10:15:01,0.195286624204,0.7735749127211533,0
2011-08-20 11:15:01,0.24350877193000003,0.9094696658833591,0
2011-08-20 12:15:01,0.261832061069,0.9404969453827112,0
2011-08-20 13:15:01,0.18472340425500003,0.7318290481271951,0
2011-08-20 14:15:01,0.11248752672800001,0.6030419333288919,0
2011-08-20 15:15:01,0.154967320261,0.6010790504319348,0
2011-08-20 16:15:01,0.1399559956,0.5291622707005814,0
2011-08-20 17:15:01,0.11997355430199999,0.5676467041872579,0
2011-08-20 18:15:01,0.11578023407,0.5876225086295712,0
2011-08-20 19:15:01,0.092985620915,0.6912350342787194,0
2011-08-20 20:15:01,0.11640348150499999,0.584478817213921,0
2011-08-20 21:15:01,0.113099325567,0.600096896043157,0
2011-08-20 22:15:01,0.11044830741100001,0.6125041433573257,0
2011-08-20 23:15:01,0.0853368263473,0.723233023203796,0
2011-08-21 00:15:01,0.110259965338,0.6131675378597226,0
2011-08-21 01:15:01,0.11766283524900001,0.57806901206896,0
2011-08-21 02:15:01,0.118014601978,0.5763503425822821,0
2011-08-21 03:15:01,0.11813935681500001,0.5757186386715378,0
2011-08-21 04:15:01,0.107148516863,0.6275562744197767,0
2011-08-21 05:15:01,0.108439189189,0.621502460076077,0
2011-08-21 06:15:01,0.11405972045700001,0.5950043592427438,0
2011-08-21 07:15:01,0.13277708978299999,0.5043750488989465,0
2011-08-21 08:15:01,0.118961499493,0.5715532148563678,0
2011-08-21 09:15:01,0.11548618219000001,0.5881824215703477,0
2011-08-21 10:15:01,0.179405594406,0.7127636016624814,0
2011-08-21 11:15:01,0.21432515337400002,0.8388455251339932,0
2011-08-21 12:15:01,0.205019455253,0.8091240561845835,0
2011-08-21 13:15:01,0.213119383825,0.8348303918772221,0
2011-08-21 15:15:01,0.119443048576,0.5703319621039893,0
2011-08-21 16:15:01,0.123667200855,0.5498450086840747,0
2011-08-21 17:15:01,0.123833452979,0.5490148929396256,0
2011-08-21 18:15:01,0.10030941237600001,0.6599148196992192,0
2011-08-21 19:15:01,0.113838737949,0.5970386495931067,0
2011-08-21 20:15:01,0.106943181818,0.6294469121692939,0
2011-08-21 21:15:01,0.114195221337,0.5952236286612693,0
2011-08-21 22:15:01,0.11352769679300001,0.5983624608912798,0
2011-08-21 23:15:01,0.110797524923,0.6112647990854332,0
2011-08-22 00:15:01,0.09594626168220001,0.6791902661656425,0
2011-08-22 01:15:01,0.11225498008,0.6041967517406108,0
2011-08-22 02:15:01,0.107924528302,0.6245638700094582,0
2011-08-22 03:15:01,0.10665061364,0.6304522562175037,0
2011-08-22 04:15:01,0.10403598099099999,0.6425007530601143,0
2011-08-22 05:15:01,0.100924520767,0.6566642527766067,0
2011-08-22 06:15:01,0.10439802727,0.6406861807142166,0
2011-08-22 07:15:01,0.130867018161,0.5132482355779668,0
2011-08-22 08:15:01,0.131827272727,0.5085110872503142,0
2011-08-22 09:15:01,0.147066666667,0.5663336172813634,0
2011-08-22 10:15:01,0.173532934132,0.6894382594570374,0
2011-08-22 11:15:01,0.152304347826,0.591498409581125,0
2011-08-22 12:15:01,0.16310139164999998,0.6424112011943425,0
2011-08-22 13:15:01,0.165607711651,0.6538604572504151,0
2011-08-22 15:15:01,0.151373895976,0.5867924189695393,0
2011-08-22 16:15:01,0.111465428277,0.608424364943926,0
2011-08-22 17:15:01,0.153356573705,0.5964210030599864,0
2011-08-22 18:15:01,0.112089475045,0.6055220758624669,0
2011-08-22 19:15:01,0.132385438972,0.5063061493057065,0
2011-08-22 20:15:01,0.10411997500499999,0.643017241955534,0
2011-08-22 21:15:01,0.11078215901699999,0.6116657280454277,0
2011-08-22 22:15:01,0.135107933838,0.5073956558705137,0
2011-08-22 23:15:01,0.132028268551,0.5078695764948393,0
2011-08-23 00:15:01,0.10142265193399999,0.6554560777686566,0
2011-08-23 01:15:01,0.116365979381,0.5847713184262345,0
2011-08-23 02:15:01,0.11150832376599999,0.6081263540118339,0
2011-08-23 03:15:01,0.108039435044,0.6245592024883485,0
2011-08-23 04:15:01,0.106979215502,0.6294995455750839,0
2011-08-23 05:15:01,0.10704146576700001,0.6291490862350453,0
2011-08-23 06:15:01,0.134548895899,0.505262125337331,0
2011-08-23 07:15:01,0.107432688661,0.6273039833321301,0
2011-08-23 08:15:01,0.15599820949,0.6105863885602829,0
2011-08-23 09:15:01,0.222613636364,0.8668170242002875,0
2011-08-23 10:15:01,0.194182590234,0.775150804128833,0
2011-08-23 11:15:01,0.17591508052700003,0.7011105925555052,0
2011-08-23 12:15:01,0.204560943644,0.8118383486093518,0
2011-08-23 13:15:01,0.158182612495,0.6199664579055482,0
2011-08-23 14:15:01,0.194675488343,0.7765922269725458,0
2011-08-23 16:15:01,0.134039001818,0.5013098014130749,0
2011-08-23 17:15:01,0.12224722006699999,0.5572425359476516,0
2011-08-23 18:15:01,0.1261953125,0.5376816893324866,0
2011-08-23 19:15:01,0.120284266197,0.5668800739994078,0
2011-08-23 20:15:01,0.111192768717,0.6110449308410166,0
2011-08-23 21:15:01,0.129054033827,0.5233249515026863,0
2011-08-23 22:15:01,0.07870333428330001,0.754445813373654,0
2011-08-23 23:15:01,0.127059150751,0.5330315072217453,0
2011-08-24 00:15:01,0.12184634897600001,0.5588799673099256,0
2011-08-24 01:15:01,0.110378730495,0.6147484314068057,0
2011-08-24 02:15:01,0.114716875088,0.5937590079171259,0
2011-08-24 03:15:01,0.106452149792,0.6333463525830534,0
2011-08-24 04:15:01,0.109707221861,0.6178174985087782,0
2011-08-24 05:15:01,0.11671864847300001,0.5838141413120779,0
2011-08-24 06:15:01,0.10956276445699999,0.618436641817763,0
2011-08-24 07:15:01,0.13544292639900002,0.5094440500485024,0
2011-08-24 08:15:01,0.14671592775,0.5656273259063982,0
2011-08-24 09:15:01,0.20891954022999998,0.8281194546907013,0
2011-08-24 10:15:01,0.232419354839,0.89275505675173,0
2011-08-24 11:15:01,0.321585014409,0.9908670977687564,0
2011-08-24 12:15:01,0.254437086093,0.9347227035572738,0
2011-08-24 13:15:01,0.26245,0.9463371899920836,0
2011-08-24 15:15:01,0.162664536741,0.639902649203248,0
2011-08-24 16:15:01,0.153017329256,0.5937348726974194,0
2011-08-24 17:15:01,0.21689102564100002,0.850284434199787,0
2011-08-24 18:15:01,0.135726872247,0.5077804298402648,0
2011-08-24 19:15:01,0.126269963936,0.5394630407638306,0
2011-08-24 20:15:01,0.11261980830700001,0.6065213783472992,0
2011-08-24 21:15:01,0.12065966674300001,0.5672038449131465,0
2011-08-24 22:15:01,0.0965659722222,0.681409797458769,0
2011-08-24 23:15:01,0.11991920330700001,0.5707016975808858,0
2011-08-25 00:15:01,0.10734131302100001,0.6315992006308411,0
2011-08-25 01:15:01,0.125864127804,0.5410870713723157,0
2011-08-25 02:15:01,0.11629793510299999,0.5883852329203307,0
2011-08-25 03:15:01,0.117707265335,0.5814384421152985,0
2011-08-25 04:15:01,0.126613747383,0.5372207651824787,0
2011-08-25 05:15:01,0.131539697109,0.5125237467546045,0
2011-08-25 06:15:01,0.136512749828,0.5124577527975444,0
2011-08-25 07:15:01,0.139055912007,0.5252178522046902,0
2011-08-25 08:15:01,0.15835910652899998,0.620378137505879,0
2011-08-25 09:15:01,0.222864721485,0.8685343460371746,0
2011-08-25 10:15:01,0.19585195530699998,0.7817150295448312,0
2011-08-25 11:15:01,0.17323296355,0.688764807226254,0
2011-08-25 12:15:01,0.177477678571,0.707341920382944,0
2011-08-25 13:15:01,0.14595984943499998,0.5587459839562734,0
2011-08-25 15:15:01,0.13367071525000002,0.5029298284403967,0
2011-08-25 16:15:01,0.152332622601,0.5902717449642572,0
2011-08-25 17:15:01,0.16810894340399998,0.6654493218837612,0
2011-08-25 18:15:01,0.161268902038,0.6333626979195628,0
2011-08-25 19:15:01,0.129840472674,0.5225455400906949,0
2011-08-25 20:15:01,0.149134663342,0.5743260101806815,0
2011-08-25 21:15:01,0.131813945151,0.5126573218153594,0
2011-08-25 22:15:01,0.136767258383,0.5123449679167892,0
2011-08-25 23:15:01,0.12135670177999999,0.5651792659068994,0
2011-08-26 00:15:01,0.103945289643,0.6496989021045623,0
2011-08-26 01:15:01,0.11282006003900001,0.60716009702134,0
2011-08-26 02:15:01,0.120855855856,0.5674911412229418,0
2011-08-26 03:15:01,0.116340295909,0.5898498423075842,0
2011-08-26 04:15:01,0.122953020134,0.5569391376334851,0
2011-08-26 05:15:01,0.122890724269,0.5572284571008108,0
2011-08-26 06:15:01,0.146426914153,0.5615057305080676,0
2011-08-26 07:15:01,0.148379917184,0.5712348601989646,0
2011-08-26 08:15:01,0.157719141324,0.6171683347847674,0
2011-08-26 10:15:01,0.201403712297,0.80314467546523,0
2011-08-26 11:15:01,0.143189189189,0.5448560740338396,0
2011-08-26 12:15:01,0.14888308977,0.5733868972851633,0
2011-08-26 13:15:01,0.197928176796,0.790614807221645,0
2011-08-26 14:15:01,0.126004250797,0.5424592756761781,0
2011-08-26 15:15:01,0.166674082314,0.6593954209583512,0
2011-08-26 16:15:01,0.172854271357,0.6876769669306121,0
2011-08-26 17:15:01,0.0819538188277,0.7479707010279676,0
2011-08-26 18:15:01,0.145132450331,0.554363254014381,0
2011-08-26 19:15:01,0.11574359699999999,0.5939444594328095,0
2011-08-26 20:15:01,0.12046705776200001,0.5704100813861096,0
2011-08-26 21:15:01,0.127307090136,0.5359187651923842,0
2011-08-26 22:15:01,0.107151808092,0.6357572525572972,0
2011-08-26 23:15:01,0.120242727798,0.571422942250726,0
2011-08-27 00:15:01,0.107143138026,0.6357385618753696,0
2011-08-27 01:15:01,0.128545988618,0.5293847092016192,0
2011-08-27 02:15:01,0.120697247706,0.5690381527724293,0
2011-08-27 03:15:01,0.116228070175,0.591323581297466,0
2011-08-27 04:15:01,0.132985468956,0.5066620078171811,0
2011-08-27 05:15:01,0.11617463367799999,0.5915820340875325,0
2011-08-27 06:15:01,0.129264846743,0.5255568626896407,0
2011-08-27 07:15:01,0.155472392638,0.6068924117564061,0
2011-08-27 08:15:01,0.129101654846,0.5264708624692347,0
2011-08-27 09:15:01,0.229412878788,0.8883871293862279,0
2011-08-27 10:15:01,0.193704545455,0.7762866545055466,0
2011-08-27 11:15:01,0.245486238532,0.9225219713533976,0
2011-08-27 12:15:01,0.243022312373,0.9175922201965762,0
2011-08-27 13:15:01,0.14373757455299999,0.5466680237469768,0
2011-08-27 14:15:01,0.146170105687,0.5589609645589706,0
2011-08-27 15:15:01,0.183095916429,0.73272055421542,0
2011-08-27 16:15:01,0.12817414175,0.5329278692429016,0
2011-08-27 17:15:01,0.08123014407089998,0.7530200483398504,0
2011-08-27 18:15:01,0.119228459228,0.5779784551666554,0
2011-08-27 19:15:01,0.12366970437899999,0.5555573327423633,0
2011-08-27 20:15:01,0.0981552853134,0.6796958111009697,0
2011-08-27 21:15:01,0.113524554542,0.6062207281410716,0
2011-08-27 22:15:01,0.11752056672800001,0.5863225148885343,0
2011-08-27 23:15:01,0.10407583965299999,0.6519512215063002,0
2011-08-28 00:15:01,0.0791421614535,0.7613312284508454,0
2011-08-28 01:15:01,0.0808398656215,0.7543933590231433,0
2011-08-28 17:15:01,0.128181254481,0.5318240029439971,0
2011-08-28 18:15:01,0.10958450988299999,0.6250631256327875,0
2011-08-28 19:15:01,0.12024761077299999,0.5720507824189455,0
2011-08-28 20:15:01,0.132120708749,0.5115043712420558,0
2011-08-28 21:15:01,0.105430708391,0.6451234519571271,0
2011-08-28 22:15:01,0.100667480667,0.6676104578244602,0
2011-08-28 23:15:01,0.10671680275,0.6388017867001168,0
2011-08-29 00:15:01,0.09412209064919999,0.6975229363252816,0
2011-08-29 01:15:01,0.118924072182,0.578311761858682,0
2011-08-29 02:15:01,0.11747532387399999,0.5855710022748757,0
2011-08-29 03:15:01,0.140956412669,0.5345008602484251,0
2011-08-29 04:15:01,0.118227690778,0.5818098548341661,0
2011-08-29 05:15:01,0.131424930491,0.5144416346338478,0
2011-08-29 06:15:01,0.13512179887599998,0.504592266464563,0
2011-08-29 07:15:01,0.144571154768,0.5530970873086838,0
2011-08-29 08:15:01,0.17518687329100002,0.7015305028562229,0
2011-08-29 09:15:01,0.19833916083900002,0.796057339217979,0
2011-08-29 10:15:01,0.23589235127500002,0.905281185162487,0
2011-08-29 11:15:01,0.19933070866099997,0.7991800368829931,0
2011-08-29 12:15:01,0.252757575758,0.9367771369466968,0
2011-08-29 13:15:01,0.131312849162,0.5165681062363223,0
2011-08-29 14:15:01,0.158032734275,0.619271407643218,0
2011-08-29 15:15:01,0.138298368298,0.5193342458514253,0
2011-08-29 16:15:01,0.129769376181,0.5246262387770941,0
2011-08-29 17:15:01,0.18010462075,0.7220872698449372,0
2011-08-29 18:15:01,0.12161361626900001,0.5665799160133718,0
2011-08-29 19:15:01,0.177605839416,0.7111573154365171,0
2011-08-29 20:15:01,0.116052316294,0.5948476623492309,0
2011-08-29 21:15:01,0.118055188804,0.5847308799191585,0
2011-08-29 22:15:01,0.12008656036399999,0.5744137477677392,0
2011-08-29 23:15:01,0.106255605381,0.6430859922669242,0
2011-08-30 00:15:01,0.10798404640999999,0.6346398126278119,0
2011-08-30 01:15:01,0.121784586229,0.5655803614628603,0
2011-08-30 02:15:01,0.11630225080399999,0.5933462533879089,0
2011-08-30 03:15:01,0.129191977077,0.52745149922125,0
2011-08-30 04:15:01,0.11704243119300001,0.5895936684598053,0
2011-08-30 05:15:01,0.122535369414,0.5616314191378764,0
2011-08-30 06:15:01,0.13160762032099999,0.5148518563184661,0
2011-08-30 07:15:01,0.150977484898,0.5848843894502183,0
2011-08-30 08:15:01,0.183533834586,0.7380680874259211,0
2011-08-30 09:15:01,0.19671428571400001,0.7905672659542908,0
2011-08-30 10:15:01,0.236524390244,0.9074842318120804,0
2011-08-30 11:15:01,0.16361423221,0.6467360439254181,0
2011-08-30 12:15:01,0.289889807163,0.9782034442904299,0
2011-08-30 13:15:01,0.20502585315400002,0.8191717081540103,0
2011-08-30 15:15:01,0.133419053185,0.5073072303868762,0
2011-08-30 16:15:01,0.145272283934,0.5539616235785374,0
2011-08-30 17:15:01,0.12532551460000002,0.5491838904425423,0
2011-08-30 18:15:01,0.19655287260600002,0.7888516577620226,0
2011-08-30 19:15:01,0.132517935258,0.5122218214485316,0
2011-08-30 21:15:01,0.114312959559,0.6054278412483047,0
2011-08-30 22:15:01,0.104356335755,0.6542673217593191,0
2011-08-30 23:15:01,0.132202216066,0.5136698385153973,0
2011-08-31 00:15:01,0.148493930197,0.570584498271387,0
2011-08-31 01:15:01,0.152742949234,0.592172949639148,0
2011-08-31 02:15:01,0.134658628704,0.5010285339388638,0
2011-08-31 03:15:01,0.13728254067600001,0.5126136816750786,0
2011-08-31 04:15:01,0.13068610024900001,0.5216911038478778,0
2011-08-31 05:15:01,0.136450770436,0.5083027486089928,0
2011-08-31 06:15:01,0.137028489001,0.511306139662227,0
2011-08-31 07:15:01,0.16147686832699998,0.6358771093094392,0
2011-08-31 08:15:01,0.20266836086399997,0.8119662989393844,0
2011-08-31 09:15:01,0.27724137931,0.9684429272763336,0
2011-08-31 10:15:01,0.23968325791900003,0.9139332168893213,0
2011-08-31 11:15:01,0.235432595573,0.9046521495274904,0
2011-08-31 12:15:01,0.133699466056,0.5076921270622432,0
2011-08-31 13:15:01,0.216672967864,0.8561150599344194,0
2011-08-31 14:15:01,0.144655870445,0.5488927340454242,0
2011-08-31 15:15:01,0.213881578947,0.8475719606701732,0
2011-08-31 16:15:01,0.135861335602,0.5029229204528479,0
2011-08-31 17:15:01,0.145944798301,0.5552504379103691,0
2011-08-31 19:15:01,0.137778706135,0.5128683066247399,0
2011-08-31 20:15:01,0.106294714362,0.6476512084542885,0
2011-08-31 21:15:01,0.12144939965700001,0.5717465579023725,0
2011-08-31 22:15:01,0.102917236662,0.6638441159668842,0
2011-08-31 23:15:01,0.157432670185,0.6140723927162725,0
2011-09-01 00:15:01,0.0748370309504,0.7853510442234459,0
2011-09-01 01:15:01,0.121975367882,0.5688114413203048,0
2011-09-01 02:15:01,0.11076751450200001,0.6254923386744764,0
2011-09-01 03:15:01,0.11352802267,0.6116718097027851,0
2011-09-01 04:15:01,0.118766685467,0.5851074944097638,0
2011-09-01 05:15:01,0.11961310230200001,0.5807492020777372,0
2011-09-01 06:15:01,0.149221343874,0.5730729848237255,0
2011-09-01 07:15:01,0.153971321696,0.59731079932262,0
2011-09-01 08:15:01,0.176529411765,0.706113036051955,0
2011-09-01 09:15:01,0.20935840708,0.8345625846971143,0
2011-09-01 10:15:01,0.274036144578,0.9656142189501182,0
2011-09-01 13:15:01,0.158695391981,0.620079833125839,0
2011-09-01 18:15:01,0.15765376907700002,0.6148251182127608,0
2011-09-01 19:15:01,0.13318889016899998,0.5115648962884416,0
2011-09-01 20:15:01,0.116662861492,0.5970654091283796,0
2011-09-01 21:15:01,0.133783484614,0.5083833234369756,0
2011-09-01 22:15:01,0.123608942982,0.561416651755211,0
2011-09-01 23:15:01,0.10133480825999999,0.6725566287652662,0
2011-09-02 00:15:01,0.0960797165633,0.6970088425075395,0
2011-09-02 01:15:01,0.10998617936100001,0.6303884299141784,0
2011-09-02 02:15:01,0.11309947207599999,0.6147939641505398,0
2011-09-02 03:15:01,0.122333147942,0.5676263549671017,0
2011-09-02 04:15:01,0.101873947811,0.6697885508712628,0
2011-09-02 05:15:01,0.116102021174,0.5994711337582722,0
2011-09-02 06:15:01,0.190008038585,0.7644367298866228,0
2011-09-02 07:15:01,0.130167873601,0.5268330235789882,0
2011-09-02 08:15:01,0.174063205418,0.6951961570781835,0
2011-09-02 09:15:01,0.112245098039,0.6193201896914634,0
2011-09-02 10:15:01,0.28429411764699997,0.9751719513709929,0
2011-09-02 11:15:01,0.216419294991,0.856858541536066,0
2011-09-02 12:15:01,0.234627249357,0.9040741986930767,0
2011-09-02 13:15:01,0.134657407407,0.5045347340192734,0
2011-09-02 14:15:01,0.18810589112599999,0.7555553678018669,0
2011-09-02 15:15:01,0.120575065847,0.5781738980157561,0
2011-09-02 16:15:01,0.215477560414,0.8537188453499511,0
2011-09-02 17:15:01,0.127620683076,0.5418557807875604,0
2011-09-02 18:15:01,0.0717271727173,0.799910679460696,0
2011-09-02 19:15:01,0.305020508614,0.9872075714150276,0
2011-09-02 20:15:01,0.138571428571,0.5152152563258449,0
2011-09-02 21:15:01,0.155115702479,0.600967261416149,0
2011-09-02 22:15:01,0.106140350877,0.6513442407794083,0
2011-09-02 23:15:01,0.138803873173,0.5164765112798108,0
2011-09-03 00:15:01,0.24487053487100002,0.9248472791814453,0
2011-09-03 01:15:01,0.13906824147,0.5174524527196409,0
2011-09-03 02:15:01,0.17298119122299999,0.6880924617243075,0
2011-09-03 03:15:01,0.125692116698,0.5528333052665826,0
2011-09-03 04:15:01,0.11923561859699999,0.5862360567258684,0
2011-09-03 05:15:01,0.13409367179099999,0.5087354696045263,0
2011-09-03 06:15:01,0.146867719389,0.5582709306232796,0
2011-09-03 07:15:01,0.164185314685,0.6461753891087119,0
2011-09-03 08:15:01,0.215716096324,0.8542742169998772,0
2011-09-03 09:15:01,0.16657123834899998,0.6574844857693417,0
2011-09-03 10:15:01,0.309181494662,0.9889315409403965,0
2011-09-03 11:15:01,0.296800699301,0.982992170757061,0
2011-09-03 12:15:01,0.33725571725599995,0.9959572547830609,0
2011-09-03 13:15:01,0.306162790698,0.9872141798069186,0
2011-09-03 14:15:01,0.151990950226,0.5813204537908636,0
2011-09-03 15:15:01,0.190621923937,0.7618343640778742,0
2011-09-03 16:15:01,0.128590873591,0.5407912224622843,0
2011-09-03 17:15:01,0.134171055403,0.5116140906801807,0
2011-09-03 18:15:01,0.111254940711,0.6293487911344912,0
2011-09-03 19:15:01,0.12567952728499998,0.5558539068809697,0
2011-09-03 20:15:01,0.0779459002536,0.7787096295047857,0
2011-09-03 21:15:01,0.169895556011,0.6705252734785473,0
2011-09-03 22:15:01,0.162353111853,0.6338249440384471,0
2011-09-03 23:15:01,0.128333333333,0.5420580402705011,0
2011-09-04 00:15:01,0.056698490914699994,0.8527208703559489,0
2011-09-04 01:15:01,0.128792849244,0.5393572600508281,0
2011-09-04 02:15:01,0.140778836674,0.5235170986911424,0
2011-09-04 03:15:01,0.11264460154200001,0.6222803203444358,0
2011-09-04 04:15:01,0.107385301152,0.6482602924876462,0
2011-09-04 05:15:01,0.120907534247,0.580169503920114,0
2011-09-04 06:15:01,0.119361652739,0.5880876263859005,0
2011-09-04 07:15:01,0.137760667308,0.5079829380585601,0
2011-09-04 08:15:01,0.16965945945900002,0.6702778039621925,0
2011-09-04 09:15:01,0.211780952381,0.8404100179120453,0
2011-09-04 10:15:01,0.24587628866,0.9258042604858279,0
2011-09-04 11:15:01,0.357578947368,0.9982311995001174,0
2011-09-04 12:15:01,0.27469581749,0.9654013990389011,0
2011-09-04 13:15:01,0.212278664731,0.8399225705709639,0
2011-09-04 14:15:01,0.225309882747,0.8779369251526201,0
2011-09-04 15:15:01,0.11178820899700001,0.6285494462328088,0
2011-09-04 16:15:01,0.115091383812,0.6119747364058705,0
2011-09-04 17:15:01,0.110475699558,0.6349747976138459,0
2011-09-04 19:15:01,0.096856092437,0.6998850455429894,0
2011-09-04 21:15:01,0.09492099322799999,0.7086011538695038,0
2011-09-04 22:15:01,0.106504791294,0.6541770277928104,0
2011-09-04 23:15:01,0.09808342420939999,0.6940350706047902,0
2011-09-05 00:15:01,0.0677486272117,0.817667908476077,0
2011-09-05 01:15:01,0.09216073147260001,0.720561362791059,0
2011-09-05 02:15:01,0.107047509453,0.6510587282073821,0
2011-09-05 03:15:01,0.138049365787,0.5081355422170061,0
2011-09-05 04:15:01,0.10106375949799999,0.6797614436058605,0
2011-09-05 05:15:01,0.108725053284,0.6427608475159275,0
2011-09-05 06:15:01,0.130337719298,0.5321698024243616,0
2011-09-05 07:15:01,0.124165474487,0.5643911850886383,0
2011-09-05 08:15:01,0.145684086905,0.5485009378433419,0
2011-09-05 09:15:01,0.189146919431,0.7566292674658528,0
2011-09-05 10:15:01,0.262997762864,0.9525485884170122,0
2011-09-05 11:15:01,0.282087912088,0.9725601202713878,0
2011-09-05 12:15:01,0.340821917808,0.9964383174184782,0
2011-09-05 13:15:01,0.165554265815,0.6473317808141967,0
2011-09-05 15:15:01,0.124508748318,0.5643824310285805,0
2011-09-05 17:15:01,0.122835414302,0.5730163437872215,0
2011-09-05 18:15:01,0.09384875541130001,0.7141826727880651,0
2011-09-05 19:15:01,0.101437993017,0.6791955038639228,0
2011-09-05 20:15:01,0.102838123415,0.6724965689440852,0
2011-09-05 21:15:01,0.0827375730994,0.7616100172046274,0
2011-09-05 22:15:01,0.0836510500808,0.7577537816281679,0
2011-09-05 23:15:01,0.09136433459010002,0.7247734081362194,0
2011-09-06 01:15:01,0.0920044648102,0.7218587328351055,0
2011-09-06 02:15:01,0.108025884921,0.6468544793007697,0
2011-09-06 03:15:01,0.111850340136,0.6278836070303155,0
2011-09-06 04:15:01,0.107034039514,0.6516135424567306,0
2011-09-06 05:15:01,0.134720357942,0.5096254397872125,0
2011-09-06 06:15:01,0.120835559874,0.5821640854273671,0
2011-09-06 07:15:01,0.158650693569,0.6148734672193513,0
2011-09-06 08:15:01,0.22721635883900002,0.8844879340404199,0
2011-09-06 09:15:01,0.250782396088,0.9342270186478531,0
2011-09-06 10:15:01,0.290986842105,0.9791860312631552,0
2011-09-06 11:15:01,0.12670120898099999,0.5529260093902773,0
2011-09-06 12:15:01,0.207349137931,0.8240791347264409,0
2011-09-06 14:15:01,0.15547930283199998,0.5971856696843916,0
2011-09-06 15:15:01,0.180466954023,0.7176169319100465,0
2011-09-06 16:15:01,0.134938176198,0.5101758863853834,0
2011-09-06 17:15:01,0.17433655005999998,0.6896205325758503,0
2011-09-06 18:15:01,0.154526659412,0.5920830703573239,0
2011-09-06 19:15:01,0.11679087875399999,0.604793658827336,0
2011-09-06 20:15:01,0.142357747301,0.52879286575849,0
2011-09-06 21:15:01,0.152130492676,0.5798150643486296,0
2011-09-06 22:15:01,0.11067427949999999,0.6356768921966558,0
2011-09-06 23:15:01,0.0928547548291,0.7198982183252757,0
2011-09-07 00:15:01,0.08540292212680001,0.7520285021350505,0
2011-09-07 01:15:01,0.129391377853,0.5391904804900827,0
2011-09-07 02:15:01,0.11469056286800001,0.6152324959220797,0
2011-09-07 03:15:01,0.11749626183800001,0.6009178997663941,0
2011-09-07 04:15:01,0.11761471769899999,0.6002774466464431,0
2011-09-07 05:15:01,0.14334384858,0.5346471523006386,0
2011-09-07 06:15:01,0.152060475162,0.5802249038433287,0
2011-09-07 07:15:01,0.195579216354,0.7821367669371995,0
2011-09-07 08:15:01,0.20011647254599998,0.7993185431093688,0
2011-09-07 09:15:01,0.283300970874,0.9739280058329317,0
2011-09-07 10:15:01,0.292129277567,0.9801041412920534,0
2011-09-07 11:15:01,0.34319838056699997,0.9968177185286564,0
2011-09-07 12:15:01,0.153217455621,0.5837461387861245,0
2011-09-07 13:15:01,0.151582867784,0.5752736736853048,0
2011-09-07 14:15:01,0.18810624249699998,0.7493621802266193,0
