timestamp,value
4/1/2014 0:00,0
4/1/2014 0:05,0
4/1/2014 0:10,0
4/1/2014 0:15,0
4/1/2014 0:20,0
4/1/2014 0:25,0
4/1/2014 0:30,0
4/1/2014 0:35,0
4/1/2014 0:40,0
4/1/2014 0:45,0
4/1/2014 0:50,0
4/1/2014 0:55,0
4/1/2014 1:00,0
4/1/2014 1:05,0
4/1/2014 1:10,0
4/1/2014 1:15,0
4/1/2014 1:20,0
4/1/2014 1:25,0
4/1/2014 1:30,0
4/1/2014 1:35,0
4/1/2014 1:40,0
4/1/2014 1:45,0
4/1/2014 1:50,0
4/1/2014 1:55,0
4/1/2014 2:00,0
4/1/2014 2:05,0
4/1/2014 2:10,0
4/1/2014 2:15,0
4/1/2014 2:20,0
4/1/2014 2:25,0
4/1/2014 2:30,0
4/1/2014 2:35,0
4/1/2014 2:40,0
4/1/2014 2:45,0
4/1/2014 2:50,0
4/1/2014 2:55,0
4/1/2014 3:00,0
4/1/2014 3:05,0
4/1/2014 3:10,0
4/1/2014 3:15,0
4/1/2014 3:20,0
4/1/2014 3:25,0
4/1/2014 3:30,0
4/1/2014 3:35,0
4/1/2014 3:40,0
4/1/2014 3:45,0
4/1/2014 3:50,0
4/1/2014 3:55,0
4/1/2014 4:00,0
4/1/2014 4:05,0
4/1/2014 4:10,0
4/1/2014 4:15,0
4/1/2014 4:20,0
4/1/2014 4:25,0
4/1/2014 4:30,0
4/1/2014 4:35,0
4/1/2014 4:40,0
4/1/2014 4:45,0
4/1/2014 4:50,0
4/1/2014 4:55,0
4/1/2014 5:00,0
4/1/2014 5:05,0
4/1/2014 5:10,0
4/1/2014 5:15,0
4/1/2014 5:20,0
4/1/2014 5:25,0
4/1/2014 5:30,0
4/1/2014 5:35,0
4/1/2014 5:40,0
4/1/2014 5:45,0.146559802
4/1/2014 5:50,0.154264464
4/1/2014 5:55,0
4/1/2014 6:00,0
4/1/2014 6:05,0
4/1/2014 6:10,0
4/1/2014 6:15,0
4/1/2014 6:20,0
4/1/2014 6:25,0
4/1/2014 6:30,0
4/1/2014 6:35,0
4/1/2014 6:40,0
4/1/2014 6:45,0
4/1/2014 6:50,0
4/1/2014 6:55,0
4/1/2014 7:00,0
4/1/2014 7:05,0
4/1/2014 7:10,0
4/1/2014 7:15,0
4/1/2014 7:20,0
4/1/2014 7:25,0
4/1/2014 7:30,0
4/1/2014 7:35,0
4/1/2014 7:40,0
4/1/2014 7:45,0
4/1/2014 7:50,0
4/1/2014 7:55,0
4/1/2014 8:00,0
4/1/2014 8:05,0
4/1/2014 8:10,0.249211629
4/1/2014 8:15,0.225824439
4/1/2014 8:20,0
4/1/2014 8:25,0
4/1/2014 8:30,0
4/1/2014 8:35,0
4/1/2014 8:40,0
4/1/2014 8:45,0
4/1/2014 8:50,0
4/1/2014 8:55,0
4/1/2014 9:00,0
4/1/2014 9:05,0
4/1/2014 9:10,0
4/1/2014 9:15,0
4/1/2014 9:20,0
4/1/2014 9:25,0
4/1/2014 9:30,0
4/1/2014 9:35,0
4/1/2014 9:40,0
4/1/2014 9:45,0
4/1/2014 9:50,0
4/1/2014 9:55,0
4/1/2014 10:00,0
4/1/2014 10:05,0
4/1/2014 10:10,0
4/1/2014 10:15,0
4/1/2014 10:20,0
4/1/2014 10:25,0
4/1/2014 10:30,0
4/1/2014 10:35,0
4/1/2014 10:40,0
4/1/2014 10:45,0
4/1/2014 10:50,0
4/1/2014 10:55,0
4/1/2014 11:00,0
4/1/2014 11:05,0
4/1/2014 11:10,0
4/1/2014 11:15,0
4/1/2014 11:20,0
4/1/2014 11:25,0
4/1/2014 11:30,0
4/1/2014 11:35,0
4/1/2014 11:40,0
4/1/2014 11:45,0
4/1/2014 11:50,0
4/1/2014 11:55,0
4/1/2014 12:00,0
4/1/2014 12:05,0
4/1/2014 12:10,0
4/1/2014 12:15,0
4/1/2014 12:20,0
4/1/2014 12:25,0
4/1/2014 12:30,0
4/1/2014 12:35,0
4/1/2014 12:40,0
4/1/2014 12:45,0
4/1/2014 12:50,0.128654125
4/1/2014 12:55,0.159083326
4/1/2014 13:00,0
4/1/2014 13:05,0
4/1/2014 13:10,0
4/1/2014 13:15,0
4/1/2014 13:20,0
4/1/2014 13:25,0
4/1/2014 13:30,0
4/1/2014 13:35,0
4/1/2014 13:40,0
4/1/2014 13:45,0
4/1/2014 13:50,0
4/1/2014 13:55,0
4/1/2014 14:00,0
4/1/2014 14:05,0
4/1/2014 14:10,0
4/1/2014 14:15,0
4/1/2014 14:20,0
4/1/2014 14:25,0
4/1/2014 14:30,0
4/1/2014 14:35,0
4/1/2014 14:40,0
4/1/2014 14:45,0
4/1/2014 14:50,0
4/1/2014 14:55,0
4/1/2014 15:00,2.651633501
4/1/2014 15:05,1.257739735
4/1/2014 15:10,0
4/1/2014 15:15,0.245913576
4/1/2014 15:20,0.298003258
4/1/2014 15:25,0
4/1/2014 15:30,0
4/1/2014 15:35,0
4/1/2014 15:40,0
4/1/2014 15:45,0
4/1/2014 15:50,0
4/1/2014 15:55,0
4/1/2014 16:00,0
4/1/2014 16:05,0
4/1/2014 16:10,0
4/1/2014 16:15,0
4/1/2014 16:20,0
4/1/2014 16:25,0
4/1/2014 16:30,0
4/1/2014 16:35,0
4/1/2014 16:40,0
4/1/2014 16:45,0
4/1/2014 16:50,0
4/1/2014 16:55,0
4/1/2014 17:00,0
4/1/2014 17:05,0
4/1/2014 17:10,0
4/1/2014 17:15,0
4/1/2014 17:20,0
4/1/2014 17:25,0
4/1/2014 17:30,0
4/1/2014 17:35,0
4/1/2014 17:40,0
4/1/2014 17:45,0
4/1/2014 17:50,1.670237709
4/1/2014 17:55,2.487016513
4/1/2014 18:00,0
4/1/2014 18:05,0
4/1/2014 18:10,0
4/1/2014 18:15,0
4/1/2014 18:20,0
4/1/2014 18:25,0
4/1/2014 18:30,0
4/1/2014 18:35,0
4/1/2014 18:40,0
4/1/2014 18:45,0
4/1/2014 18:50,0
4/1/2014 18:55,0
4/1/2014 19:00,0
4/1/2014 19:05,0
4/1/2014 19:10,1.321519792
4/1/2014 19:15,2.635934048
4/1/2014 19:20,0
4/1/2014 19:25,0
4/1/2014 19:30,0
4/1/2014 19:35,0
4/1/2014 19:40,0
4/1/2014 19:45,0
4/1/2014 19:50,0
4/1/2014 19:55,0.249261809
4/1/2014 20:00,0.263340085
4/1/2014 20:05,0.224014562
4/1/2014 20:10,0
4/1/2014 20:15,0
4/1/2014 20:20,0
4/1/2014 20:25,0
4/1/2014 20:30,0
4/1/2014 20:35,0
4/1/2014 20:40,0
4/1/2014 20:45,0
4/1/2014 20:50,0
4/1/2014 20:55,0
4/1/2014 21:00,0
4/1/2014 21:05,0
4/1/2014 21:10,0
4/1/2014 21:15,0
4/1/2014 21:20,0
4/1/2014 21:25,0
4/1/2014 21:30,0
4/1/2014 21:35,0
4/1/2014 21:40,0
4/1/2014 21:45,0.531849934
4/1/2014 21:50,0.485481653
4/1/2014 21:55,0
4/1/2014 22:00,0
4/1/2014 22:05,0
4/1/2014 22:10,0
4/1/2014 22:15,0
4/1/2014 22:20,0
4/1/2014 22:25,0
4/1/2014 22:30,0
4/1/2014 22:35,0
4/1/2014 22:40,0
4/1/2014 22:45,0
4/1/2014 22:50,0
4/1/2014 22:55,0
4/1/2014 23:00,0
4/1/2014 23:05,0
4/1/2014 23:10,0
4/1/2014 23:15,0
4/1/2014 23:20,0
4/1/2014 23:25,0
4/1/2014 23:30,0
4/1/2014 23:35,0
4/1/2014 23:40,0
4/1/2014 23:45,0
4/1/2014 23:50,0
4/1/2014 23:55,0
4/2/2014 0:00,0
4/2/2014 0:05,0
4/2/2014 0:10,0
4/2/2014 0:15,0
4/2/2014 0:20,0
4/2/2014 0:25,0.186890498
4/2/2014 0:30,0.157060975
4/2/2014 0:35,0
4/2/2014 0:40,0
4/2/2014 0:45,0
4/2/2014 0:50,0
4/2/2014 0:55,0
4/2/2014 1:00,0
4/2/2014 1:05,0
4/2/2014 1:10,0
4/2/2014 1:15,0
4/2/2014 1:20,0
4/2/2014 1:25,0
4/2/2014 1:30,0
4/2/2014 1:35,0
4/2/2014 1:40,0
4/2/2014 1:45,0
4/2/2014 1:50,0
4/2/2014 1:55,0
4/2/2014 2:00,0
4/2/2014 2:05,0
4/2/2014 2:10,0
4/2/2014 2:15,0
4/2/2014 2:20,0
4/2/2014 2:25,0
4/2/2014 2:30,0
4/2/2014 2:35,0
4/2/2014 2:40,0
4/2/2014 2:45,0
4/2/2014 2:50,0
4/2/2014 2:55,0
4/2/2014 3:00,0
4/2/2014 3:05,0
4/2/2014 3:10,0
4/2/2014 3:15,0
4/2/2014 3:20,0
4/2/2014 3:25,0
4/2/2014 3:30,0
4/2/2014 3:35,0.103038706
4/2/2014 3:40,0.19309487
4/2/2014 3:45,0
4/2/2014 3:50,0
4/2/2014 3:55,0
4/2/2014 4:00,0
4/2/2014 4:05,0
4/2/2014 4:10,0
4/2/2014 4:15,0
4/2/2014 4:20,0
4/2/2014 4:25,0
4/2/2014 4:30,0
4/2/2014 4:35,0
4/2/2014 4:40,0
4/2/2014 4:45,0
4/2/2014 4:50,0
4/2/2014 4:55,0
4/2/2014 5:00,0
4/2/2014 5:05,0
4/2/2014 5:10,0.168952675
4/2/2014 5:15,0.167651339
4/2/2014 5:20,0
4/2/2014 5:25,0
4/2/2014 5:30,0
4/2/2014 5:35,0
4/2/2014 5:40,0
4/2/2014 5:45,0
4/2/2014 5:50,0
4/2/2014 5:55,0
4/2/2014 6:00,0
4/2/2014 6:05,0
4/2/2014 6:10,0
4/2/2014 6:15,0
4/2/2014 6:20,0
4/2/2014 6:25,0
4/2/2014 6:30,0
4/2/2014 6:35,0
4/2/2014 6:40,0
4/2/2014 6:45,0
4/2/2014 6:50,0
4/2/2014 6:55,0
4/2/2014 7:00,0
4/2/2014 7:05,0
4/2/2014 7:10,0
4/2/2014 7:15,0
4/2/2014 7:20,0
4/2/2014 7:25,0
4/2/2014 7:30,0
4/2/2014 7:35,0
4/2/2014 7:40,0
4/2/2014 7:45,0
4/2/2014 7:50,0
4/2/2014 7:55,0
4/2/2014 8:00,0
4/2/2014 8:05,0
4/2/2014 8:10,0
4/2/2014 8:15,0
4/2/2014 8:20,0
4/2/2014 8:25,0
4/2/2014 8:30,0
4/2/2014 8:35,0
4/2/2014 8:40,0
4/2/2014 8:45,0
4/2/2014 8:50,0
4/2/2014 8:55,0
4/2/2014 9:00,0
4/2/2014 9:05,0
4/2/2014 9:10,0
4/2/2014 9:15,0.121567515
4/2/2014 9:20,0.165888547
4/2/2014 9:25,0
4/2/2014 9:30,0
4/2/2014 9:35,0
4/2/2014 9:40,0
4/2/2014 9:45,0
4/2/2014 9:50,0
4/2/2014 9:55,0
4/2/2014 10:00,0
4/2/2014 10:05,0
4/2/2014 10:10,0
4/2/2014 10:15,0
4/2/2014 10:20,0
4/2/2014 10:25,0.592872206
4/2/2014 10:30,0.621059403
4/2/2014 10:35,0
4/2/2014 10:40,0
4/2/2014 10:45,0
4/2/2014 10:50,0
4/2/2014 10:55,0
4/2/2014 11:00,0
4/2/2014 11:05,0
4/2/2014 11:10,0
4/2/2014 11:15,0
4/2/2014 11:20,0
4/2/2014 11:25,0
4/2/2014 11:30,0
4/2/2014 11:35,0
4/2/2014 11:40,0
4/2/2014 11:45,0
4/2/2014 11:50,0
4/2/2014 11:55,0
4/2/2014 12:00,0
4/2/2014 12:05,0
4/2/2014 12:10,0
4/2/2014 12:15,0
4/2/2014 12:20,0.333154908
4/2/2014 12:25,0.489139629
4/2/2014 12:30,0.297587376
4/2/2014 12:35,0.280153711
4/2/2014 12:40,0
4/2/2014 12:45,0
4/2/2014 12:50,0
4/2/2014 12:55,0
4/2/2014 13:00,0
4/2/2014 13:05,0
4/2/2014 13:10,0
4/2/2014 13:15,0
4/2/2014 13:20,0
4/2/2014 13:25,0
4/2/2014 13:30,0
4/2/2014 13:35,0
4/2/2014 13:40,0
4/2/2014 13:45,0
4/2/2014 13:50,0
4/2/2014 13:55,0.139386441
4/2/2014 14:00,0.165123298
4/2/2014 14:05,0
4/2/2014 14:10,0
4/2/2014 14:15,0
4/2/2014 14:20,0.295957664
4/2/2014 14:25,0.248785404
4/2/2014 14:30,0
4/2/2014 14:35,0
4/2/2014 14:40,0
4/2/2014 14:45,0
4/2/2014 14:50,0
4/2/2014 14:55,0
4/2/2014 15:00,0
4/2/2014 15:05,0
4/2/2014 15:10,0.110659303
4/2/2014 15:15,0.165784531
4/2/2014 15:20,0
4/2/2014 15:25,0
4/2/2014 15:30,0
4/2/2014 15:35,1.160360028
4/2/2014 15:40,1.709542584
4/2/2014 15:45,0
4/2/2014 15:50,0.469995074
4/2/2014 15:55,0.433804468
4/2/2014 16:00,0
4/2/2014 16:05,0
4/2/2014 16:10,0
4/2/2014 16:15,0
4/2/2014 16:20,0
4/2/2014 16:25,0
4/2/2014 16:30,0.21097362
4/2/2014 16:35,0.254795949
4/2/2014 16:40,0
4/2/2014 16:45,0
4/2/2014 16:50,0
4/2/2014 16:55,0
4/2/2014 17:00,0
4/2/2014 17:05,0
4/2/2014 17:10,0
4/2/2014 17:15,0
4/2/2014 17:20,0
4/2/2014 17:25,0
4/2/2014 17:30,0
4/2/2014 17:35,0
4/2/2014 17:40,0
4/2/2014 17:45,0
4/2/2014 17:50,0
4/2/2014 17:55,0
4/2/2014 18:00,0
4/2/2014 18:05,0
4/2/2014 18:10,0
4/2/2014 18:15,0
4/2/2014 18:20,0
4/2/2014 18:25,0
4/2/2014 18:30,0
4/2/2014 18:35,0
4/2/2014 18:40,0
4/2/2014 18:45,0
4/2/2014 18:50,0
4/2/2014 18:55,0
4/2/2014 19:00,0
4/2/2014 19:05,0
4/2/2014 19:10,0
4/2/2014 19:15,0
4/2/2014 19:20,0
4/2/2014 19:25,0
4/2/2014 19:30,0
4/2/2014 19:35,0
4/2/2014 19:40,0
4/2/2014 19:45,0
4/2/2014 19:50,0
4/2/2014 19:55,0
4/2/2014 20:00,0
4/2/2014 20:05,0
4/2/2014 20:10,0
4/2/2014 20:15,0
4/2/2014 20:20,0
4/2/2014 20:25,0
4/2/2014 20:30,0
4/2/2014 20:35,0
4/2/2014 20:40,0
4/2/2014 20:45,0.245437734
4/2/2014 20:50,0.284435708
4/2/2014 20:55,0
4/2/2014 21:00,0
4/2/2014 21:05,0
4/2/2014 21:10,0
4/2/2014 21:15,0
4/2/2014 21:20,0
4/2/2014 21:25,0
4/2/2014 21:30,3.083392796
4/2/2014 21:35,2.441966497
4/2/2014 21:40,0
4/2/2014 21:45,0.209808258
4/2/2014 21:50,0.248824114
4/2/2014 21:55,0
4/2/2014 22:00,0
4/2/2014 22:05,0
4/2/2014 22:10,0
4/2/2014 22:15,0
4/2/2014 22:20,0
4/2/2014 22:25,0
4/2/2014 22:30,0
4/2/2014 22:35,0
4/2/2014 22:40,0
4/2/2014 22:45,0
4/2/2014 22:50,0
4/2/2014 22:55,0
4/2/2014 23:00,0
4/2/2014 23:05,0
4/2/2014 23:10,0
4/2/2014 23:15,0
4/2/2014 23:20,0
4/2/2014 23:25,0
4/2/2014 23:30,0
4/2/2014 23:35,0
4/2/2014 23:40,0
4/2/2014 23:45,0
4/2/2014 23:50,0
4/2/2014 23:55,0
4/3/2014 0:00,0
4/3/2014 0:05,0
4/3/2014 0:10,0
4/3/2014 0:15,0
4/3/2014 0:20,0
4/3/2014 0:25,0
4/3/2014 0:30,0
4/3/2014 0:35,0
4/3/2014 0:40,0
4/3/2014 0:45,0
4/3/2014 0:50,0
4/3/2014 0:55,0
4/3/2014 1:00,0
4/3/2014 1:05,0
4/3/2014 1:10,0
4/3/2014 1:15,0
4/3/2014 1:20,0
4/3/2014 1:25,0
4/3/2014 1:30,0
4/3/2014 1:35,0
4/3/2014 1:40,0
4/3/2014 1:45,0
4/3/2014 1:50,0
4/3/2014 1:55,0
4/3/2014 2:00,0
4/3/2014 2:05,0
4/3/2014 2:10,0
4/3/2014 2:15,0
4/3/2014 2:20,0
4/3/2014 2:25,0
4/3/2014 2:30,0
4/3/2014 2:35,0
4/3/2014 2:40,0
4/3/2014 2:45,0
4/3/2014 2:50,0
4/3/2014 2:55,0
4/3/2014 3:00,0
4/3/2014 3:05,0
4/3/2014 3:10,0
4/3/2014 3:15,0
4/3/2014 3:20,0
4/3/2014 3:25,0
4/3/2014 3:30,0
4/3/2014 3:35,0
4/3/2014 3:40,0
4/3/2014 3:45,0
4/3/2014 3:50,0
4/3/2014 3:55,0
4/3/2014 4:00,0
4/3/2014 4:05,0
4/3/2014 4:10,0
4/3/2014 4:15,0
4/3/2014 4:20,0
4/3/2014 4:25,0
4/3/2014 4:30,0
4/3/2014 4:35,0
4/3/2014 4:40,0
4/3/2014 4:45,0
4/3/2014 4:50,0
4/3/2014 4:55,0
4/3/2014 5:00,0
4/3/2014 5:05,0
4/3/2014 5:10,0.100436327
4/3/2014 5:15,0.116695309
4/3/2014 5:20,0
4/3/2014 5:25,0
4/3/2014 5:30,0
4/3/2014 5:35,0
4/3/2014 5:40,0
4/3/2014 5:45,0
4/3/2014 5:50,0
4/3/2014 5:55,0
4/3/2014 6:00,0
4/3/2014 6:05,0
4/3/2014 6:10,0
4/3/2014 6:15,0
4/3/2014 6:20,0
4/3/2014 6:25,0
4/3/2014 6:30,0
4/3/2014 6:35,2.694775861
4/3/2014 6:40,1.124788137
4/3/2014 6:45,0
4/3/2014 6:50,0
4/3/2014 6:55,0
4/3/2014 7:00,0
4/3/2014 7:05,0
4/3/2014 7:10,0.171304605
4/3/2014 7:15,0.166638541
4/3/2014 7:20,0
4/3/2014 7:25,0
4/3/2014 7:30,0
4/3/2014 7:35,0
4/3/2014 7:40,0.259063783
4/3/2014 7:45,0.266101425
4/3/2014 7:50,0
4/3/2014 7:55,0
4/3/2014 8:00,0
4/3/2014 8:05,0
4/3/2014 8:10,0
4/3/2014 8:15,0
4/3/2014 8:20,0
4/3/2014 8:25,0
4/3/2014 8:30,0
4/3/2014 8:35,0
4/3/2014 8:40,0
4/3/2014 8:45,0
4/3/2014 8:50,0
4/3/2014 8:55,0
4/3/2014 9:00,0
4/3/2014 9:05,0
4/3/2014 9:10,0
4/3/2014 9:15,0
4/3/2014 9:20,0
4/3/2014 9:25,0
4/3/2014 9:30,0.196604751
4/3/2014 9:35,0.176103779
4/3/2014 9:40,0
4/3/2014 9:45,0
4/3/2014 9:50,0
4/3/2014 9:55,0
4/3/2014 10:00,0
4/3/2014 10:05,0
4/3/2014 10:10,0
4/3/2014 10:15,0
4/3/2014 10:20,0
4/3/2014 10:25,0
4/3/2014 10:30,0
4/3/2014 10:35,0
4/3/2014 10:40,0
4/3/2014 10:45,0
4/3/2014 10:50,0
4/3/2014 10:55,0
4/3/2014 11:00,0
4/3/2014 11:05,0
4/3/2014 11:10,0
4/3/2014 11:15,0
4/3/2014 11:20,0
4/3/2014 11:25,0
4/3/2014 11:30,0
4/3/2014 11:35,0.195077271
4/3/2014 11:40,0.17025405
4/3/2014 11:45,0
4/3/2014 11:50,0
4/3/2014 11:55,0
4/3/2014 12:00,0
4/3/2014 12:05,0.207845582
4/3/2014 12:10,0.254449696
4/3/2014 12:15,0
4/3/2014 12:20,0
4/3/2014 12:25,0
4/3/2014 12:30,0
4/3/2014 12:35,0
4/3/2014 12:40,0.129805221
4/3/2014 12:45,0.110536492
4/3/2014 12:50,0
4/3/2014 12:55,0
4/3/2014 13:00,0
4/3/2014 13:05,0
4/3/2014 13:10,0
4/3/2014 13:15,0
4/3/2014 13:20,0
4/3/2014 13:25,0
4/3/2014 13:30,0
4/3/2014 13:35,0
4/3/2014 13:40,0
4/3/2014 13:45,0
4/3/2014 13:50,0
4/3/2014 13:55,0
4/3/2014 14:00,0
4/3/2014 14:05,0
4/3/2014 14:10,0
4/3/2014 14:15,0
4/3/2014 14:20,0
4/3/2014 14:25,1.6705581
4/3/2014 14:30,1.134033075
4/3/2014 14:35,0
4/3/2014 14:40,0
4/3/2014 14:45,0
4/3/2014 14:50,0
4/3/2014 14:55,0
4/3/2014 15:00,2.950686267
4/3/2014 15:05,2.633947815
4/3/2014 15:10,0
4/3/2014 15:15,0.178182386
4/3/2014 15:20,0.164414922
4/3/2014 15:25,2.705094843
4/3/2014 15:30,2.875930463
4/3/2014 15:35,0
4/3/2014 15:40,0
4/3/2014 15:45,0
4/3/2014 15:50,0
4/3/2014 15:55,0
4/3/2014 16:00,0.270932083
4/3/2014 16:05,0.21673213
4/3/2014 16:10,0
4/3/2014 16:15,0
4/3/2014 16:20,0
4/3/2014 16:25,0
4/3/2014 16:30,0
4/3/2014 16:35,0
4/3/2014 16:40,0
4/3/2014 16:45,0
4/3/2014 16:50,0
4/3/2014 16:55,0
4/3/2014 17:00,0
4/3/2014 17:05,0
4/3/2014 17:10,0
4/3/2014 17:15,0
4/3/2014 17:20,0
4/3/2014 17:25,1.170206972
4/3/2014 17:30,1.771195185
4/3/2014 17:35,0
4/3/2014 17:40,0
4/3/2014 17:45,0
4/3/2014 17:50,0
4/3/2014 17:55,0
4/3/2014 18:00,0
4/3/2014 18:05,0
4/3/2014 18:10,0
4/3/2014 18:15,0
4/3/2014 18:20,0
4/3/2014 18:25,1.142069778
4/3/2014 18:30,1.421586203
4/3/2014 18:35,0
4/3/2014 18:40,0
4/3/2014 18:45,0
4/3/2014 18:50,0
4/3/2014 18:55,0
4/3/2014 19:00,0
4/3/2014 19:05,0
4/3/2014 19:10,0
4/3/2014 19:15,0
4/3/2014 19:20,0
4/3/2014 19:25,0
4/3/2014 19:30,0
4/3/2014 19:35,0
4/3/2014 19:40,0
4/3/2014 19:45,0
4/3/2014 19:50,0
4/3/2014 19:55,0
4/3/2014 20:00,0
4/3/2014 20:05,0
4/3/2014 20:10,0
4/3/2014 20:15,0
4/3/2014 20:20,0
4/3/2014 20:25,0
4/3/2014 20:30,0
4/3/2014 20:35,0
4/3/2014 20:40,0
4/3/2014 20:45,0
4/3/2014 20:50,0
4/3/2014 20:55,0
4/3/2014 21:00,0
4/3/2014 21:05,0
4/3/2014 21:10,0
4/3/2014 21:15,0
4/3/2014 21:20,0
4/3/2014 21:25,0
4/3/2014 21:30,0
4/3/2014 21:35,0
4/3/2014 21:40,0
4/3/2014 21:45,0
4/3/2014 21:50,0
4/3/2014 21:55,0
4/3/2014 22:00,0
4/3/2014 22:05,0
4/3/2014 22:10,0
4/3/2014 22:15,0
4/3/2014 22:20,0
4/3/2014 22:25,0
4/3/2014 22:30,0
4/3/2014 22:35,0
4/3/2014 22:40,0
4/3/2014 22:45,0
4/3/2014 22:50,0
4/3/2014 22:55,0
4/3/2014 23:00,0
4/3/2014 23:05,0
4/3/2014 23:10,0
4/3/2014 23:15,0
4/3/2014 23:20,1.458731554
4/3/2014 23:25,1.938214422
4/3/2014 23:30,0
4/3/2014 23:35,0
4/3/2014 23:40,0
4/3/2014 23:45,0
4/3/2014 23:50,0
4/3/2014 23:55,0
4/4/2014 0:00,0
4/4/2014 0:05,0
4/4/2014 0:10,0
4/4/2014 0:15,0
4/4/2014 0:20,0
4/4/2014 0:25,0
4/4/2014 0:30,0
4/4/2014 0:35,0
4/4/2014 0:40,0
4/4/2014 0:45,0
4/4/2014 0:50,0
4/4/2014 0:55,0
4/4/2014 1:00,0
4/4/2014 1:05,0
4/4/2014 1:10,0
4/4/2014 1:15,0
4/4/2014 1:20,0
4/4/2014 1:25,0
4/4/2014 1:30,0
4/4/2014 1:35,0
4/4/2014 1:40,0
4/4/2014 1:45,0
4/4/2014 1:50,0
4/4/2014 1:55,0
4/4/2014 2:00,0
4/4/2014 2:05,0
4/4/2014 2:10,0
4/4/2014 2:15,0
4/4/2014 2:20,0
4/4/2014 2:25,0
4/4/2014 2:30,0
4/4/2014 2:35,0
4/4/2014 2:40,0
4/4/2014 2:45,0
4/4/2014 2:50,0
4/4/2014 2:55,0
4/4/2014 3:00,0
4/4/2014 3:05,0
4/4/2014 3:10,1.278508142
4/4/2014 3:15,1.021430595
4/4/2014 3:20,0
4/4/2014 3:25,0
4/4/2014 3:30,0
4/4/2014 3:35,0
4/4/2014 3:40,0
4/4/2014 3:45,0
4/4/2014 3:50,0
4/4/2014 3:55,0
4/4/2014 4:00,0
4/4/2014 4:05,0
4/4/2014 4:10,0
4/4/2014 4:15,0.105034953
4/4/2014 4:20,0.105276526
4/4/2014 4:25,0
4/4/2014 4:30,0
4/4/2014 4:35,0
4/4/2014 4:40,0
4/4/2014 4:45,0
4/4/2014 4:50,0
4/4/2014 4:55,0
4/4/2014 5:00,0
4/4/2014 5:05,0
4/4/2014 5:10,2.088514674
4/4/2014 5:15,2.951557637
4/4/2014 5:20,0
4/4/2014 5:25,0.359322496
4/4/2014 5:30,0.315437506
4/4/2014 5:35,0
4/4/2014 5:40,0
4/4/2014 5:45,0
4/4/2014 5:50,0
4/4/2014 5:55,1.738272388
4/4/2014 6:00,1.714384668
4/4/2014 6:05,0
4/4/2014 6:10,0
4/4/2014 6:15,0
4/4/2014 6:20,0
4/4/2014 6:25,0
4/4/2014 6:30,0
4/4/2014 6:35,0
4/4/2014 6:40,0
4/4/2014 6:45,0
4/4/2014 6:50,0
4/4/2014 6:55,0
4/4/2014 7:00,0
4/4/2014 7:05,0
4/4/2014 7:10,0
4/4/2014 7:15,0
4/4/2014 7:20,0
4/4/2014 7:25,0
4/4/2014 7:30,0
4/4/2014 7:35,0
4/4/2014 7:40,0
4/4/2014 7:45,0
4/4/2014 7:50,0
4/4/2014 7:55,0
4/4/2014 8:00,0
4/4/2014 8:05,0
4/4/2014 8:10,0
4/4/2014 8:15,0
4/4/2014 8:20,0
4/4/2014 8:25,0
4/4/2014 8:30,0
4/4/2014 8:35,0
4/4/2014 8:40,0
4/4/2014 8:45,0
4/4/2014 8:50,0.229593203
4/4/2014 8:55,0.266382448
4/4/2014 9:00,0
4/4/2014 9:05,0
4/4/2014 9:10,0
4/4/2014 9:15,0
4/4/2014 9:20,0
4/4/2014 9:25,0
4/4/2014 9:30,0
4/4/2014 9:35,0
4/4/2014 9:40,0
4/4/2014 9:45,0
4/4/2014 9:50,0
4/4/2014 9:55,0
4/4/2014 10:00,0
4/4/2014 10:05,0
4/4/2014 10:10,0
4/4/2014 10:15,0
4/4/2014 10:20,0
4/4/2014 10:25,0
4/4/2014 10:30,0
4/4/2014 10:35,0.169201126
4/4/2014 10:40,0.145792899
4/4/2014 10:45,0
4/4/2014 10:50,0
4/4/2014 10:55,0
4/4/2014 11:00,0
4/4/2014 11:05,0
4/4/2014 11:10,0
4/4/2014 11:15,0
4/4/2014 11:20,0
4/4/2014 11:25,0
4/4/2014 11:30,0
4/4/2014 11:35,0
4/4/2014 11:40,0
4/4/2014 11:45,0
4/4/2014 11:50,0
4/4/2014 11:55,0
4/4/2014 12:00,0
4/4/2014 12:05,0
4/4/2014 12:10,0.333977415
4/4/2014 12:15,0.325388883
4/4/2014 12:20,0
4/4/2014 12:25,0
4/4/2014 12:30,0
4/4/2014 12:35,0
4/4/2014 12:40,0
4/4/2014 12:45,0
4/4/2014 12:50,0
4/4/2014 12:55,0
4/4/2014 13:00,0
4/4/2014 13:05,0
4/4/2014 13:10,0
4/4/2014 13:15,1.688183236
4/4/2014 13:20,2.041087675
4/4/2014 13:25,0
4/4/2014 13:30,0
4/4/2014 13:35,0
4/4/2014 13:40,0
4/4/2014 13:45,0
4/4/2014 13:50,0
4/4/2014 13:55,0
4/4/2014 14:00,0
4/4/2014 14:05,0
4/4/2014 14:10,0
4/4/2014 14:15,0
4/4/2014 14:20,0
4/4/2014 14:25,0
4/4/2014 14:30,0
4/4/2014 14:35,0
4/4/2014 14:40,0
4/4/2014 14:45,0
4/4/2014 14:50,0
4/4/2014 14:55,0
4/4/2014 15:00,0
4/4/2014 15:05,0
4/4/2014 15:10,0
4/4/2014 15:15,0
4/4/2014 15:20,0
4/4/2014 15:25,0
4/4/2014 15:30,0
4/4/2014 15:35,0
4/4/2014 15:40,0
4/4/2014 15:45,0
4/4/2014 15:50,0
4/4/2014 15:55,0
4/4/2014 16:00,0.122652163
4/4/2014 16:05,0.161397031
4/4/2014 16:10,0
4/4/2014 16:15,0
4/4/2014 16:20,0
4/4/2014 16:25,0
4/4/2014 16:30,0
4/4/2014 16:35,0
4/4/2014 16:40,0
4/4/2014 16:45,0
4/4/2014 16:50,0
4/4/2014 16:55,0
4/4/2014 17:00,0
4/4/2014 17:05,0
4/4/2014 17:10,0
4/4/2014 17:15,0
4/4/2014 17:20,0
4/4/2014 17:25,0
4/4/2014 17:30,0
4/4/2014 17:35,0
4/4/2014 17:40,0
4/4/2014 17:45,0
4/4/2014 17:50,0
4/4/2014 17:55,0.296530272
4/4/2014 18:00,0.205041677
4/4/2014 18:05,0
4/4/2014 18:10,0
4/4/2014 18:15,0
4/4/2014 18:20,0
4/4/2014 18:25,0
4/4/2014 18:30,0
4/4/2014 18:35,0
4/4/2014 18:40,0
4/4/2014 18:45,0
4/4/2014 18:50,0
4/4/2014 18:55,0
4/4/2014 19:00,0
4/4/2014 19:05,0
4/4/2014 19:10,0
4/4/2014 19:15,0
4/4/2014 19:20,0
4/4/2014 19:25,0
4/4/2014 19:30,0
4/4/2014 19:35,0
4/4/2014 19:40,0
4/4/2014 19:45,0
4/4/2014 19:50,0
4/4/2014 19:55,0
4/4/2014 20:00,0
4/4/2014 20:05,0.289038432
4/4/2014 20:10,0.25768812
4/4/2014 20:15,0
4/4/2014 20:20,0
4/4/2014 20:25,0
4/4/2014 20:30,0
4/4/2014 20:35,0
4/4/2014 20:40,0
4/4/2014 20:45,0
4/4/2014 20:50,0
4/4/2014 20:55,0
4/4/2014 21:00,0
4/4/2014 21:05,0
4/4/2014 21:10,0
4/4/2014 21:15,0
4/4/2014 21:20,0
4/4/2014 21:25,0
4/4/2014 21:30,0
4/4/2014 21:35,0
4/4/2014 21:40,0
4/4/2014 21:45,0
4/4/2014 21:50,0
4/4/2014 21:55,0
4/4/2014 22:00,0
4/4/2014 22:05,0
4/4/2014 22:10,0
4/4/2014 22:15,0.125285812
4/4/2014 22:20,0.157763175
4/4/2014 22:25,0
4/4/2014 22:30,0
4/4/2014 22:35,0
4/4/2014 22:40,0
4/4/2014 22:45,0
4/4/2014 22:50,0
4/4/2014 22:55,0
4/4/2014 23:00,0
4/4/2014 23:05,0
4/4/2014 23:10,0
4/4/2014 23:15,0
4/4/2014 23:20,0
4/4/2014 23:25,0.135920875
4/4/2014 23:30,0.182355223
4/4/2014 23:35,0
4/4/2014 23:40,0
4/4/2014 23:45,0
4/4/2014 23:50,0
4/4/2014 23:55,0
4/5/2014 0:00,0
4/5/2014 0:05,0
4/5/2014 0:10,0
4/5/2014 0:15,0
4/5/2014 0:20,0
4/5/2014 0:25,0.197728382
4/5/2014 0:30,0.12423537
4/5/2014 0:35,0
4/5/2014 0:40,0
4/5/2014 0:45,0
4/5/2014 0:50,0
4/5/2014 0:55,0
4/5/2014 1:00,0
4/5/2014 1:05,0
4/5/2014 1:10,0
4/5/2014 1:15,0
4/5/2014 1:20,0
4/5/2014 1:25,0
4/5/2014 1:30,0
4/5/2014 1:35,0
4/5/2014 1:40,0
4/5/2014 1:45,0
4/5/2014 1:50,0
4/5/2014 1:55,0.166331071
4/5/2014 2:00,0.18390997
4/5/2014 2:05,0
4/5/2014 2:10,0
4/5/2014 2:15,0
4/5/2014 2:20,0
4/5/2014 2:25,0
4/5/2014 2:30,0
4/5/2014 2:35,0
4/5/2014 2:40,0
4/5/2014 2:45,0
4/5/2014 2:50,0
4/5/2014 2:55,0
4/5/2014 3:00,0
4/5/2014 3:05,0
4/5/2014 3:10,0
4/5/2014 3:15,0
4/5/2014 3:20,0
4/5/2014 3:25,0
4/5/2014 3:30,0
4/5/2014 3:35,0.439337798
4/5/2014 3:40,0.445065278
4/5/2014 3:45,0
4/5/2014 3:50,0
4/5/2014 3:55,0
4/5/2014 4:00,0
4/5/2014 4:05,0.155066046
4/5/2014 4:10,0.11531445
4/5/2014 4:15,0
4/5/2014 4:20,0
4/5/2014 4:25,0
4/5/2014 4:30,0
4/5/2014 4:35,0
4/5/2014 4:40,0
4/5/2014 4:45,0
4/5/2014 4:50,0
4/5/2014 4:55,0
4/5/2014 5:00,0
4/5/2014 5:05,0
4/5/2014 5:10,0
4/5/2014 5:15,0
4/5/2014 5:20,0
4/5/2014 5:25,0.172811644
4/5/2014 5:30,0.160025141
4/5/2014 5:35,0.173125059
4/5/2014 5:40,0.176974662
4/5/2014 5:45,0
4/5/2014 5:50,0
4/5/2014 5:55,0.664816752
4/5/2014 6:00,0.65224419
4/5/2014 6:05,0
4/5/2014 6:10,0
4/5/2014 6:15,0
4/5/2014 6:20,0
4/5/2014 6:25,0
4/5/2014 6:30,0
4/5/2014 6:35,0
4/5/2014 6:40,0
4/5/2014 6:45,0
4/5/2014 6:50,0
4/5/2014 6:55,0
4/5/2014 7:00,0
4/5/2014 7:05,0.495120384
4/5/2014 7:10,0.313055351
4/5/2014 7:15,0
4/5/2014 7:20,0
4/5/2014 7:25,0
4/5/2014 7:30,0
4/5/2014 7:35,0
4/5/2014 7:40,0
4/5/2014 7:45,0
4/5/2014 7:50,0
4/5/2014 7:55,0
4/5/2014 8:00,0
4/5/2014 8:05,0
4/5/2014 8:10,0
4/5/2014 8:15,0
4/5/2014 8:20,0
4/5/2014 8:25,0
4/5/2014 8:30,0
4/5/2014 8:35,0
4/5/2014 8:40,0
4/5/2014 8:45,0
4/5/2014 8:50,0
4/5/2014 8:55,0
4/5/2014 9:00,0
4/5/2014 9:05,0
4/5/2014 9:10,0
4/5/2014 9:15,0
4/5/2014 9:20,0
4/5/2014 9:25,0
4/5/2014 9:30,0
4/5/2014 9:35,0
4/5/2014 9:40,0
4/5/2014 9:45,0
4/5/2014 9:50,0
4/5/2014 9:55,0
4/5/2014 10:00,0
4/5/2014 10:05,0
4/5/2014 10:10,0
4/5/2014 10:15,0
4/5/2014 10:20,0
4/5/2014 10:25,0
4/5/2014 10:30,0
4/5/2014 10:35,0
4/5/2014 10:40,0
4/5/2014 10:45,0
4/5/2014 10:50,0
4/5/2014 10:55,0
4/5/2014 11:00,0
4/5/2014 11:05,0
4/5/2014 11:10,0
4/5/2014 11:15,0
4/5/2014 11:20,0
4/5/2014 11:25,0
4/5/2014 11:30,0
4/5/2014 11:35,0
4/5/2014 11:40,0
4/5/2014 11:45,0
4/5/2014 11:50,0
4/5/2014 11:55,0
4/5/2014 12:00,0
4/5/2014 12:05,0
4/5/2014 12:10,0
4/5/2014 12:15,0
4/5/2014 12:20,0
4/5/2014 12:25,0
4/5/2014 12:30,0
4/5/2014 12:35,0
4/5/2014 12:40,0
4/5/2014 12:45,0
4/5/2014 12:50,0
4/5/2014 12:55,0
4/5/2014 13:00,0.134164111
4/5/2014 13:05,0.164846456
4/5/2014 13:10,0
4/5/2014 13:15,0
4/5/2014 13:20,0
4/5/2014 13:25,0
4/5/2014 13:30,0
4/5/2014 13:35,0
4/5/2014 13:40,0
4/5/2014 13:45,0
4/5/2014 13:50,0
4/5/2014 13:55,0
4/5/2014 14:00,0
4/5/2014 14:05,1.910789811
4/5/2014 14:10,2.036030698
4/5/2014 14:15,0
4/5/2014 14:20,0
4/5/2014 14:25,0
4/5/2014 14:30,0
4/5/2014 14:35,0
4/5/2014 14:40,0
4/5/2014 14:45,0
4/5/2014 14:50,0
4/5/2014 14:55,0
4/5/2014 15:00,0
4/5/2014 15:05,0
4/5/2014 15:10,0
4/5/2014 15:15,0
4/5/2014 15:20,0
4/5/2014 15:25,0
4/5/2014 15:30,0
4/5/2014 15:35,0
4/5/2014 15:40,0
4/5/2014 15:45,0
4/5/2014 15:50,0
4/5/2014 15:55,0
4/5/2014 16:00,0
4/5/2014 16:05,0
4/5/2014 16:10,0
4/5/2014 16:15,0
4/5/2014 16:20,0
4/5/2014 16:25,0
4/5/2014 16:30,0
4/5/2014 16:35,0
4/5/2014 16:40,0
4/5/2014 16:45,0
4/5/2014 16:50,0
4/5/2014 16:55,0
4/5/2014 17:00,0
4/5/2014 17:05,0
4/5/2014 17:10,0
4/5/2014 17:15,0
4/5/2014 17:20,0
4/5/2014 17:25,0
4/5/2014 17:30,0
4/5/2014 17:35,0
4/5/2014 17:40,0
4/5/2014 17:45,0
4/5/2014 17:50,1.014926281
4/5/2014 17:55,1.845373239
4/5/2014 18:00,0
4/5/2014 18:05,0
4/5/2014 18:10,0
4/5/2014 18:15,0
4/5/2014 18:20,0
4/5/2014 18:25,0
4/5/2014 18:30,0
4/5/2014 18:35,0
4/5/2014 18:40,0
4/5/2014 18:45,0
4/5/2014 18:50,0
4/5/2014 18:55,0
4/5/2014 19:00,0
4/5/2014 19:05,0
4/5/2014 19:10,0
4/5/2014 19:15,0
4/5/2014 19:20,0
4/5/2014 19:25,0
4/5/2014 19:30,0
4/5/2014 19:35,0
4/5/2014 19:40,0
4/5/2014 19:45,0
4/5/2014 19:50,0
4/5/2014 19:55,0
4/5/2014 20:00,0
4/5/2014 20:05,0
4/5/2014 20:10,0
4/5/2014 20:15,0
4/5/2014 20:20,0
4/5/2014 20:25,0
4/5/2014 20:30,0
4/5/2014 20:35,0
4/5/2014 20:40,0
4/5/2014 20:45,0
4/5/2014 20:50,0
4/5/2014 20:55,0
4/5/2014 21:00,0
4/5/2014 21:05,0
4/5/2014 21:10,0
4/5/2014 21:15,0
4/5/2014 21:20,2.436136322
4/5/2014 21:25,1.885387404
4/5/2014 21:30,0
4/5/2014 21:35,0
4/5/2014 21:40,0
4/5/2014 21:45,0
4/5/2014 21:50,0
4/5/2014 21:55,0
4/5/2014 22:00,0
4/5/2014 22:05,0
4/5/2014 22:10,0
4/5/2014 22:15,0
4/5/2014 22:20,0
4/5/2014 22:25,0
4/5/2014 22:30,0
4/5/2014 22:35,0
4/5/2014 22:40,0
4/5/2014 22:45,0
4/5/2014 22:50,0
4/5/2014 22:55,0
4/5/2014 23:00,0
4/5/2014 23:05,0
4/5/2014 23:10,0
4/5/2014 23:15,0
4/5/2014 23:20,0
4/5/2014 23:25,0.464367865
4/5/2014 23:30,0.429261987
4/5/2014 23:35,0
4/5/2014 23:40,0
4/5/2014 23:45,0
4/5/2014 23:50,0
4/5/2014 23:55,0
4/6/2014 0:00,0
4/6/2014 0:05,0.488754824
4/6/2014 0:10,0.300766058
4/6/2014 0:15,0
4/6/2014 0:20,0
4/6/2014 0:25,1.080138173
4/6/2014 0:30,2.968643958
4/6/2014 0:35,0
4/6/2014 0:40,1.766962245
4/6/2014 0:45,1.304456428
4/6/2014 0:50,0
4/6/2014 0:55,0
4/6/2014 1:00,0
4/6/2014 1:05,0
4/6/2014 1:10,0
4/6/2014 1:15,0
4/6/2014 1:20,0
4/6/2014 1:25,0.105032293
4/6/2014 1:30,2.439708458
4/6/2014 1:35,1.568576578
4/6/2014 1:40,0
4/6/2014 1:45,0
4/6/2014 1:50,0
4/6/2014 1:55,0
4/6/2014 2:00,0
4/6/2014 2:05,0
4/6/2014 2:10,0
4/6/2014 2:15,0
4/6/2014 2:20,0
4/6/2014 2:25,0
4/6/2014 2:30,0
4/6/2014 2:35,0
4/6/2014 2:40,0
4/6/2014 2:45,0
4/6/2014 2:50,0
4/6/2014 2:55,0
4/6/2014 3:00,0
4/6/2014 3:05,0
4/6/2014 3:10,0
4/6/2014 3:15,0
4/6/2014 3:20,0
4/6/2014 3:25,0
4/6/2014 3:30,0
4/6/2014 3:35,0
4/6/2014 3:40,0
4/6/2014 3:45,0
4/6/2014 3:50,0
4/6/2014 3:55,0
4/6/2014 4:00,0
4/6/2014 4:05,0
4/6/2014 4:10,0.118734679
4/6/2014 4:15,0.103247077
4/6/2014 4:20,0
4/6/2014 4:25,0
4/6/2014 4:30,0
4/6/2014 4:35,0
4/6/2014 4:40,0
4/6/2014 4:45,0
4/6/2014 4:50,0
4/6/2014 4:55,0
4/6/2014 5:00,0
4/6/2014 5:05,0
4/6/2014 5:10,0
4/6/2014 5:15,0
4/6/2014 5:20,0
4/6/2014 5:25,0
4/6/2014 5:30,0
4/6/2014 5:35,0.17433529
4/6/2014 5:40,0.17233303
4/6/2014 5:45,0
4/6/2014 5:50,0
4/6/2014 5:55,0
4/6/2014 6:00,0
4/6/2014 6:05,0
4/6/2014 6:10,0
4/6/2014 6:15,0.347624969
4/6/2014 6:20,0.487689528
4/6/2014 6:25,0
4/6/2014 6:30,0
4/6/2014 6:35,0
4/6/2014 6:40,0
4/6/2014 6:45,0
4/6/2014 6:50,0
4/6/2014 6:55,0
4/6/2014 7:00,0
4/6/2014 7:05,0
4/6/2014 7:10,0
4/6/2014 7:15,0
4/6/2014 7:20,0
4/6/2014 7:25,0
4/6/2014 7:30,0
4/6/2014 7:35,0
4/6/2014 7:40,0
4/6/2014 7:45,0
4/6/2014 7:50,0
4/6/2014 7:55,0
4/6/2014 8:00,0
4/6/2014 8:05,0
4/6/2014 8:10,0
4/6/2014 8:15,0
4/6/2014 8:20,0
4/6/2014 8:25,0
4/6/2014 8:30,0
4/6/2014 8:35,0
4/6/2014 8:40,0
4/6/2014 8:45,0
4/6/2014 8:50,0
4/6/2014 8:55,0
4/6/2014 9:00,0
4/6/2014 9:05,0
4/6/2014 9:10,0
4/6/2014 9:15,0
4/6/2014 9:20,0
4/6/2014 9:25,0
4/6/2014 9:30,0
4/6/2014 9:35,0
4/6/2014 9:40,0
4/6/2014 9:45,0
4/6/2014 9:50,0
4/6/2014 9:55,0
4/6/2014 10:00,0
4/6/2014 10:05,0
4/6/2014 10:10,0
4/6/2014 10:15,0
4/6/2014 10:20,0
4/6/2014 10:25,0
4/6/2014 10:30,0
4/6/2014 10:35,0
4/6/2014 10:40,0
4/6/2014 10:45,0
4/6/2014 10:50,0
4/6/2014 10:55,0
4/6/2014 11:00,0
4/6/2014 11:05,0
4/6/2014 11:10,0
4/6/2014 11:15,0
4/6/2014 11:20,0
4/6/2014 11:25,0
4/6/2014 11:30,0
4/6/2014 11:35,0
4/6/2014 11:40,0
4/6/2014 11:45,0
4/6/2014 11:50,0
4/6/2014 11:55,0
4/6/2014 12:00,0
4/6/2014 12:05,0
4/6/2014 12:10,0
4/6/2014 12:15,0
4/6/2014 12:20,0
4/6/2014 12:25,0
4/6/2014 12:30,0
4/6/2014 12:35,0
4/6/2014 12:40,0
4/6/2014 12:45,0
4/6/2014 12:50,0
4/6/2014 12:55,0
4/6/2014 13:00,0
4/6/2014 13:05,0
4/6/2014 13:10,0
4/6/2014 13:15,0
4/6/2014 13:20,0
4/6/2014 13:25,0
4/6/2014 13:30,0
4/6/2014 13:35,0
4/6/2014 13:40,0
4/6/2014 13:45,0
4/6/2014 13:50,0
4/6/2014 13:55,0
4/6/2014 14:00,0
4/6/2014 14:05,0
4/6/2014 14:10,0
4/6/2014 14:15,0
4/6/2014 14:20,0
4/6/2014 14:25,0
4/6/2014 14:30,0
4/6/2014 14:35,0
4/6/2014 14:40,0
4/6/2014 14:45,0
4/6/2014 14:50,0
4/6/2014 14:55,0
4/6/2014 15:00,0
4/6/2014 15:05,0
4/6/2014 15:10,0
4/6/2014 15:15,0
4/6/2014 15:20,0
4/6/2014 15:25,0
4/6/2014 15:30,0
4/6/2014 15:35,0
4/6/2014 15:40,0
4/6/2014 15:45,0
4/6/2014 15:50,0
4/6/2014 15:55,0
4/6/2014 16:00,0
4/6/2014 16:05,0
4/6/2014 16:10,0
4/6/2014 16:15,0
4/6/2014 16:20,0
4/6/2014 16:25,0
4/6/2014 16:30,0
4/6/2014 16:35,0
4/6/2014 16:40,0
4/6/2014 16:45,0
4/6/2014 16:50,0
4/6/2014 16:55,0
4/6/2014 17:00,0
4/6/2014 17:05,0
4/6/2014 17:10,0
4/6/2014 17:15,0
4/6/2014 17:20,0
4/6/2014 17:25,0
4/6/2014 17:30,0
4/6/2014 17:35,0
4/6/2014 17:40,0
4/6/2014 17:45,0
4/6/2014 17:50,0
4/6/2014 17:55,0
4/6/2014 18:00,0
4/6/2014 18:05,0
4/6/2014 18:10,0
4/6/2014 18:15,0
4/6/2014 18:20,0
4/6/2014 18:25,0
4/6/2014 18:30,0
4/6/2014 18:35,0
4/6/2014 18:40,0
4/6/2014 18:45,0
4/6/2014 18:50,0
4/6/2014 18:55,0
4/6/2014 19:00,0
4/6/2014 19:05,0
4/6/2014 19:10,0
4/6/2014 19:15,0
4/6/2014 19:20,0.206360144
4/6/2014 19:25,0.255168797
4/6/2014 19:30,0
4/6/2014 19:35,0
4/6/2014 19:40,0
4/6/2014 19:45,0
4/6/2014 19:50,0
4/6/2014 19:55,0
4/6/2014 20:00,0
4/6/2014 20:05,0
4/6/2014 20:10,0
4/6/2014 20:15,0
4/6/2014 20:20,0
4/6/2014 20:25,0
4/6/2014 20:30,0
4/6/2014 20:35,0
4/6/2014 20:40,0
4/6/2014 20:45,0
4/6/2014 20:50,0
4/6/2014 20:55,0.113605623
4/6/2014 21:00,0.18360789
4/6/2014 21:05,0
4/6/2014 21:10,0
4/6/2014 21:15,0
4/6/2014 21:20,0
4/6/2014 21:25,0.115478604
4/6/2014 21:30,0.130117559
4/6/2014 21:35,0
4/6/2014 21:40,0
4/6/2014 21:45,0
4/6/2014 21:50,0
4/6/2014 21:55,0
4/6/2014 22:00,0
4/6/2014 22:05,0
4/6/2014 22:10,0
4/6/2014 22:15,0
4/6/2014 22:20,0
4/6/2014 22:25,0
4/6/2014 22:30,0
4/6/2014 22:35,0
4/6/2014 22:40,0
4/6/2014 22:45,0
4/6/2014 22:50,0
4/6/2014 22:55,0
4/6/2014 23:00,0
4/6/2014 23:05,0
4/6/2014 23:10,0
4/6/2014 23:15,0
4/6/2014 23:20,0
4/6/2014 23:25,0
4/6/2014 23:30,0
4/6/2014 23:35,0
4/6/2014 23:40,0
4/6/2014 23:45,0
4/6/2014 23:50,0
4/6/2014 23:55,0
4/7/2014 0:00,0
4/7/2014 0:05,2.746782916
4/7/2014 0:10,1.789980541
4/7/2014 0:15,0
4/7/2014 0:20,0
4/7/2014 0:25,0
4/7/2014 0:30,0
4/7/2014 0:35,0
4/7/2014 0:40,0
4/7/2014 0:45,0
4/7/2014 0:50,0
4/7/2014 0:55,0
4/7/2014 1:00,0
4/7/2014 1:05,0
4/7/2014 1:10,0
4/7/2014 1:15,0
4/7/2014 1:20,0
4/7/2014 1:25,0
4/7/2014 1:30,0
4/7/2014 1:35,0
4/7/2014 1:40,0
4/7/2014 1:45,0
4/7/2014 1:50,0
4/7/2014 1:55,0
4/7/2014 2:00,0
4/7/2014 2:05,0
4/7/2014 2:10,0
4/7/2014 2:15,0
4/7/2014 2:20,0
4/7/2014 2:25,0
4/7/2014 2:30,0
4/7/2014 2:35,0
4/7/2014 2:40,0
4/7/2014 2:45,0
4/7/2014 2:50,0
4/7/2014 2:55,0
4/7/2014 3:00,0
4/7/2014 3:05,0
4/7/2014 3:10,0
4/7/2014 3:15,0
4/7/2014 3:20,0
4/7/2014 3:25,0
4/7/2014 3:30,0
4/7/2014 3:35,0
4/7/2014 3:40,0
4/7/2014 3:45,0
4/7/2014 3:50,0
4/7/2014 3:55,0
4/7/2014 4:00,0
4/7/2014 4:05,0
4/7/2014 4:10,0
4/7/2014 4:15,0
4/7/2014 4:20,0
4/7/2014 4:25,0
4/7/2014 4:30,0
4/7/2014 4:35,0
4/7/2014 4:40,0
4/7/2014 4:45,0
4/7/2014 4:50,0
4/7/2014 4:55,0
4/7/2014 5:00,0
4/7/2014 5:05,0
4/7/2014 5:10,0
4/7/2014 5:15,0
4/7/2014 5:20,0
4/7/2014 5:25,0
4/7/2014 5:30,0
4/7/2014 5:35,0
4/7/2014 5:40,0
4/7/2014 5:45,0
4/7/2014 5:50,0
4/7/2014 5:55,0
4/7/2014 6:00,0
4/7/2014 6:05,0
4/7/2014 6:10,0
4/7/2014 6:15,0
4/7/2014 6:20,0
4/7/2014 6:25,0
4/7/2014 6:30,0
4/7/2014 6:35,0
4/7/2014 6:40,0
4/7/2014 6:45,0
4/7/2014 6:50,0
4/7/2014 6:55,0
4/7/2014 7:00,0.353823951
4/7/2014 7:05,0.460626618
4/7/2014 7:10,0
4/7/2014 7:15,0
4/7/2014 7:20,0
4/7/2014 7:25,0
4/7/2014 7:30,0
4/7/2014 7:35,0
4/7/2014 7:40,0
4/7/2014 7:45,0
4/7/2014 7:50,0
4/7/2014 7:55,0
4/7/2014 8:00,0
4/7/2014 8:05,0
4/7/2014 8:10,0
4/7/2014 8:15,0
4/7/2014 8:20,0
4/7/2014 8:25,0
4/7/2014 8:30,0
4/7/2014 8:35,0
4/7/2014 8:40,0
4/7/2014 8:45,0
4/7/2014 8:50,0
4/7/2014 8:55,0
4/7/2014 9:00,0
4/7/2014 9:05,0
4/7/2014 9:10,0
4/7/2014 9:15,0
4/7/2014 9:20,0
4/7/2014 9:25,0
4/7/2014 9:30,0
4/7/2014 9:35,0
4/7/2014 9:40,0
4/7/2014 9:45,0
4/7/2014 9:50,0
4/7/2014 9:55,0
4/7/2014 10:00,0
4/7/2014 10:05,0
4/7/2014 10:10,0
4/7/2014 10:15,0
4/7/2014 10:20,0
4/7/2014 10:25,0
4/7/2014 10:30,0
4/7/2014 10:35,0
4/7/2014 10:40,0
4/7/2014 10:45,0
4/7/2014 10:50,0
4/7/2014 10:55,0
4/7/2014 11:00,0
4/7/2014 11:05,0.233645035
4/7/2014 11:10,0.221120826
4/7/2014 11:15,0
4/7/2014 11:20,0
4/7/2014 11:25,0
4/7/2014 11:30,0
4/7/2014 11:35,0
4/7/2014 11:40,0
4/7/2014 11:45,0
4/7/2014 11:50,0
4/7/2014 11:55,0
4/7/2014 12:00,0.144273593
4/7/2014 12:05,0.194891622
4/7/2014 12:10,0
4/7/2014 12:15,0
4/7/2014 12:20,0
4/7/2014 12:25,0
4/7/2014 12:30,0
4/7/2014 12:35,0
4/7/2014 12:40,0
4/7/2014 12:45,0
4/7/2014 12:50,0
4/7/2014 12:55,0
4/7/2014 13:00,0
4/7/2014 13:05,0
4/7/2014 13:10,0
4/7/2014 13:15,0
4/7/2014 13:20,0
4/7/2014 13:25,0
4/7/2014 13:30,0
4/7/2014 13:35,0
4/7/2014 13:40,0
4/7/2014 13:45,0
4/7/2014 13:50,0
4/7/2014 13:55,0
4/7/2014 14:00,0
4/7/2014 14:05,0
4/7/2014 14:10,0
4/7/2014 14:15,0
4/7/2014 14:20,0
4/7/2014 14:25,0
4/7/2014 14:30,0
4/7/2014 14:35,0
4/7/2014 14:40,0
4/7/2014 14:45,0
4/7/2014 14:50,0
4/7/2014 14:55,0
4/7/2014 15:00,0
4/7/2014 15:05,0
4/7/2014 15:10,0
4/7/2014 15:15,0
4/7/2014 15:20,0
4/7/2014 15:25,0
4/7/2014 15:30,0
4/7/2014 15:35,0
4/7/2014 15:40,0
4/7/2014 15:45,0.231318205
4/7/2014 15:50,0.217884107
4/7/2014 15:55,0
4/7/2014 16:00,0
4/7/2014 16:05,0
4/7/2014 16:10,0
4/7/2014 16:15,0
4/7/2014 16:20,0
4/7/2014 16:25,0
4/7/2014 16:30,0
4/7/2014 16:35,0
4/7/2014 16:40,0
4/7/2014 16:45,0
4/7/2014 16:50,0
4/7/2014 16:55,0
4/7/2014 17:00,0
4/7/2014 17:05,0
4/7/2014 17:10,0
4/7/2014 17:15,0
4/7/2014 17:20,0
4/7/2014 17:25,0
4/7/2014 17:30,0
4/7/2014 17:35,0
4/7/2014 17:40,0
4/7/2014 17:45,0
4/7/2014 17:50,0
4/7/2014 17:55,0
4/7/2014 18:00,0
4/7/2014 18:05,0
4/7/2014 18:10,0
4/7/2014 18:15,0
4/7/2014 18:20,0
4/7/2014 18:25,0
4/7/2014 18:30,0
4/7/2014 18:35,0
4/7/2014 18:40,0
4/7/2014 18:45,0
4/7/2014 18:50,0
4/7/2014 18:55,0
4/7/2014 19:00,0
4/7/2014 19:05,0
4/7/2014 19:10,0
4/7/2014 19:15,0
4/7/2014 19:20,0
4/7/2014 19:25,0
4/7/2014 19:30,0
4/7/2014 19:35,0
4/7/2014 19:40,0
4/7/2014 19:45,0
4/7/2014 19:50,0
4/7/2014 19:55,0
4/7/2014 20:00,0
4/7/2014 20:05,0
4/7/2014 20:10,0
4/7/2014 20:15,0
4/7/2014 20:20,0
4/7/2014 20:25,0
4/7/2014 20:30,0
4/7/2014 20:35,0
4/7/2014 20:40,0
4/7/2014 20:45,0
4/7/2014 20:50,0
4/7/2014 20:55,0
4/7/2014 21:00,0
4/7/2014 21:05,0
4/7/2014 21:10,0
4/7/2014 21:15,0
4/7/2014 21:20,0
4/7/2014 21:25,0
4/7/2014 21:30,0
4/7/2014 21:35,0
4/7/2014 21:40,0
4/7/2014 21:45,0
4/7/2014 21:50,0
4/7/2014 21:55,0
4/7/2014 22:00,0
4/7/2014 22:05,0
4/7/2014 22:10,0
4/7/2014 22:15,0
4/7/2014 22:20,0
4/7/2014 22:25,0
4/7/2014 22:30,0
4/7/2014 22:35,0
4/7/2014 22:40,0
4/7/2014 22:45,0.290191611
4/7/2014 22:50,0.239718689
4/7/2014 22:55,0
4/7/2014 23:00,0.224527931
4/7/2014 23:05,0.244840784
4/7/2014 23:10,0
4/7/2014 23:15,1.67001714
4/7/2014 23:20,1.414565045
4/7/2014 23:25,0
4/7/2014 23:30,0
4/7/2014 23:35,0.124599974
4/7/2014 23:40,0.153208682
4/7/2014 23:45,0
4/7/2014 23:50,0
4/7/2014 23:55,0
4/8/2014 0:00,0
4/8/2014 0:05,0
4/8/2014 0:10,0
4/8/2014 0:15,0
4/8/2014 0:20,0
4/8/2014 0:25,0
4/8/2014 0:30,0
4/8/2014 0:35,0
4/8/2014 0:40,0.29477328
4/8/2014 0:45,0.212637014
4/8/2014 0:50,0
4/8/2014 0:55,0
4/8/2014 1:00,0
4/8/2014 1:05,0
4/8/2014 1:10,0
4/8/2014 1:15,0
4/8/2014 1:20,0
4/8/2014 1:25,0
4/8/2014 1:30,0
4/8/2014 1:35,0
4/8/2014 1:40,0
4/8/2014 1:45,0
4/8/2014 1:50,0
4/8/2014 1:55,0.350679622
4/8/2014 2:00,0.401005609
4/8/2014 2:05,0
4/8/2014 2:10,0
4/8/2014 2:15,0
4/8/2014 2:20,0
4/8/2014 2:25,0
4/8/2014 2:30,0
4/8/2014 2:35,0
4/8/2014 2:40,0
4/8/2014 2:45,0
4/8/2014 2:50,0
4/8/2014 2:55,0
4/8/2014 3:00,0
4/8/2014 3:05,0
4/8/2014 3:10,0
4/8/2014 3:15,0
4/8/2014 3:20,0
4/8/2014 3:25,0.30609931
4/8/2014 3:30,0.326362075
4/8/2014 3:35,0
4/8/2014 3:40,0
4/8/2014 3:45,0
4/8/2014 3:50,0
4/8/2014 3:55,0
4/8/2014 4:00,0
4/8/2014 4:05,0
4/8/2014 4:10,0
4/8/2014 4:15,0
4/8/2014 4:20,0
4/8/2014 4:25,0
4/8/2014 4:30,0
4/8/2014 4:35,0
4/8/2014 4:40,0
4/8/2014 4:45,0
4/8/2014 4:50,0
4/8/2014 4:55,0
4/8/2014 5:00,0
4/8/2014 5:05,0
4/8/2014 5:10,0
4/8/2014 5:15,0.100302087
4/8/2014 5:20,0.124793245
4/8/2014 5:25,0
4/8/2014 5:30,0
4/8/2014 5:35,0
4/8/2014 5:40,0
4/8/2014 5:45,0
4/8/2014 5:50,0
4/8/2014 5:55,0
4/8/2014 6:00,0
4/8/2014 6:05,0
4/8/2014 6:10,0
4/8/2014 6:15,0
4/8/2014 6:20,0
4/8/2014 6:25,0
4/8/2014 6:30,0
4/8/2014 6:35,0
4/8/2014 6:40,0
4/8/2014 6:45,0
4/8/2014 6:50,0
4/8/2014 6:55,0
4/8/2014 7:00,0
4/8/2014 7:05,0
4/8/2014 7:10,0
4/8/2014 7:15,0
4/8/2014 7:20,0
4/8/2014 7:25,0
4/8/2014 7:30,0
4/8/2014 7:35,0
4/8/2014 7:40,0
4/8/2014 7:45,0
4/8/2014 7:50,0
4/8/2014 7:55,0
4/8/2014 8:00,0
4/8/2014 8:05,0
4/8/2014 8:10,0
4/8/2014 8:15,0
4/8/2014 8:20,0
4/8/2014 8:25,0
4/8/2014 8:30,0
4/8/2014 8:35,0
4/8/2014 8:40,0
4/8/2014 8:45,0
4/8/2014 8:50,0
4/8/2014 8:55,0
4/8/2014 9:00,0
4/8/2014 9:05,0
4/8/2014 9:10,0
4/8/2014 9:15,0
4/8/2014 9:20,0
4/8/2014 9:25,0
4/8/2014 9:30,0
4/8/2014 9:35,0
4/8/2014 9:40,0
4/8/2014 9:45,0
4/8/2014 9:50,0
4/8/2014 9:55,0
4/8/2014 10:00,0
4/8/2014 10:05,0
4/8/2014 10:10,0
4/8/2014 10:15,0
4/8/2014 10:20,0.297369214
4/8/2014 10:25,0.223063864
4/8/2014 10:30,0
4/8/2014 10:35,0
4/8/2014 10:40,0
4/8/2014 10:45,0
4/8/2014 10:50,0
4/8/2014 10:55,0
4/8/2014 11:00,0.277287394
4/8/2014 11:05,0.233896993
4/8/2014 11:10,0
4/8/2014 11:15,0
4/8/2014 11:20,0
4/8/2014 11:25,0
4/8/2014 11:30,0
4/8/2014 11:35,0
4/8/2014 11:40,0
4/8/2014 11:45,0
4/8/2014 11:50,0
4/8/2014 11:55,0
4/8/2014 12:00,0
4/8/2014 12:05,0
4/8/2014 12:10,0
4/8/2014 12:15,0
4/8/2014 12:20,0
4/8/2014 12:25,0
4/8/2014 12:30,0
4/8/2014 12:35,0
4/8/2014 12:40,0
4/8/2014 12:45,0
4/8/2014 12:50,0
4/8/2014 12:55,0
4/8/2014 13:00,0
4/8/2014 13:05,0
4/8/2014 13:10,0
4/8/2014 13:15,0
4/8/2014 13:20,0
4/8/2014 13:25,0
4/8/2014 13:30,0
4/8/2014 13:35,0
4/8/2014 13:40,0
4/8/2014 13:45,0
4/8/2014 13:50,0
4/8/2014 13:55,0
4/8/2014 14:00,0
4/8/2014 14:05,0
4/8/2014 14:10,0
4/8/2014 14:15,0
4/8/2014 14:20,0
4/8/2014 14:25,0
4/8/2014 14:30,0
4/8/2014 14:35,0
4/8/2014 14:40,0
4/8/2014 14:45,0
4/8/2014 14:50,0
4/8/2014 14:55,0
4/8/2014 15:00,0
4/8/2014 15:05,0
4/8/2014 15:10,0
4/8/2014 15:15,0
4/8/2014 15:20,0
4/8/2014 15:25,0
4/8/2014 15:30,0
4/8/2014 15:35,0
4/8/2014 15:40,0
4/8/2014 15:45,0
4/8/2014 15:50,0
4/8/2014 15:55,0
4/8/2014 16:00,0
4/8/2014 16:05,0
4/8/2014 16:10,0
4/8/2014 16:15,0
4/8/2014 16:20,0
4/8/2014 16:25,0
4/8/2014 16:30,0
4/8/2014 16:35,0
4/8/2014 16:40,0
4/8/2014 16:45,0
4/8/2014 16:50,0
4/8/2014 16:55,0
4/8/2014 17:00,0
4/8/2014 17:05,0
4/8/2014 17:10,0
4/8/2014 17:15,0
4/8/2014 17:20,0
4/8/2014 17:25,0
4/8/2014 17:30,0
4/8/2014 17:35,0
4/8/2014 17:40,0
4/8/2014 17:45,0
4/8/2014 17:50,0
4/8/2014 17:55,0
4/8/2014 18:00,0
4/8/2014 18:05,0.192779148
4/8/2014 18:10,0.193213392
4/8/2014 18:15,0
4/8/2014 18:20,0
4/8/2014 18:25,0
4/8/2014 18:30,0
4/8/2014 18:35,0
4/8/2014 18:40,0
4/8/2014 18:45,0
4/8/2014 18:50,0
4/8/2014 18:55,0
4/8/2014 19:00,0
4/8/2014 19:05,0
4/8/2014 19:10,0
4/8/2014 19:15,0
4/8/2014 19:20,0
4/8/2014 19:25,0.172058642
4/8/2014 19:30,0.176576332
4/8/2014 19:35,0
4/8/2014 19:40,0
4/8/2014 19:45,0
4/8/2014 19:50,0
4/8/2014 19:55,0
4/8/2014 20:00,0
4/8/2014 20:05,0
4/8/2014 20:10,0
4/8/2014 20:15,0
4/8/2014 20:20,0
4/8/2014 20:25,0
4/8/2014 20:30,0
4/8/2014 20:35,0
4/8/2014 20:40,0.477317919
4/8/2014 20:45,0.450335953
4/8/2014 20:50,0
4/8/2014 20:55,0
4/8/2014 21:00,0
4/8/2014 21:05,0
4/8/2014 21:10,0
4/8/2014 21:15,0
4/8/2014 21:20,0
4/8/2014 21:25,0
4/8/2014 21:30,0
4/8/2014 21:35,0
4/8/2014 21:40,0
4/8/2014 21:45,0
4/8/2014 21:50,0
4/8/2014 21:55,0
4/8/2014 22:00,0
4/8/2014 22:05,0
4/8/2014 22:10,0
4/8/2014 22:15,0
4/8/2014 22:20,0
4/8/2014 22:25,0
4/8/2014 22:30,0.109148296
4/8/2014 22:35,0.151387584
4/8/2014 22:40,0
4/8/2014 22:45,2.708691966
4/8/2014 22:50,2.373535591
4/8/2014 22:55,0
4/8/2014 23:00,0
4/8/2014 23:05,0
4/8/2014 23:10,0
4/8/2014 23:15,0
4/8/2014 23:20,0
4/8/2014 23:25,0
4/8/2014 23:30,0
4/8/2014 23:35,0
4/8/2014 23:40,0
4/8/2014 23:45,0
4/8/2014 23:50,0
4/8/2014 23:55,0
4/9/2014 0:00,0
4/9/2014 0:05,0
4/9/2014 0:10,0
4/9/2014 0:15,0
4/9/2014 0:20,0
4/9/2014 0:25,0
4/9/2014 0:30,0
4/9/2014 0:35,0
4/9/2014 0:40,0
4/9/2014 0:45,0
4/9/2014 0:50,0
4/9/2014 0:55,0
4/9/2014 1:00,0
4/9/2014 1:05,0
4/9/2014 1:10,0
4/9/2014 1:15,0
4/9/2014 1:20,0
4/9/2014 1:25,0
4/9/2014 1:30,0
4/9/2014 1:35,0
4/9/2014 1:40,0
4/9/2014 1:45,0
4/9/2014 1:50,0
4/9/2014 1:55,0
4/9/2014 2:00,0
4/9/2014 2:05,0
4/9/2014 2:10,0
4/9/2014 2:15,0
4/9/2014 2:20,0
4/9/2014 2:25,0
4/9/2014 2:30,0
4/9/2014 2:35,0.178239581
4/9/2014 2:40,0.15307506
4/9/2014 2:45,0
4/9/2014 2:50,0
4/9/2014 2:55,0
4/9/2014 3:00,0
4/9/2014 3:05,0
4/9/2014 3:10,0
4/9/2014 3:15,0
4/9/2014 3:20,0
4/9/2014 3:25,0
4/9/2014 3:30,0
4/9/2014 3:35,0
4/9/2014 3:40,0
4/9/2014 3:45,0
4/9/2014 3:50,0
4/9/2014 3:55,0
4/9/2014 4:00,0
4/9/2014 4:05,0
4/9/2014 4:10,0
4/9/2014 4:15,0
4/9/2014 4:20,0
4/9/2014 4:25,0
4/9/2014 4:30,0
4/9/2014 4:35,0
4/9/2014 4:40,0
4/9/2014 4:45,0
4/9/2014 4:50,0
4/9/2014 4:55,0
4/9/2014 5:00,0
4/9/2014 5:05,0
4/9/2014 5:10,0
4/9/2014 5:15,0
4/9/2014 5:20,0
4/9/2014 5:25,0
4/9/2014 5:30,0
4/9/2014 5:35,2.747119204
4/9/2014 5:40,1.864542576
4/9/2014 5:45,0
4/9/2014 5:50,0
4/9/2014 5:55,0
4/9/2014 6:00,0
4/9/2014 6:05,0
4/9/2014 6:10,0
4/9/2014 6:15,0
4/9/2014 6:20,0
4/9/2014 6:25,0
4/9/2014 6:30,0
4/9/2014 6:35,0
4/9/2014 6:40,0
4/9/2014 6:45,0
4/9/2014 6:50,0
4/9/2014 6:55,0
4/9/2014 7:00,0
4/9/2014 7:05,0
4/9/2014 7:10,0
4/9/2014 7:15,0
4/9/2014 7:20,0
4/9/2014 7:25,0
4/9/2014 7:30,0
4/9/2014 7:35,0
4/9/2014 7:40,0
4/9/2014 7:45,0
4/9/2014 7:50,0
4/9/2014 7:55,0
4/9/2014 8:00,0
4/9/2014 8:05,0
4/9/2014 8:10,0
4/9/2014 8:15,0
4/9/2014 8:20,0
4/9/2014 8:25,0
4/9/2014 8:30,0
4/9/2014 8:35,0
4/9/2014 8:40,0
4/9/2014 8:45,0.28745053
4/9/2014 8:50,0.274921716
4/9/2014 8:55,0
4/9/2014 9:00,0
4/9/2014 9:05,0
4/9/2014 9:10,0
4/9/2014 9:15,0
4/9/2014 9:20,0
4/9/2014 9:25,0
4/9/2014 9:30,0
4/9/2014 9:35,0
4/9/2014 9:40,0
4/9/2014 9:45,0
4/9/2014 9:50,0
4/9/2014 9:55,0
4/9/2014 10:00,0
4/9/2014 10:05,0
4/9/2014 10:10,0
4/9/2014 10:15,0
4/9/2014 10:20,0
4/9/2014 10:25,0.29385856
4/9/2014 10:30,0.205389829
4/9/2014 10:35,0
4/9/2014 10:40,0
4/9/2014 10:45,0
4/9/2014 10:50,0
4/9/2014 10:55,0
4/9/2014 11:00,0
4/9/2014 11:05,0
4/9/2014 11:10,0
4/9/2014 11:15,0
4/9/2014 11:20,0
4/9/2014 11:25,0
4/9/2014 11:30,1.825526146
4/9/2014 11:35,2.528491242
4/9/2014 11:40,0
4/9/2014 11:45,0
4/9/2014 11:50,0
4/9/2014 11:55,0
4/9/2014 12:00,0
4/9/2014 12:05,0
4/9/2014 12:10,0
4/9/2014 12:15,0
4/9/2014 12:20,0
4/9/2014 12:25,0
4/9/2014 12:30,0
4/9/2014 12:35,0
4/9/2014 12:40,0
4/9/2014 12:45,0
4/9/2014 12:50,0
4/9/2014 12:55,0
4/9/2014 13:00,0
4/9/2014 13:05,0
4/9/2014 13:10,0
4/9/2014 13:15,0
4/9/2014 13:20,0
4/9/2014 13:25,0
4/9/2014 13:30,0
4/9/2014 13:35,0
4/9/2014 13:40,0
4/9/2014 13:45,0
4/9/2014 13:50,0
4/9/2014 13:55,0
4/9/2014 14:00,0.158983439
4/9/2014 14:05,0.120061637
4/9/2014 14:10,0
4/9/2014 14:15,0
4/9/2014 14:20,0
4/9/2014 14:25,0
4/9/2014 14:30,0
4/9/2014 14:35,0
4/9/2014 14:40,0
4/9/2014 14:45,0
4/9/2014 14:50,0
4/9/2014 14:55,0
4/9/2014 15:00,0
4/9/2014 15:05,0.201217984
4/9/2014 15:10,0.72604954
4/9/2014 15:15,0.416123952
4/9/2014 15:20,0
4/9/2014 15:25,0
4/9/2014 15:30,0
4/9/2014 15:35,0
4/9/2014 15:40,0
4/9/2014 15:45,0.228935241
4/9/2014 15:50,0.225350102
4/9/2014 15:55,0
4/9/2014 16:00,0
4/9/2014 16:05,0
4/9/2014 16:10,0
4/9/2014 16:15,0
4/9/2014 16:20,0
4/9/2014 16:25,0
4/9/2014 16:30,0
4/9/2014 16:35,0
4/9/2014 16:40,0
4/9/2014 16:45,0
4/9/2014 16:50,0
4/9/2014 16:55,0
4/9/2014 17:00,0
4/9/2014 17:05,0
4/9/2014 17:10,0
4/9/2014 17:15,0
4/9/2014 17:20,0
4/9/2014 17:25,0
4/9/2014 17:30,0
4/9/2014 17:35,0
4/9/2014 17:40,0
4/9/2014 17:45,2.165107674
4/9/2014 17:50,1.14201356
4/9/2014 17:55,0
4/9/2014 18:00,0
4/9/2014 18:05,0
4/9/2014 18:10,0
4/9/2014 18:15,0
4/9/2014 18:20,0
4/9/2014 18:25,0
4/9/2014 18:30,0
4/9/2014 18:35,0
4/9/2014 18:40,0
4/9/2014 18:45,0
4/9/2014 18:50,0
4/9/2014 18:55,0
4/9/2014 19:00,0
4/9/2014 19:05,0
4/9/2014 19:10,0
4/9/2014 19:15,0
4/9/2014 19:20,0
4/9/2014 19:25,0
4/9/2014 19:30,0
4/9/2014 19:35,0
4/9/2014 19:40,0
4/9/2014 19:45,0
4/9/2014 19:50,0
4/9/2014 19:55,0
4/9/2014 20:00,0
4/9/2014 20:05,0
4/9/2014 20:10,0
4/9/2014 20:15,0
4/9/2014 20:20,0
4/9/2014 20:25,0
4/9/2014 20:30,0
4/9/2014 20:35,0
4/9/2014 20:40,0
4/9/2014 20:45,0
4/9/2014 20:50,0
4/9/2014 20:55,0
4/9/2014 21:00,0
4/9/2014 21:05,0
4/9/2014 21:10,0.128733033
4/9/2014 21:15,0.116189561
4/9/2014 21:20,0
4/9/2014 21:25,0
4/9/2014 21:30,0
4/9/2014 21:35,0
4/9/2014 21:40,0
4/9/2014 21:45,0
4/9/2014 21:50,0
4/9/2014 21:55,0
4/9/2014 22:00,0
4/9/2014 22:05,0
4/9/2014 22:10,0
4/9/2014 22:15,0
4/9/2014 22:20,0
4/9/2014 22:25,0
4/9/2014 22:30,0
4/9/2014 22:35,0
4/9/2014 22:40,0
4/9/2014 22:45,0
4/9/2014 22:50,0
4/9/2014 22:55,0.233088709
4/9/2014 23:00,0.226979606
4/9/2014 23:05,0
4/9/2014 23:10,0
4/9/2014 23:15,0
4/9/2014 23:20,0
4/9/2014 23:25,0
4/9/2014 23:30,0
4/9/2014 23:35,0
4/9/2014 23:40,0
4/9/2014 23:45,0
4/9/2014 23:50,0
4/9/2014 23:55,0
4/10/2014 0:00,0
4/10/2014 0:05,0
4/10/2014 0:10,0
4/10/2014 0:15,0
4/10/2014 0:20,0
4/10/2014 0:25,0
4/10/2014 0:30,0
4/10/2014 0:35,0
4/10/2014 0:40,0
4/10/2014 0:45,0
4/10/2014 0:50,0
4/10/2014 0:55,0
4/10/2014 1:00,0
4/10/2014 1:05,0
4/10/2014 1:10,0
4/10/2014 1:15,0
4/10/2014 1:20,0
4/10/2014 1:25,0
4/10/2014 1:30,0
4/10/2014 1:35,0
4/10/2014 1:40,0
4/10/2014 1:45,0
4/10/2014 1:50,0
4/10/2014 1:55,0
4/10/2014 2:00,0
4/10/2014 2:05,0
4/10/2014 2:10,0
4/10/2014 2:15,0
4/10/2014 2:20,0
4/10/2014 2:25,0
4/10/2014 2:30,0
4/10/2014 2:35,0
4/10/2014 2:40,0
4/10/2014 2:45,0
4/10/2014 2:50,0
4/10/2014 2:55,0
4/10/2014 3:00,0
4/10/2014 3:05,0
4/10/2014 3:10,0
4/10/2014 3:15,0
4/10/2014 3:20,0
4/10/2014 3:25,0
4/10/2014 3:30,0
4/10/2014 3:35,0
4/10/2014 3:40,0
4/10/2014 3:45,0
4/10/2014 3:50,0
4/10/2014 3:55,0
4/10/2014 4:00,0
4/10/2014 4:05,0
4/10/2014 4:10,0
4/10/2014 4:15,0
4/10/2014 4:20,0
4/10/2014 4:25,0.17056198
4/10/2014 4:30,0.157734173
4/10/2014 4:35,0
4/10/2014 4:40,0
4/10/2014 4:45,0
4/10/2014 4:50,0
4/10/2014 4:55,0
4/10/2014 5:00,0
4/10/2014 5:05,0
4/10/2014 5:10,0
4/10/2014 5:15,0
4/10/2014 5:20,0
4/10/2014 5:25,0
4/10/2014 5:30,0
4/10/2014 5:35,0
4/10/2014 5:40,0
4/10/2014 5:45,0
4/10/2014 5:50,0
4/10/2014 5:55,0
4/10/2014 6:00,1.117592033
4/10/2014 6:05,2.823095711
4/10/2014 6:10,0.40909763
4/10/2014 6:15,0
4/10/2014 6:20,0
4/10/2014 6:25,0
4/10/2014 6:30,0
4/10/2014 6:35,0
4/10/2014 6:40,0
4/10/2014 6:45,0
4/10/2014 6:50,0
4/10/2014 6:55,0
4/10/2014 7:00,0
4/10/2014 7:05,0
4/10/2014 7:10,0
4/10/2014 7:15,0
4/10/2014 7:20,0
4/10/2014 7:25,0
4/10/2014 7:30,0
4/10/2014 7:35,0
4/10/2014 7:40,0
4/10/2014 7:45,0
4/10/2014 7:50,0
4/10/2014 7:55,0
4/10/2014 8:00,0
4/10/2014 8:05,0
4/10/2014 8:10,0
4/10/2014 8:15,1.657690576
4/10/2014 8:20,2.306977864
4/10/2014 8:25,0
4/10/2014 8:30,0
4/10/2014 8:35,0
4/10/2014 8:40,0
4/10/2014 8:45,0
4/10/2014 8:50,0
4/10/2014 8:55,0
4/10/2014 9:00,0
4/10/2014 9:05,0
4/10/2014 9:10,0
4/10/2014 9:15,0
4/10/2014 9:20,0
4/10/2014 9:25,0
4/10/2014 9:30,0
4/10/2014 9:35,0
4/10/2014 9:40,0
4/10/2014 9:45,0
4/10/2014 9:50,0
4/10/2014 9:55,0
4/10/2014 10:00,0.188973534
4/10/2014 10:05,0.170030635
4/10/2014 10:10,0
4/10/2014 10:15,0
4/10/2014 10:20,0
4/10/2014 10:25,0
4/10/2014 10:30,0
4/10/2014 10:35,0.229229017
4/10/2014 10:40,0.26557773
4/10/2014 10:45,0
4/10/2014 10:50,0
4/10/2014 10:55,0
4/10/2014 11:00,0
4/10/2014 11:05,0
4/10/2014 11:10,0
4/10/2014 11:15,0
4/10/2014 11:20,0
4/10/2014 11:25,0
4/10/2014 11:30,0
4/10/2014 11:35,0
4/10/2014 11:40,0
4/10/2014 11:45,0
4/10/2014 11:50,0
4/10/2014 11:55,0
4/10/2014 12:00,0
4/10/2014 12:05,0
4/10/2014 12:10,0
4/10/2014 12:15,0
4/10/2014 12:20,0
4/10/2014 12:25,0
4/10/2014 12:30,0
4/10/2014 12:35,0
4/10/2014 12:40,0
4/10/2014 12:45,0
4/10/2014 12:50,0
4/10/2014 12:55,0
4/10/2014 13:00,0
4/10/2014 13:05,0
4/10/2014 13:10,0
4/10/2014 13:15,0
4/10/2014 13:20,0
4/10/2014 13:25,0
4/10/2014 13:30,0
4/10/2014 13:35,0
4/10/2014 13:40,0
4/10/2014 13:45,0
4/10/2014 13:50,0
4/10/2014 13:55,0
4/10/2014 14:00,0
4/10/2014 14:05,0
4/10/2014 14:10,0
4/10/2014 14:15,0
4/10/2014 14:20,0
4/10/2014 14:25,0
4/10/2014 14:30,0
4/10/2014 14:35,0.120169996
4/10/2014 14:40,0.142974538
4/10/2014 14:45,0
4/10/2014 14:50,0
4/10/2014 14:55,0
4/10/2014 15:00,0
4/10/2014 15:05,0
4/10/2014 15:10,0
4/10/2014 15:15,0
4/10/2014 15:20,0
4/10/2014 15:25,0
4/10/2014 15:30,0
4/10/2014 15:35,0
4/10/2014 15:40,0
4/10/2014 15:45,0
4/10/2014 15:50,0
4/10/2014 15:55,0
4/10/2014 16:00,0
4/10/2014 16:05,0
4/10/2014 16:10,0
4/10/2014 16:15,0
4/10/2014 16:20,0
4/10/2014 16:25,0
4/10/2014 16:30,0
4/10/2014 16:35,0
4/10/2014 16:40,0
4/10/2014 16:45,0
4/10/2014 16:50,0
4/10/2014 16:55,0
4/10/2014 17:00,0
4/10/2014 17:05,0
4/10/2014 17:10,0
4/10/2014 17:15,0
4/10/2014 17:20,0
4/10/2014 17:25,0
4/10/2014 17:30,0
4/10/2014 17:35,0
4/10/2014 17:40,0
4/10/2014 17:45,0
4/10/2014 17:50,0
4/10/2014 17:55,0
4/10/2014 18:00,0
4/10/2014 18:05,0
4/10/2014 18:10,0
4/10/2014 18:15,0
4/10/2014 18:20,0
4/10/2014 18:25,0
4/10/2014 18:30,0
4/10/2014 18:35,0
4/10/2014 18:40,0
4/10/2014 18:45,0
4/10/2014 18:50,0
4/10/2014 18:55,0
4/10/2014 19:00,0
4/10/2014 19:05,0
4/10/2014 19:10,0
4/10/2014 19:15,0
4/10/2014 19:20,0
4/10/2014 19:25,0
4/10/2014 19:30,0
4/10/2014 19:35,0
4/10/2014 19:40,0
4/10/2014 19:45,0
4/10/2014 19:50,0
4/10/2014 19:55,0
4/10/2014 20:00,0
4/10/2014 20:05,0
4/10/2014 20:10,0
4/10/2014 20:15,0
4/10/2014 20:20,0
4/10/2014 20:25,0
4/10/2014 20:30,0
4/10/2014 20:35,0
4/10/2014 20:40,0
4/10/2014 20:45,0
4/10/2014 20:50,0
4/10/2014 20:55,0
4/10/2014 21:00,0
4/10/2014 21:05,0
4/10/2014 21:10,0
4/10/2014 21:15,0
4/10/2014 21:20,0
4/10/2014 21:25,1.559188741
4/10/2014 21:30,2.405649483
4/10/2014 21:35,0.220948622
4/10/2014 21:40,0
4/10/2014 21:45,2.54430501
4/10/2014 21:50,2.856017484
4/10/2014 21:55,0
4/10/2014 22:00,0
4/10/2014 22:05,0
4/10/2014 22:10,0
4/10/2014 22:15,0
4/10/2014 22:20,0
4/10/2014 22:25,0
4/10/2014 22:30,0
4/10/2014 22:35,0
4/10/2014 22:40,0
4/10/2014 22:45,0
4/10/2014 22:50,0
4/10/2014 22:55,0
4/10/2014 23:00,0.149404287
4/10/2014 23:05,0.105521763
4/10/2014 23:10,0
4/10/2014 23:15,0
4/10/2014 23:20,0
4/10/2014 23:25,0
4/10/2014 23:30,0
4/10/2014 23:35,0
4/10/2014 23:40,0
4/10/2014 23:45,0
4/10/2014 23:50,0
4/10/2014 23:55,0
4/11/2014 0:00,2.763975181
4/11/2014 0:05,1.742348241
4/11/2014 0:10,1.150709793
4/11/2014 0:15,2.916697167
4/11/2014 0:20,1.870023855
4/11/2014 0:25,0
4/11/2014 0:30,0
4/11/2014 0:35,0
4/11/2014 0:40,0
4/11/2014 0:45,0
4/11/2014 0:50,0
4/11/2014 0:55,0
4/11/2014 1:00,0
4/11/2014 1:05,0.114182883
4/11/2014 1:10,0.100374509
4/11/2014 1:15,0
4/11/2014 1:20,0
4/11/2014 1:25,0
4/11/2014 1:30,0
4/11/2014 1:35,0
4/11/2014 1:40,0
4/11/2014 1:45,0
4/11/2014 1:50,0
4/11/2014 1:55,0
4/11/2014 2:00,0
4/11/2014 2:05,0
4/11/2014 2:10,2.246515019
4/11/2014 2:15,2.332610646
4/11/2014 2:20,2.093027417
4/11/2014 2:25,1.410515059
4/11/2014 2:30,2.5102861
4/11/2014 2:35,0
4/11/2014 2:40,0
4/11/2014 2:45,0
4/11/2014 2:50,2.607503949
4/11/2014 2:55,2.105951172
4/11/2014 3:00,1.977122321
4/11/2014 3:05,1.227876366
4/11/2014 3:10,1.167903323
4/11/2014 3:15,1.679129691
4/11/2014 3:20,1.621692311
4/11/2014 3:25,2.907312902
4/11/2014 3:30,2.567245485
4/11/2014 3:35,2.319848591
4/11/2014 3:40,0
4/11/2014 3:45,0
4/11/2014 3:50,0
4/11/2014 3:55,0
4/11/2014 4:00,0
4/11/2014 4:05,0.153215749
4/11/2014 4:10,0.11071567
4/11/2014 4:15,0
4/11/2014 4:20,0
4/11/2014 4:25,0
4/11/2014 4:30,0
4/11/2014 4:35,2.035296178
4/11/2014 4:40,1.334735062
4/11/2014 4:45,2.956913344
4/11/2014 4:50,1.750081397
4/11/2014 4:55,1.213851205
4/11/2014 5:00,0
4/11/2014 5:05,1.987597791
4/11/2014 5:10,2.747996023
4/11/2014 5:15,2.774582004
4/11/2014 5:20,1.021931832
4/11/2014 5:25,2.77259149
4/11/2014 5:30,0
4/11/2014 5:35,0
4/11/2014 5:40,0
4/11/2014 5:45,0
4/11/2014 5:50,0
4/11/2014 5:55,0
4/11/2014 6:00,0
4/11/2014 6:05,0
4/11/2014 6:10,0
4/11/2014 6:15,0
4/11/2014 6:20,0
4/11/2014 6:25,0
4/11/2014 6:30,0
4/11/2014 6:35,0
4/11/2014 6:40,0.139172776
4/11/2014 6:45,0.158927176
4/11/2014 6:50,0
4/11/2014 6:55,0
4/11/2014 7:00,0
4/11/2014 7:05,0
4/11/2014 7:10,0
4/11/2014 7:15,0
4/11/2014 7:20,0
4/11/2014 7:25,0
4/11/2014 7:30,0
4/11/2014 7:35,0
4/11/2014 7:40,0
4/11/2014 7:45,0
4/11/2014 7:50,0
4/11/2014 7:55,0
4/11/2014 8:00,0
4/11/2014 8:05,1.542968435
4/11/2014 8:10,1.205513318
4/11/2014 8:15,2.81310297
4/11/2014 8:20,2.727733512
4/11/2014 8:25,2.19246216
4/11/2014 8:30,0
4/11/2014 8:35,0
4/11/2014 8:40,0
4/11/2014 8:45,0
4/11/2014 8:50,0
4/11/2014 8:55,0
4/11/2014 9:00,0
4/11/2014 9:05,0.177472162
4/11/2014 9:10,2.719295635
4/11/2014 9:15,3.224814931
4/11/2014 9:20,2.780758137
4/11/2014 9:25,2.981354215
4/11/2014 9:30,2.105494895
4/11/2014 9:35,0
4/11/2014 9:40,0
4/11/2014 9:45,0
4/11/2014 9:50,0
4/11/2014 9:55,0
4/11/2014 10:00,0
4/11/2014 10:05,0
4/11/2014 10:10,0
4/11/2014 10:15,0
4/11/2014 10:20,0
4/11/2014 10:25,0
4/11/2014 10:30,0
4/11/2014 10:35,0
4/11/2014 10:40,0
4/11/2014 10:45,0
4/11/2014 10:50,0
4/11/2014 10:55,0
4/11/2014 11:00,0
4/11/2014 11:05,0
4/11/2014 11:10,2.935294186
4/11/2014 11:15,1.775132677
4/11/2014 11:20,2.22614462
4/11/2014 11:25,1.426923032
4/11/2014 11:30,1.852779789
4/11/2014 11:35,2.878961775
4/11/2014 11:40,1.857127676
4/11/2014 11:45,1.716735265
4/11/2014 11:50,0
4/11/2014 11:55,0
4/11/2014 12:00,0
4/11/2014 12:05,0
4/11/2014 12:10,0
4/11/2014 12:15,0
4/11/2014 12:20,0
4/11/2014 12:25,0
4/11/2014 12:30,2.077074562
4/11/2014 12:35,2.142683955
4/11/2014 12:40,2.263982688
4/11/2014 12:45,3.052704389
4/11/2014 12:50,2.368688874
4/11/2014 12:55,0
4/11/2014 13:00,0
4/11/2014 13:05,0
4/11/2014 13:10,0
4/11/2014 13:15,0
4/11/2014 13:20,0
4/11/2014 13:25,0
4/11/2014 13:30,0
4/11/2014 13:35,0
4/11/2014 13:40,0
4/11/2014 13:45,0
4/11/2014 13:50,0
4/11/2014 13:55,0
4/11/2014 14:00,0.343298114
4/11/2014 14:05,0.35271459
4/11/2014 14:10,0
4/11/2014 14:15,0
4/11/2014 14:20,0
4/11/2014 14:25,0
4/11/2014 14:30,0
4/11/2014 14:35,0
4/11/2014 14:40,0.197763234
4/11/2014 14:45,0.100464448
4/11/2014 14:50,0
4/11/2014 14:55,2.63496187
4/11/2014 15:00,2.067441323
4/11/2014 15:05,1.676961021
4/11/2014 15:10,2.315901656
4/11/2014 15:15,2.43544451
4/11/2014 15:20,0
4/11/2014 15:25,0
4/11/2014 15:30,0
4/11/2014 15:35,0
4/11/2014 15:40,0
4/11/2014 15:45,2.116097951
4/11/2014 15:50,1.113229946
4/11/2014 15:55,1.33976575
4/11/2014 16:00,1.570595442
4/11/2014 16:05,1.565251212
4/11/2014 16:10,0
4/11/2014 16:15,0
4/11/2014 16:20,0
4/11/2014 16:25,0
4/11/2014 16:30,0
4/11/2014 16:35,2.346841601
4/11/2014 16:40,1.036697323
4/11/2014 16:45,2.853069062
4/11/2014 16:50,1.983697636
4/11/2014 16:55,1.620043692
4/11/2014 17:00,0
4/11/2014 17:05,2.055819656
4/11/2014 17:10,1.431851202
4/11/2014 17:15,2.698844539
4/11/2014 17:20,2.231687789
4/11/2014 17:25,1.584659032
4/11/2014 17:30,2.084265469
4/11/2014 17:35,2.65442252
4/11/2014 17:40,0
4/11/2014 17:45,0
4/11/2014 17:50,0
4/11/2014 17:55,0
4/11/2014 18:00,0
4/11/2014 18:05,0
4/11/2014 18:10,0
4/11/2014 18:15,0
4/11/2014 18:20,0
4/11/2014 18:25,0.187366866
4/11/2014 18:30,0.130732518
4/11/2014 18:35,0.193858886
4/11/2014 18:40,0.131694529
4/11/2014 18:45,0
4/11/2014 18:50,0
4/11/2014 18:55,0
4/11/2014 19:00,0
4/11/2014 19:05,2.946521487
4/11/2014 19:10,2.786277437
4/11/2014 19:15,1.684865617
4/11/2014 19:20,2.996395759
4/11/2014 19:25,1.007009327
4/11/2014 19:30,0
4/11/2014 19:35,0
4/11/2014 19:40,1.055259512
4/11/2014 19:45,2.946520018
4/11/2014 19:50,1.645905581
4/11/2014 19:55,1.121538537
4/11/2014 20:00,1.474296147
4/11/2014 20:05,0
4/11/2014 20:10,0
4/11/2014 20:15,0
4/11/2014 20:20,0
4/11/2014 20:25,0
4/11/2014 20:30,0
4/11/2014 20:35,0
4/11/2014 20:40,1.852200308
4/11/2014 20:45,2.461132541
4/11/2014 20:50,2.248671053
4/11/2014 20:55,1.475242435
4/11/2014 21:00,2.006540896
4/11/2014 21:05,0
4/11/2014 21:10,0
4/11/2014 21:15,0
4/11/2014 21:20,0.165430632
4/11/2014 21:25,0.108003257
4/11/2014 21:30,2.852428211
4/11/2014 21:35,2.630015554
4/11/2014 21:40,1.64637957
4/11/2014 21:45,2.964529123
4/11/2014 21:50,2.417240801
4/11/2014 21:55,0
4/11/2014 22:00,0
4/11/2014 22:05,0
4/11/2014 22:10,0
4/11/2014 22:15,0
4/11/2014 22:20,0
4/11/2014 22:25,0
4/11/2014 22:30,0
4/11/2014 22:35,0
4/11/2014 22:40,0
4/11/2014 22:45,1.124898711
4/11/2014 22:50,1.070321427
4/11/2014 22:55,1.336815898
4/11/2014 23:00,2.455711736
4/11/2014 23:05,1.367477852
4/11/2014 23:10,0
4/11/2014 23:15,0
4/11/2014 23:20,0
4/11/2014 23:25,0
4/11/2014 23:30,0
4/11/2014 23:35,0
4/11/2014 23:40,0
4/11/2014 23:45,0
4/11/2014 23:50,0
4/11/2014 23:55,0
4/12/2014 0:00,0
4/12/2014 0:05,0
4/12/2014 0:10,0
4/12/2014 0:15,0
4/12/2014 0:20,0
4/12/2014 0:25,0
4/12/2014 0:30,0
4/12/2014 0:35,0
4/12/2014 0:40,0
4/12/2014 0:45,0
4/12/2014 0:50,0
4/12/2014 0:55,0
4/12/2014 1:00,0
4/12/2014 1:05,0
4/12/2014 1:10,0
4/12/2014 1:15,0
4/12/2014 1:20,0
4/12/2014 1:25,0
4/12/2014 1:30,0
4/12/2014 1:35,0
4/12/2014 1:40,0
4/12/2014 1:45,0
4/12/2014 1:50,0
4/12/2014 1:55,0
4/12/2014 2:00,0
4/12/2014 2:05,0.173865265
4/12/2014 2:10,0.195878664
4/12/2014 2:15,0
4/12/2014 2:20,0
4/12/2014 2:25,0
4/12/2014 2:30,0
4/12/2014 2:35,0
4/12/2014 2:40,0
4/12/2014 2:45,0
4/12/2014 2:50,0
4/12/2014 2:55,0
4/12/2014 3:00,0
4/12/2014 3:05,0
4/12/2014 3:10,0
4/12/2014 3:15,0
4/12/2014 3:20,0
4/12/2014 3:25,0
4/12/2014 3:30,0
4/12/2014 3:35,0
4/12/2014 3:40,0
4/12/2014 3:45,0
4/12/2014 3:50,0
4/12/2014 3:55,0
4/12/2014 4:00,0
4/12/2014 4:05,0
4/12/2014 4:10,0
4/12/2014 4:15,0
4/12/2014 4:20,0
4/12/2014 4:25,0
4/12/2014 4:30,0
4/12/2014 4:35,0
4/12/2014 4:40,0.381653355
4/12/2014 4:45,0.361936113
4/12/2014 4:50,0
4/12/2014 4:55,0
4/12/2014 5:00,0
4/12/2014 5:05,0
4/12/2014 5:10,0
4/12/2014 5:15,0
4/12/2014 5:20,0
4/12/2014 5:25,0
4/12/2014 5:30,0
4/12/2014 5:35,0.186227173
4/12/2014 5:40,0.116789269
4/12/2014 5:45,0
4/12/2014 5:50,0
4/12/2014 5:55,0.132682031
4/12/2014 6:00,0.117245184
4/12/2014 6:05,0
4/12/2014 6:10,0
4/12/2014 6:15,0
4/12/2014 6:20,0.245588259
4/12/2014 6:25,0.295325486
4/12/2014 6:30,0
4/12/2014 6:35,0
4/12/2014 6:40,0
4/12/2014 6:45,2.664978949
4/12/2014 6:50,2.761164886
4/12/2014 6:55,0
4/12/2014 7:00,0
4/12/2014 7:05,0
4/12/2014 7:10,0
4/12/2014 7:15,0
4/12/2014 7:20,0
4/12/2014 7:25,0
4/12/2014 7:30,0
4/12/2014 7:35,0
4/12/2014 7:40,0
4/12/2014 7:45,0
4/12/2014 7:50,0
4/12/2014 7:55,0
4/12/2014 8:00,0
4/12/2014 8:05,0
4/12/2014 8:10,0
4/12/2014 8:15,0
4/12/2014 8:20,0
4/12/2014 8:25,0
4/12/2014 8:30,0
4/12/2014 8:35,0
4/12/2014 8:40,0
4/12/2014 8:45,0
4/12/2014 8:50,0
4/12/2014 8:55,0
4/12/2014 9:00,0
4/12/2014 9:05,0
4/12/2014 9:10,0
4/12/2014 9:15,0
4/12/2014 9:20,0
4/12/2014 9:25,0
4/12/2014 9:30,0.160130836
4/12/2014 9:35,0.171218798
4/12/2014 9:40,0
4/12/2014 9:45,0
4/12/2014 9:50,0
4/12/2014 9:55,0
4/12/2014 10:00,0
4/12/2014 10:05,0
4/12/2014 10:10,0
4/12/2014 10:15,0
4/12/2014 10:20,0
4/12/2014 10:25,0
4/12/2014 10:30,0
4/12/2014 10:35,0
4/12/2014 10:40,0
4/12/2014 10:45,0
4/12/2014 10:50,0
4/12/2014 10:55,0
4/12/2014 11:00,0
4/12/2014 11:05,0
4/12/2014 11:10,0
4/12/2014 11:15,0
4/12/2014 11:20,0
4/12/2014 11:25,0
4/12/2014 11:30,0
4/12/2014 11:35,0
4/12/2014 11:40,0
4/12/2014 11:45,0
4/12/2014 11:50,0
4/12/2014 11:55,0
4/12/2014 12:00,0
4/12/2014 12:05,0
4/12/2014 12:10,0
4/12/2014 12:15,0
4/12/2014 12:20,0
4/12/2014 12:25,0
4/12/2014 12:30,0
4/12/2014 12:35,0
4/12/2014 12:40,0
4/12/2014 12:45,0.359423432
4/12/2014 12:50,0.492867893
4/12/2014 12:55,0.153950657
4/12/2014 13:00,0
4/12/2014 13:05,0
4/12/2014 13:10,0
4/12/2014 13:15,0
4/12/2014 13:20,0
4/12/2014 13:25,0
4/12/2014 13:30,0
4/12/2014 13:35,0
4/12/2014 13:40,0
4/12/2014 13:45,0
4/12/2014 13:50,0
4/12/2014 13:55,0
4/12/2014 14:00,0
4/12/2014 14:05,0
4/12/2014 14:10,0
4/12/2014 14:15,0
4/12/2014 14:20,0
4/12/2014 14:25,0.476960616
4/12/2014 14:30,0.444759046
4/12/2014 14:35,0
4/12/2014 14:40,0
4/12/2014 14:45,0.285045292
4/12/2014 14:50,0.214523287
4/12/2014 14:55,0
4/12/2014 15:00,0
4/12/2014 15:05,0
4/12/2014 15:10,0
4/12/2014 15:15,0
4/12/2014 15:20,0
4/12/2014 15:25,0
4/12/2014 15:30,0
4/12/2014 15:35,0
4/12/2014 15:40,0
4/12/2014 15:45,0
4/12/2014 15:50,0
4/12/2014 15:55,0
4/12/2014 16:00,0
4/12/2014 16:05,0
4/12/2014 16:10,0
4/12/2014 16:15,0
4/12/2014 16:20,0
4/12/2014 16:25,0
4/12/2014 16:30,0
4/12/2014 16:35,0
4/12/2014 16:40,0
4/12/2014 16:45,0
4/12/2014 16:50,0
4/12/2014 16:55,0
4/12/2014 17:00,0.202978079
4/12/2014 17:05,0.293352431
4/12/2014 17:10,0
4/12/2014 17:15,0.433944602
4/12/2014 17:20,0.45974983
4/12/2014 17:25,0
4/12/2014 17:30,0
4/12/2014 17:35,0
4/12/2014 17:40,0
4/12/2014 17:45,0
4/12/2014 17:50,0
4/12/2014 17:55,0.169092057
4/12/2014 18:00,0.142133982
4/12/2014 18:05,0
4/12/2014 18:10,0
4/12/2014 18:15,0
4/12/2014 18:20,0
4/12/2014 18:25,0
4/12/2014 18:30,0
4/12/2014 18:35,0
4/12/2014 18:40,0
4/12/2014 18:45,0
4/12/2014 18:50,0
4/12/2014 18:55,0
4/12/2014 19:00,0
4/12/2014 19:05,0
4/12/2014 19:10,0
4/12/2014 19:15,0
4/12/2014 19:20,0
4/12/2014 19:25,0
4/12/2014 19:30,0
4/12/2014 19:35,0
4/12/2014 19:40,0
4/12/2014 19:45,0
4/12/2014 19:50,0
4/12/2014 19:55,0
4/12/2014 20:00,0.185401553
4/12/2014 20:05,0.177154994
4/12/2014 20:10,0
4/12/2014 20:15,0
4/12/2014 20:20,0
4/12/2014 20:25,0
4/12/2014 20:30,0
4/12/2014 20:35,0
4/12/2014 20:40,0
4/12/2014 20:45,0
4/12/2014 20:50,0
4/12/2014 20:55,0
4/12/2014 21:00,0
4/12/2014 21:05,0
4/12/2014 21:10,0
4/12/2014 21:15,0
4/12/2014 21:20,0
4/12/2014 21:25,0
4/12/2014 21:30,0
4/12/2014 21:35,0
4/12/2014 21:40,0.351422933
4/12/2014 21:45,0.423608562
4/12/2014 21:50,0
4/12/2014 21:55,0
4/12/2014 22:00,0
4/12/2014 22:05,0
4/12/2014 22:10,0
4/12/2014 22:15,0
4/12/2014 22:20,0
4/12/2014 22:25,0
4/12/2014 22:30,0
4/12/2014 22:35,0
4/12/2014 22:40,0
4/12/2014 22:45,0
4/12/2014 22:50,0
4/12/2014 22:55,0
4/12/2014 23:00,0
4/12/2014 23:05,0
4/12/2014 23:10,0
4/12/2014 23:15,0
4/12/2014 23:20,0
4/12/2014 23:25,0
4/12/2014 23:30,0
4/12/2014 23:35,0
4/12/2014 23:40,0
4/12/2014 23:45,0
4/12/2014 23:50,0
4/12/2014 23:55,0
4/13/2014 0:00,0
4/13/2014 0:05,0
4/13/2014 0:10,0
4/13/2014 0:15,0
4/13/2014 0:20,0
4/13/2014 0:25,0
4/13/2014 0:30,0
4/13/2014 0:35,0
4/13/2014 0:40,0
4/13/2014 0:45,0
4/13/2014 0:50,0
4/13/2014 0:55,0
4/13/2014 1:00,0.243372706
4/13/2014 1:05,0.24572998
4/13/2014 1:10,0
4/13/2014 1:15,0
4/13/2014 1:20,0
4/13/2014 1:25,0
4/13/2014 1:30,0
4/13/2014 1:35,0
4/13/2014 1:40,0
4/13/2014 1:45,0
4/13/2014 1:50,0
4/13/2014 1:55,0
4/13/2014 2:00,0
4/13/2014 2:05,0
4/13/2014 2:10,0
4/13/2014 2:15,0
4/13/2014 2:20,0
4/13/2014 2:25,0
4/13/2014 2:30,0
4/13/2014 2:35,0
4/13/2014 2:40,0
4/13/2014 2:45,0
4/13/2014 2:50,0
4/13/2014 2:55,0
4/13/2014 3:00,0
4/13/2014 3:05,0
4/13/2014 3:10,0
4/13/2014 3:15,0
4/13/2014 3:20,0
4/13/2014 3:25,0
4/13/2014 3:30,0
4/13/2014 3:35,0
4/13/2014 3:40,0
4/13/2014 3:45,0
4/13/2014 3:50,0
4/13/2014 3:55,0
4/13/2014 4:00,0
4/13/2014 4:05,0
4/13/2014 4:10,0
4/13/2014 4:15,0
4/13/2014 4:20,0
4/13/2014 4:25,0
4/13/2014 4:30,0
4/13/2014 4:35,0
4/13/2014 4:40,0
4/13/2014 4:45,0
4/13/2014 4:50,0
4/13/2014 4:55,0
4/13/2014 5:00,0
4/13/2014 5:05,0
4/13/2014 5:10,0
4/13/2014 5:15,0
4/13/2014 5:20,0.183113896
4/13/2014 5:25,0.13486979
4/13/2014 5:30,0
4/13/2014 5:35,0
4/13/2014 5:40,0
4/13/2014 5:45,0
4/13/2014 5:50,0
4/13/2014 5:55,0
4/13/2014 6:00,0
4/13/2014 6:05,0
4/13/2014 6:10,0
4/13/2014 6:15,0
4/13/2014 6:20,0
4/13/2014 6:25,0
4/13/2014 6:30,0
4/13/2014 6:35,0
4/13/2014 6:40,0
4/13/2014 6:45,0
4/13/2014 6:50,0
4/13/2014 6:55,0
4/13/2014 7:00,0
4/13/2014 7:05,0
4/13/2014 7:10,0
4/13/2014 7:15,0
4/13/2014 7:20,0
4/13/2014 7:25,0
4/13/2014 7:30,0
4/13/2014 7:35,0
4/13/2014 7:40,0.140014955
4/13/2014 7:45,0.189405461
4/13/2014 7:50,0
4/13/2014 7:55,0
4/13/2014 8:00,0
4/13/2014 8:05,0
4/13/2014 8:10,0
4/13/2014 8:15,0
4/13/2014 8:20,2.87452409
4/13/2014 8:25,2.172535686
4/13/2014 8:30,0
4/13/2014 8:35,0
4/13/2014 8:40,0
4/13/2014 8:45,0
4/13/2014 8:50,0
4/13/2014 8:55,0
4/13/2014 9:00,0
4/13/2014 9:05,0
4/13/2014 9:10,0
4/13/2014 9:15,0
4/13/2014 9:20,0
4/13/2014 9:25,0
4/13/2014 9:30,0
4/13/2014 9:35,0
4/13/2014 9:40,0
4/13/2014 9:45,0
4/13/2014 9:50,0
4/13/2014 9:55,0
4/13/2014 10:00,0
4/13/2014 10:05,0
4/13/2014 10:10,0
4/13/2014 10:15,0
4/13/2014 10:20,0
4/13/2014 10:25,0
4/13/2014 10:30,0
4/13/2014 10:35,0
4/13/2014 10:40,0
4/13/2014 10:45,0
4/13/2014 10:50,0
4/13/2014 10:55,0
4/13/2014 11:00,0.255094419
4/13/2014 11:05,0.210558271
4/13/2014 11:10,0
4/13/2014 11:15,0
4/13/2014 11:20,0
4/13/2014 11:25,0
4/13/2014 11:30,0
4/13/2014 11:35,0
4/13/2014 11:40,0.299140186
4/13/2014 11:45,0.224413682
4/13/2014 11:50,0
4/13/2014 11:55,0
4/13/2014 12:00,0
4/13/2014 12:05,0
4/13/2014 12:10,0
4/13/2014 12:15,0
4/13/2014 12:20,0
4/13/2014 12:25,0
4/13/2014 12:30,0
4/13/2014 12:35,0
4/13/2014 12:40,0
4/13/2014 12:45,0
4/13/2014 12:50,0
4/13/2014 12:55,0
4/13/2014 13:00,0
4/13/2014 13:05,0
4/13/2014 13:10,0
4/13/2014 13:15,0
4/13/2014 13:20,0
4/13/2014 13:25,0
4/13/2014 13:30,0
4/13/2014 13:35,0
4/13/2014 13:40,0
4/13/2014 13:45,0
4/13/2014 13:50,0
4/13/2014 13:55,0.149662381
4/13/2014 14:00,0.154425391
4/13/2014 14:05,0
4/13/2014 14:10,0
4/13/2014 14:15,0
4/13/2014 14:20,0
4/13/2014 14:25,0
4/13/2014 14:30,0
4/13/2014 14:35,0
4/13/2014 14:40,0
4/13/2014 14:45,2.398386396
4/13/2014 14:50,2.05035158
4/13/2014 14:55,0
4/13/2014 15:00,0.195649813
4/13/2014 15:05,0.188672638
4/13/2014 15:10,0
4/13/2014 15:15,0
4/13/2014 15:20,0
4/13/2014 15:25,0
4/13/2014 15:30,0
4/13/2014 15:35,0.116946671
4/13/2014 15:40,0.147321503
4/13/2014 15:45,0
4/13/2014 15:50,0
4/13/2014 15:55,0
4/13/2014 16:00,0.382969594
4/13/2014 16:05,0.406931913
4/13/2014 16:10,0
4/13/2014 16:15,2.66947591
4/13/2014 16:20,1.066266924
4/13/2014 16:25,0
4/13/2014 16:30,0
4/13/2014 16:35,0.197129623
4/13/2014 16:40,0.13723663
4/13/2014 16:45,0
4/13/2014 16:50,0
4/13/2014 16:55,0
4/13/2014 17:00,0
4/13/2014 17:05,0
4/13/2014 17:10,0
4/13/2014 17:15,0
4/13/2014 17:20,0
4/13/2014 17:25,0.137157311
4/13/2014 17:30,0.119503023
4/13/2014 17:35,0
4/13/2014 17:40,0
4/13/2014 17:45,0
4/13/2014 17:50,0
4/13/2014 17:55,0
4/13/2014 18:00,0
4/13/2014 18:05,0.304038985
4/13/2014 18:10,0.331719601
4/13/2014 18:15,0
4/13/2014 18:20,0
4/13/2014 18:25,0
4/13/2014 18:30,0
4/13/2014 18:35,0
4/13/2014 18:40,0
4/13/2014 18:45,0
4/13/2014 18:50,0
4/13/2014 18:55,0
4/13/2014 19:00,0
4/13/2014 19:05,0.428337302
4/13/2014 19:10,0.44339538
4/13/2014 19:15,0
4/13/2014 19:20,0
4/13/2014 19:25,0
4/13/2014 19:30,0
4/13/2014 19:35,0
4/13/2014 19:40,0
4/13/2014 19:45,0
4/13/2014 19:50,0
4/13/2014 19:55,0
4/13/2014 20:00,0
4/13/2014 20:05,0.21985524
4/13/2014 20:10,0.252680292
4/13/2014 20:15,0
4/13/2014 20:20,1.536756731
4/13/2014 20:25,1.939296713
4/13/2014 20:30,0
4/13/2014 20:35,0
4/13/2014 20:40,0
4/13/2014 20:45,0
4/13/2014 20:50,0
4/13/2014 20:55,0
4/13/2014 21:00,0
4/13/2014 21:05,0
4/13/2014 21:10,0
4/13/2014 21:15,0
4/13/2014 21:20,0
4/13/2014 21:25,0
4/13/2014 21:30,0
4/13/2014 21:35,0
4/13/2014 21:40,0
4/13/2014 21:45,0
4/13/2014 21:50,0
4/13/2014 21:55,0
4/13/2014 22:00,0
4/13/2014 22:05,1.153207233
4/13/2014 22:10,2.411813339
4/13/2014 22:15,0
4/13/2014 22:20,0
4/13/2014 22:25,0
4/13/2014 22:30,0
4/13/2014 22:35,0
4/13/2014 22:40,0
4/13/2014 22:45,0.111432311
4/13/2014 22:50,0.174030479
4/13/2014 22:55,0
4/13/2014 23:00,0
4/13/2014 23:05,0
4/13/2014 23:10,0
4/13/2014 23:15,0
4/13/2014 23:20,0
4/13/2014 23:25,0
4/13/2014 23:30,0
4/13/2014 23:35,0
4/13/2014 23:40,0
4/13/2014 23:45,0
4/13/2014 23:50,0
4/13/2014 23:55,0
4/14/2014 0:00,0
4/14/2014 0:05,0
4/14/2014 0:10,0
4/14/2014 0:15,0
4/14/2014 0:20,0
4/14/2014 0:25,0
4/14/2014 0:30,0
4/14/2014 0:35,0
4/14/2014 0:40,0
4/14/2014 0:45,0
4/14/2014 0:50,0
4/14/2014 0:55,0
4/14/2014 1:00,0
4/14/2014 1:05,0
4/14/2014 1:10,0
4/14/2014 1:15,0
4/14/2014 1:20,0
4/14/2014 1:25,0
4/14/2014 1:30,0
4/14/2014 1:35,0
4/14/2014 1:40,0
4/14/2014 1:45,0
4/14/2014 1:50,0
4/14/2014 1:55,0
4/14/2014 2:00,0
4/14/2014 2:05,0
4/14/2014 2:10,0
4/14/2014 2:15,0
4/14/2014 2:20,0
4/14/2014 2:25,0
4/14/2014 2:30,0
4/14/2014 2:35,0
4/14/2014 2:40,0
4/14/2014 2:45,0
4/14/2014 2:50,1.70150643
4/14/2014 2:55,1.429792867
4/14/2014 3:00,0
4/14/2014 3:05,0
4/14/2014 3:10,0
4/14/2014 3:15,0
4/14/2014 3:20,0
4/14/2014 3:25,0
4/14/2014 3:30,0
4/14/2014 3:35,0
4/14/2014 3:40,0
4/14/2014 3:45,0
4/14/2014 3:50,0
4/14/2014 3:55,0
4/14/2014 4:00,0
4/14/2014 4:05,0
4/14/2014 4:10,0
4/14/2014 4:15,0
4/14/2014 4:20,0
4/14/2014 4:25,0
4/14/2014 4:30,0
4/14/2014 4:35,0
4/14/2014 4:40,0
4/14/2014 4:45,0
4/14/2014 4:50,0
4/14/2014 4:55,0
4/14/2014 5:00,0
4/14/2014 5:05,0
4/14/2014 5:10,0
4/14/2014 5:15,0
4/14/2014 5:20,0
4/14/2014 5:25,1.232925498
4/14/2014 5:30,2.759533876
4/14/2014 5:35,0
4/14/2014 5:40,0
4/14/2014 5:45,0
4/14/2014 5:50,0
4/14/2014 5:55,0
4/14/2014 6:00,0
4/14/2014 6:05,0
4/14/2014 6:10,0
4/14/2014 6:15,0
4/14/2014 6:20,0
4/14/2014 6:25,0
4/14/2014 6:30,0
4/14/2014 6:35,0
4/14/2014 6:40,0
4/14/2014 6:45,0
4/14/2014 6:50,0
4/14/2014 6:55,0
4/14/2014 7:00,0
4/14/2014 7:05,0
4/14/2014 7:10,0
4/14/2014 7:15,0
4/14/2014 7:20,0
4/14/2014 7:25,0
4/14/2014 7:30,0
4/14/2014 7:35,0
4/14/2014 7:40,0
4/14/2014 7:45,0
4/14/2014 7:50,0
4/14/2014 7:55,0
4/14/2014 8:00,0
4/14/2014 8:05,0.357889839
4/14/2014 8:10,0.437856816
4/14/2014 8:15,0
4/14/2014 8:20,0
4/14/2014 8:25,0
4/14/2014 8:30,0
4/14/2014 8:35,0
4/14/2014 8:40,0
4/14/2014 8:45,0
4/14/2014 8:50,0
4/14/2014 8:55,0
4/14/2014 9:00,0
4/14/2014 9:05,0
4/14/2014 9:10,0
4/14/2014 9:15,0.187622329
4/14/2014 9:20,0.188377746
4/14/2014 9:25,0
4/14/2014 9:30,0
4/14/2014 9:35,0
4/14/2014 9:40,0
4/14/2014 9:45,0
4/14/2014 9:50,0
4/14/2014 9:55,0
4/14/2014 10:00,0
4/14/2014 10:05,0
4/14/2014 10:10,0
4/14/2014 10:15,0
4/14/2014 10:20,0
4/14/2014 10:25,0
4/14/2014 10:30,0
4/14/2014 10:35,0
4/14/2014 10:40,0
4/14/2014 10:45,0
4/14/2014 10:50,0
4/14/2014 10:55,0
4/14/2014 11:00,0
4/14/2014 11:05,0
4/14/2014 11:10,0
4/14/2014 11:15,0
4/14/2014 11:20,0.367622184
4/14/2014 11:25,0.493550865
4/14/2014 11:30,0
4/14/2014 11:35,0
4/14/2014 11:40,0
4/14/2014 11:45,0
4/14/2014 11:50,0
4/14/2014 11:55,0
4/14/2014 12:00,0
4/14/2014 12:05,0
4/14/2014 12:10,0.277865215
4/14/2014 12:15,0.288999748
4/14/2014 12:20,0
4/14/2014 12:25,0
4/14/2014 12:30,0
4/14/2014 12:35,0
4/14/2014 12:40,0
4/14/2014 12:45,0
4/14/2014 12:50,0
4/14/2014 12:55,0
4/14/2014 13:00,0
4/14/2014 13:05,0
4/14/2014 13:10,0
4/14/2014 13:15,0
4/14/2014 13:20,0
4/14/2014 13:25,0
4/14/2014 13:30,0.320300772
4/14/2014 13:35,0.399549363
4/14/2014 13:40,0
4/14/2014 13:45,0
4/14/2014 13:50,0
4/14/2014 13:55,0
4/14/2014 14:00,0
4/14/2014 14:05,0
4/14/2014 14:10,0
4/14/2014 14:15,0
4/14/2014 14:20,0
4/14/2014 14:25,0
4/14/2014 14:30,0
4/14/2014 14:35,0
4/14/2014 14:40,0
4/14/2014 14:45,0
4/14/2014 14:50,0
4/14/2014 14:55,0
4/14/2014 15:00,0.110849835
4/14/2014 15:05,0.142835028
4/14/2014 15:10,0
4/14/2014 15:15,0
4/14/2014 15:20,0
4/14/2014 15:25,0
4/14/2014 15:30,0
4/14/2014 15:35,0
4/14/2014 15:40,0
4/14/2014 15:45,0
4/14/2014 15:50,0
4/14/2014 15:55,0
4/14/2014 16:00,0.385609558
4/14/2014 16:05,0.365204691
4/14/2014 16:10,0
4/14/2014 16:15,0
4/14/2014 16:20,0
4/14/2014 16:25,0
4/14/2014 16:30,0
4/14/2014 16:35,0
4/14/2014 16:40,0
4/14/2014 16:45,0
4/14/2014 16:50,0
4/14/2014 16:55,0
4/14/2014 17:00,0
4/14/2014 17:05,0
4/14/2014 17:10,0
4/14/2014 17:15,0
4/14/2014 17:20,0
4/14/2014 17:25,0
4/14/2014 17:30,0
4/14/2014 17:35,0
4/14/2014 17:40,0
4/14/2014 17:45,0
4/14/2014 17:50,0
4/14/2014 17:55,0
4/14/2014 18:00,0
4/14/2014 18:05,0
4/14/2014 18:10,0
4/14/2014 18:15,0
4/14/2014 18:20,0
4/14/2014 18:25,0
4/14/2014 18:30,0
4/14/2014 18:35,0
4/14/2014 18:40,0
4/14/2014 18:45,0
4/14/2014 18:50,0
4/14/2014 18:55,0
4/14/2014 19:00,0
4/14/2014 19:05,0
4/14/2014 19:10,0
4/14/2014 19:15,0
4/14/2014 19:20,0
4/14/2014 19:25,0
4/14/2014 19:30,0
4/14/2014 19:35,0
4/14/2014 19:40,0
4/14/2014 19:45,0
4/14/2014 19:50,0
4/14/2014 19:55,0
4/14/2014 20:00,0
4/14/2014 20:05,0
4/14/2014 20:10,0
4/14/2014 20:15,0
4/14/2014 20:20,0
4/14/2014 20:25,0
4/14/2014 20:30,0
4/14/2014 20:35,0
4/14/2014 20:40,0
4/14/2014 20:45,0
4/14/2014 20:50,0
4/14/2014 20:55,0
4/14/2014 21:00,0
4/14/2014 21:05,0.429106798
4/14/2014 21:10,0.326211149
4/14/2014 21:15,0
4/14/2014 21:20,0
4/14/2014 21:25,0
4/14/2014 21:30,0
4/14/2014 21:35,0
4/14/2014 21:40,0
4/14/2014 21:45,0
4/14/2014 21:50,0
4/14/2014 21:55,0
4/14/2014 22:00,0
4/14/2014 22:05,0
4/14/2014 22:10,0
4/14/2014 22:15,0
4/14/2014 22:20,0
4/14/2014 22:25,0
4/14/2014 22:30,0
4/14/2014 22:35,0
4/14/2014 22:40,0
4/14/2014 22:45,0.443332484
4/14/2014 22:50,0.496118425
4/14/2014 22:55,0
4/14/2014 23:00,0
4/14/2014 23:05,0.146472196
4/14/2014 23:10,0.197761537
4/14/2014 23:15,0
4/14/2014 23:20,0
4/14/2014 23:25,0
4/14/2014 23:30,0
4/14/2014 23:35,0.460911743
4/14/2014 23:40,0.472003351
4/14/2014 23:45,0
4/14/2014 23:50,0
4/14/2014 23:55,0
