timestamp,value,anomaly_score,raw_score,label
2015-09-08 11:39:00,73,0.0301029996659,1.0,0
2015-09-08 11:44:00,62,0.0301029996659,1.0,0
2015-09-08 11:59:00,66,0.0301029996659,1.0,0
2015-09-08 12:19:00,69,0.0301029996659,0.975000023842,0
2015-09-08 12:24:00,65,0.0301029996659,0.925000011921,0
2015-09-08 12:27:00,76,1.0,0.550000011921,0
2015-09-08 12:32:00,65,0.0301029996659,0.925000011921,0
2015-09-08 12:46:00,62,0.0301029996659,0.375,0
2015-09-08 12:51:00,61,1.0,0.5,0
2015-09-08 13:01:00,65,0.0301029996659,0.725000023842,0
2015-09-08 13:21:00,68,0.0301029996659,0.125,0
2015-09-08 13:26:00,66,0.0301029996659,0.300000011921,0
2015-09-08 13:31:00,67,0.0301029996659,0.0750000029802,0
2015-09-08 13:36:00,65,0.0301029996659,0.0250000003725,0
2015-09-08 13:41:00,67,0.0301029996659,0.0,0
2015-09-08 13:46:00,67,0.0301029996659,0.0,0
2015-09-08 13:56:00,69,0.0301029996659,0.0500000007451,0
2015-09-08 14:11:00,68,0.0301029996659,0.0500000007451,0
2015-09-08 14:16:00,68,0.0301029996659,0.0250000003725,0
2015-09-08 14:21:00,67,0.0301029996659,0.0750000029802,0
2015-09-08 14:46:00,66,0.0301029996659,0.10000000149,0
2015-09-08 14:51:00,68,0.0301029996659,0.0500000007451,0
2015-09-08 15:16:00,69,0.0301029996659,0.0750000029802,0
2015-09-08 15:21:00,65,0.0301029996659,0.0500000007451,0
2015-09-08 15:26:00,70,0.0301029996659,0.125,0
2015-09-08 15:29:00,66,0.0301029996659,0.10000000149,0
2015-09-08 15:41:00,65,0.0301029996659,0.15000000596,0
2015-09-08 16:15:00,64,0.0301029996659,0.17499999702,0
2015-09-08 16:31:00,66,0.0301029996659,0.22499999404,0
2015-09-08 16:36:00,69,0.0301029996659,0.17499999702,0
2015-09-08 16:41:00,64,0.0301029996659,0.20000000298,0
2015-09-08 16:56:00,69,0.0301029996659,0.17499999702,0
2015-09-08 17:11:00,65,0.0301029996659,0.0500000007451,0
2015-09-08 17:16:00,68,0.0301029996659,0.0500000007451,0
2015-09-08 17:21:00,67,0.0301029996659,0.10000000149,0
2015-09-08 17:26:00,69,0.0301029996659,0.0750000029802,0
2015-09-08 17:31:00,66,0.0301029996659,0.0750000029802,0
2015-09-08 17:36:00,69,0.0301029996659,0.0750000029802,0
2015-09-08 17:41:00,66,0.0301029996659,0.0750000029802,0
2015-09-08 17:46:00,65,0.0301029996659,0.0500000007451,0
2015-09-08 17:51:00,66,0.0301029996659,0.15000000596,0
2015-09-08 17:56:00,65,0.0301029996659,0.0250000003725,0
2015-09-08 17:57:00,64,0.0301029996659,0.0250000003725,0
2015-09-08 18:36:00,70,0.0301029996659,0.10000000149,0
2015-09-08 18:46:00,69,0.0301029996659,0.0750000029802,0
2015-09-08 18:51:00,66,0.0301029996659,0.10000000149,0
2015-09-08 18:56:00,68,0.0301029996659,0.0750000029802,0
2015-09-08 19:06:00,71,0.0301029996659,0.10000000149,0
2015-09-08 20:11:00,63,0.0301029996659,0.20000000298,0
2015-09-08 20:31:00,67,0.0301029996659,0.22499999404,0
2015-09-08 20:41:00,62,0.0301029996659,0.25,0
2015-09-08 20:51:00,64,0.0301029996659,0.17499999702,0
2015-09-08 21:01:00,59,1.0,0.47499999404,0
2015-09-08 21:06:00,65,0.0301029996659,0.899999976158,0
2015-09-08 21:31:00,58,1.0,0.375,0
2015-09-08 21:41:00,64,0.0301029996659,0.600000023842,0
2015-09-08 22:31:00,63,0.0301029996659,0.27500000596,0
2015-09-08 22:41:00,66,0.0301029996659,0.25,0
2015-09-08 23:16:00,66,0.0301029996659,0.10000000149,0
2015-09-08 23:31:00,60,0.0301029996659,0.25,0
2015-09-09 00:06:00,57,1.0,0.600000023842,0
2015-09-09 01:16:00,58,0.0301029996659,0.649999976158,0
2015-09-09 07:34:00,69,0.0301029996659,0.975000023842,0
2015-09-09 09:20:00,70,0.0301029996659,0.22499999404,0
2015-09-09 09:58:00,66,0.0301029996659,0.20000000298,0
2015-09-09 10:23:00,68,0.0301029996659,0.17499999702,0
2015-09-09 10:33:00,65,0.0301029996659,0.17499999702,0
2015-09-09 10:38:00,68,0.0301029996659,0.20000000298,0
2015-09-09 10:43:00,68,0.0301029996659,0.0500000007451,0
2015-09-09 10:48:00,70,0.0301029996659,0.10000000149,0
2015-09-09 10:53:00,67,0.0301029996659,0.0750000029802,0
2015-09-09 11:03:00,73,0.0301029996659,0.10000000149,0
2015-09-09 11:08:00,77,1.0,0.300000011921,0
2015-09-09 11:13:00,75,0.0301029996659,0.22499999404,0
2015-09-09 11:18:00,71,0.0301029996659,0.0750000029802,0
2015-09-09 11:23:00,73,0.0301029996659,0.15000000596,0
2015-09-09 11:43:00,68,0.0301029996659,0.0250000003725,0
2015-09-09 11:48:00,58,0.0301029996659,0.25,0
2015-09-09 12:03:00,65,0.0301029996659,0.0500000007451,0
2015-09-09 12:13:00,65,0.0301029996659,0.0250000003725,0
2015-09-09 12:33:00,65,0.0301029996659,0.0500000007451,0
2015-09-09 12:48:00,66,0.0301029996659,0.0250000003725,0
2015-09-09 13:08:00,74,0.0301029996659,0.10000000149,0
2015-09-09 13:33:00,64,0.0301029996659,0.0,0
2015-09-09 13:38:00,68,0.0301029996659,0.0,0
2015-09-09 13:43:00,65,0.0301029996659,0.0,0
2015-09-09 13:48:00,69,0.0301029996659,0.0,0
2015-09-09 13:53:00,70,0.0301029996659,0.0,0
2015-09-09 13:58:00,64,0.0301029996659,0.0250000003725,0
2015-09-09 14:08:00,65,0.0301029996659,0.0,0
2015-09-09 14:13:00,67,0.0301029996659,0.0,0
2015-09-09 14:38:00,68,0.0301029996659,0.0,0
2015-09-09 14:48:00,66,0.0301029996659,0.0,0
2015-09-09 14:53:00,63,0.0301029996659,0.0,0
2015-09-09 15:03:00,68,0.0301029996659,0.0,0
2015-09-09 15:08:00,68,0.0301029996659,0.0,0
2015-09-09 15:13:00,73,0.0301029996659,0.0250000003725,0
2015-09-09 15:18:00,79,1.0,0.0750000029802,0
2015-09-09 15:23:00,64,0.0301029996659,0.0,0
2015-09-09 15:28:00,67,0.0301029996659,0.0,0
2015-09-09 15:38:00,62,0.0301029996659,0.0250000003725,0
2015-09-09 15:43:00,68,0.0301029996659,0.0,0
2015-09-09 15:48:00,70,0.0301029996659,0.0,0
2015-09-09 16:08:00,67,0.0301029996659,0.0,0
2015-09-09 16:13:00,70,0.0301029996659,0.0,0
2015-09-09 16:23:00,65,0.0301029996659,0.0,0
2015-09-09 16:33:00,67,0.0301029996659,0.0250000003725,0
2015-09-09 16:43:00,71,0.0301029996659,0.0,0
2015-09-09 16:48:00,69,0.0301029996659,0.0,0
2015-09-09 16:53:00,64,0.0301029996659,0.0,0
2015-09-09 16:58:00,63,0.0301029996659,0.0500000007451,0
2015-09-09 17:03:00,62,0.0301029996659,0.0750000029802,0
2015-09-09 17:08:00,55,1.0,0.15000000596,0
2015-09-09 17:13:00,48,1.0,0.425000011921,0
2015-09-09 17:18:00,56,0.0301029996659,0.22499999404,0
2015-09-09 17:23:00,51,0.0301029996659,0.27500000596,0
2015-09-09 17:28:00,60,0.0301029996659,0.17499999702,0
2015-09-09 17:33:00,43,1.0,0.17499999702,0
2015-09-09 17:38:00,62,0.0301029996659,0.125,0
2015-09-09 17:43:00,70,0.0301029996659,0.0,0
2015-09-09 17:48:00,65,0.0301029996659,0.0,0
2015-09-09 17:58:00,70,0.0301029996659,0.0,0
2015-09-09 18:03:00,67,0.0301029996659,0.0,0
2015-09-09 18:13:00,70,0.0301029996659,0.0,0
2015-09-09 18:18:00,67,0.0301029996659,0.0,0
2015-09-09 18:23:00,69,0.0301029996659,0.0,0
2015-09-09 18:28:00,69,0.0301029996659,0.0,0
2015-09-09 18:38:00,68,0.0301029996659,0.0250000003725,0
2015-09-09 18:43:00,67,0.0301029996659,0.0,0
2015-09-09 19:03:00,66,0.0301029996659,0.0,0
2015-09-09 19:38:00,63,0.0301029996659,0.0500000007451,0
2015-09-09 19:48:00,68,0.0301029996659,0.0250000003725,0
2015-09-09 20:03:00,68,0.0301029996659,0.0250000003725,0
2015-09-09 20:13:00,65,0.0301029996659,0.0,0
2015-09-09 20:18:00,60,0.0301029996659,0.0750000029802,0
2015-09-09 20:23:00,65,0.0301029996659,0.0500000007451,0
2015-09-09 20:38:00,64,0.0301029996659,0.125,0
2015-09-09 20:58:00,57,0.0301029996659,0.25,0
2015-09-09 21:13:00,57,0.0301029996659,0.47499999404,0
2015-09-09 21:28:00,62,0.0301029996659,0.0750000029802,0
2015-09-09 21:33:00,55,0.0301029996659,0.0500000007451,0
2015-09-09 21:48:00,61,0.0301029996659,0.0,0
2015-09-09 21:53:00,61,0.0301029996659,0.0500000007451,0
2015-09-09 22:33:00,58,0.0301029996659,0.0750000029802,0
2015-09-09 22:41:00,65,0.0301029996659,0.10000000149,0
2015-09-09 23:38:00,65,0.0301029996659,0.10000000149,0
2015-09-09 23:53:00,62,0.0301029996659,0.17499999702,0
2015-09-10 05:33:00,68,0.0301029996659,0.20000000298,0
2015-09-10 05:45:00,61,0.0301029996659,0.300000011921,0
2015-09-10 08:00:00,62,0.0301029996659,0.20000000298,0
2015-09-10 08:18:00,73,0.0301029996659,0.17499999702,0
2015-09-10 08:33:00,70,0.0301029996659,0.10000000149,0
2015-09-10 08:43:00,65,0.0301029996659,0.0,0
2015-09-10 08:53:00,65,0.0301029996659,0.0,0
2015-09-10 09:13:00,61,0.0301029996659,0.0500000007451,0
2015-09-10 09:23:00,64,0.0301029996659,0.0250000003725,0
2015-09-10 09:28:00,62,0.0301029996659,0.0,0
2015-09-10 09:48:00,75,0.0301029996659,0.10000000149,0
2015-09-10 09:52:00,66,0.0301029996659,0.0,0
2015-09-10 10:02:00,71,0.0301029996659,0.0,0
2015-09-10 10:07:00,66,0.0301029996659,0.0,0
2015-09-10 10:22:00,67,0.0301029996659,0.0,0
2015-09-10 10:27:00,65,0.0301029996659,0.0250000003725,0
2015-09-10 10:32:00,67,0.0301029996659,0.0,0
2015-09-10 10:42:00,67,0.0301029996659,0.0,0
2015-09-10 10:47:00,65,0.0301029996659,0.0,0
2015-09-10 10:52:00,68,0.0301029996659,0.0250000003725,0
2015-09-10 11:27:00,64,0.0301029996659,0.0250000003725,0
2015-09-10 11:37:00,72,0.0301029996659,0.0250000003725,0
2015-09-10 11:42:00,62,0.0729014179128,0.0,0
2015-09-10 11:47:00,72,0.0673644103963,0.0500000007451,0
2015-09-10 11:52:00,72,0.0647005924211,0.0250000003725,0
2015-09-10 11:57:00,68,0.0673644103963,0.0,0
2015-09-10 12:07:00,64,0.0673644103963,0.0,0
2015-09-10 12:12:00,63,0.0673644103963,0.0,0
2015-09-10 12:37:00,65,0.0647005924211,0.0250000003725,0
2015-09-10 12:42:00,72,0.0673644103963,0.0,0
2015-09-10 12:57:00,67,0.0700978397061,0.0,0
2015-09-10 13:07:00,66,0.0729014179128,0.0,0
2015-09-10 13:17:00,71,0.0729014179128,0.0,0
2015-09-10 13:32:00,71,0.0787210912182,0.0,0
2015-09-10 13:42:00,67,0.0817381826394,0.0,0
2015-09-10 13:47:00,68,0.0817381826394,0.0,0
2015-09-10 14:02:00,65,0.0787210912182,0.0250000003725,0
2015-09-10 14:07:00,70,0.0787210912182,0.0,0
2015-09-10 14:17:00,71,0.0817381826394,0.0,0
2015-09-10 14:32:00,65,0.0817381826394,0.0,0
2015-09-10 14:37:00,69,0.0817381826394,0.0,0
2015-09-10 14:42:00,69,0.0817381826394,0.0,0
2015-09-10 14:47:00,69,0.0817381826394,0.0,0
2015-09-10 14:57:00,69,0.0817381826394,0.0,0
2015-09-10 15:02:00,71,0.0817381826394,0.0,0
2015-09-10 15:07:00,64,0.0817381826394,0.0,0
2015-09-10 15:12:00,64,0.0848274164314,0.0,0
2015-09-10 15:17:00,66,0.0848274164314,0.0,0
2015-09-10 15:22:00,76,0.0848274164314,0.0,0
2015-09-10 15:27:00,64,0.0848274164314,0.0,0
2015-09-10 15:32:00,67,0.0848274164314,0.0,0
2015-09-10 15:37:00,64,0.0848274164314,0.0,0
2015-09-10 15:42:00,70,0.0848274164314,0.0,0
2015-09-10 15:47:00,70,0.0705498393002,0.0,0
2015-09-10 15:52:00,68,0.0705498393002,0.0,0
2015-09-10 15:57:00,69,0.0705498393002,0.0,0
2015-09-10 16:02:00,68,0.0705498393002,0.0,0
2015-09-10 16:12:00,68,0.0705498393002,0.0,0
2015-09-10 16:17:00,69,0.0705498393002,0.0,0
2015-09-10 16:22:00,63,0.0676838632364,0.0250000003725,0
2015-09-10 16:27:00,67,0.0676838632364,0.0,0
2015-09-10 16:32:00,66,0.0676838632364,0.0,0
2015-09-10 16:37:00,68,0.0676838632364,0.0,0
2015-09-10 16:42:00,66,0.0676838632364,0.0,0
2015-09-10 16:47:00,67,0.0676838632364,0.0,0
2015-09-10 16:52:00,67,0.0676838632364,0.0,0
2015-09-10 16:57:00,68,0.0676838632364,0.0,0
2015-09-10 17:02:00,64,0.0676838632364,0.0,0
2015-09-10 17:07:00,67,0.0676838632364,0.0,0
2015-09-10 17:12:00,62,0.0705498393002,0.0,0
2015-09-10 17:17:00,67,0.0705498393002,0.0,0
2015-09-10 17:22:00,66,0.0705498393002,0.0,0
2015-09-10 17:32:00,66,0.0705498393002,0.0,0
2015-09-10 17:37:00,67,0.0705498393002,0.0,0
2015-09-10 17:42:00,62,0.0676838632364,0.0250000003725,0
2015-09-10 17:47:00,63,0.0648939358991,0.0250000003725,0
2015-09-10 17:52:00,66,0.0621794273045,0.0250000003725,0
2015-09-10 18:07:00,69,0.0621794273045,0.0,0
2015-09-10 18:12:00,70,0.0621794273045,0.0,0
2015-09-10 18:17:00,70,0.0621794273045,0.0,0
2015-09-10 18:22:00,67,0.0621794273045,0.0,0
2015-09-10 18:37:00,66,0.0621794273045,0.0,0
2015-09-10 18:42:00,68,0.0595396873479,0.0250000003725,0
2015-09-10 18:47:00,71,0.0595396873479,0.0,0
2015-09-10 18:52:00,62,0.0621794273045,0.0,0
2015-09-10 18:57:00,68,0.0648939358991,0.0,0
2015-09-10 19:32:00,62,0.0676838632364,0.0,0
2015-09-10 19:37:00,64,0.0676838632364,0.0,0
2015-09-10 19:47:00,69,0.0676838632364,0.0,0
2015-09-10 19:57:00,63,0.0621794273045,0.0500000007451,0
2015-09-10 20:02:00,64,0.0544818090977,0.0750000029802,0
2015-09-10 21:02:00,62,0.045232321481,0.10000000149,0
2015-09-10 21:12:00,69,0.045232321481,0.0250000003725,0
2015-09-10 21:27:00,65,0.0390287523269,0.0750000029802,0
2015-09-10 21:57:00,56,0.035419775338,0.20000000298,0
2015-09-10 22:12:00,64,0.0454572838648,0.125,0
2015-09-10 23:42:00,70,0.0476705015643,0.0250000003725,0
2015-09-10 23:47:00,61,0.0572360411082,0.10000000149,0
2015-09-11 05:27:00,64,0.0863824059825,0.25,0
2015-09-11 05:47:00,68,0.111477439853,0.22499999404,0
2015-09-11 06:17:00,65,0.103900496093,0.0250000003725,0
2015-09-11 06:37:00,70,0.100235001271,0.0750000029802,0
2015-09-11 06:42:00,65,0.107647833921,0.0750000029802,0
2015-09-11 06:57:00,65,0.107647833921,0.0750000029802,0
2015-09-11 07:07:00,70,0.089725087883,0.0750000029802,0
2015-09-11 07:12:00,73,0.0966509074985,0.17499999702,0
2015-09-11 07:32:00,69,0.107647833638,0.10000000149,0
2015-09-11 07:42:00,68,0.0966509074985,0.0250000003725,0
2015-09-11 08:12:00,65,0.0679768059586,0.0250000003725,0
2015-09-11 08:42:00,68,0.0476705015643,0.0250000003725,0
2015-09-11 08:47:00,69,0.0476705015643,0.0250000003725,0
2015-09-11 09:12:00,71,0.0523092140368,0.125,0
2015-09-11 09:17:00,70,0.0547362435111,0.10000000149,0
2015-09-11 09:27:00,64,0.0547362435111,0.0750000029802,0
2015-09-11 09:32:00,68,0.0476705008942,0.0,0
2015-09-11 09:37:00,70,0.0336118663936,0.0,0
2015-09-11 09:52:00,66,0.0334285316314,0.0,0
2015-09-11 09:57:00,71,0.0352297364246,0.0,0
2015-09-11 10:07:00,68,0.0370961678279,0.0,0
2015-09-11 10:27:00,63,0.0390287526198,0.0,0
2015-09-11 10:39:00,66,0.0410283925854,0.0,0
2015-09-11 10:49:00,65,0.0520622656406,0.0,0
2015-09-11 11:19:00,69,0.0621794271051,0.0,0
2015-09-11 11:29:00,70,0.0705498393002,0.0,0
2015-09-11 11:34:00,67,0.0705498393002,0.0,0
2015-09-11 11:39:00,63,0.0705498393002,0.0,0
2015-09-11 11:44:00,68,0.0705498393002,0.0,0
2015-09-11 11:54:00,71,0.0676838632364,0.0250000003725,0
2015-09-11 12:04:00,60,0.0648939358991,0.0250000003725,0
2015-09-11 12:14:00,81,1.0,0.0750000029802,0
2015-09-11 12:39:00,69,0.0569740451066,0.0,0
2015-09-11 12:44:00,71,0.0569740451066,0.0,0
2015-09-11 12:49:00,64,0.0569740451066,0.0,0
2015-09-11 12:54:00,65,0.0569740451066,0.0,0
2015-09-11 12:59:00,69,0.0569740451066,0.0,0
2015-09-11 13:09:00,66,0.0569740451066,0.0,0
2015-09-11 13:24:00,65,0.0569740451066,0.0,0
2015-09-11 13:29:00,67,0.059539687154,0.0,0
2015-09-11 13:39:00,67,0.0621794271051,0.0,0
2015-09-11 13:44:00,66,0.0705498393002,0.0,0
2015-09-11 13:49:00,69,0.0705498393002,0.0,0
2015-09-11 13:54:00,70,0.0705498393002,0.0,0
2015-09-11 14:04:00,65,0.0705498393002,0.0,0
2015-09-11 14:14:00,68,0.0705498393002,0.0,0
2015-09-11 14:19:00,68,0.0705498393002,0.0,0
2015-09-11 14:24:00,66,0.0705498393002,0.0,0
2015-09-11 14:29:00,67,0.0705498393002,0.0,0
2015-09-11 14:39:00,66,0.0705498393002,0.0,0
2015-09-11 14:44:00,67,0.0705498393002,0.0,0
2015-09-11 14:54:00,66,0.0705498393002,0.0,0
2015-09-11 14:59:00,65,0.0705498393002,0.0,0
2015-09-11 15:09:00,69,0.0705498393002,0.0,0
2015-09-11 15:14:00,69,0.0705498393002,0.0,0
2015-09-11 15:19:00,70,0.0650029935964,0.0,0
2015-09-11 15:24:00,67,0.0650029935964,0.0,0
2015-09-11 15:29:00,68,0.0650029935964,0.0,0
2015-09-11 15:34:00,64,0.0650029935964,0.0,1
2015-09-11 15:39:00,66,0.0650029935964,0.0,1
2015-09-11 15:44:00,66,0.0650029935964,0.0,1
2015-09-11 15:49:00,62,0.0650029935964,0.0,1
2015-09-11 15:54:00,66,0.0650029935964,0.0,1
2015-09-11 15:59:00,60,0.0650029935964,0.0,1
2015-09-11 16:04:00,66,0.0650029935964,0.0,1
2015-09-11 16:09:00,68,0.0650029935964,0.0,1
2015-09-11 16:14:00,64,0.0619631147918,0.0250000003725,1
2015-09-11 16:19:00,66,0.0619631147918,0.0,1
2015-09-11 16:24:00,60,0.0590170418953,0.0250000003725,1
2015-09-11 16:29:00,70,0.0561638271337,0.0250000003725,1
2015-09-11 16:34:00,65,0.0561638271337,0.0,1
2015-09-11 16:39:00,59,0.0561638271337,0.0,1
2015-09-11 16:44:00,23,1.0,0.425000011921,1
2015-09-11 16:49:00,52,0.170651447527,0.824999988079,1
2015-09-11 16:54:00,56,0.182089003092,0.0500000007451,1
2015-09-11 16:59:00,67,0.182089003092,0.0,1
2015-09-11 17:04:00,63,0.17631536902,0.0,1
2015-09-11 17:09:00,61,0.17631536902,0.0,1
2015-09-11 17:14:00,65,0.170651447527,0.0,1
2015-09-11 17:19:00,63,0.16509687205,0.0,1
2015-09-11 17:24:00,62,0.16509687205,0.0,1
2015-09-11 17:29:00,66,0.16509687205,0.0,1
2015-09-11 17:34:00,62,0.086971271652,0.0,1
2015-09-11 17:39:00,70,0.0590170418953,0.0,1
2015-09-11 17:44:00,68,0.0650029935964,0.0,1
2015-09-11 17:49:00,69,0.0650029935964,0.0,1
2015-09-11 17:54:00,69,0.0650029935964,0.0,1
2015-09-11 17:59:00,69,0.0650029935964,0.0,0
2015-09-11 18:04:00,64,0.0650029935964,0.0,0
2015-09-11 18:09:00,68,0.0650029935964,0.0,0
2015-09-11 18:11:00,70,0.0650029935964,0.0,0
2015-09-11 18:16:00,65,0.0650029935964,0.0,0
2015-09-11 18:21:00,70,0.0650029935964,0.0,0
2015-09-11 18:26:00,67,0.0650029935964,0.0,0
2015-09-11 18:31:00,64,0.0650029935964,0.0,0
2015-09-11 18:36:00,67,0.0650029935964,0.0,0
2015-09-11 18:41:00,67,0.0619631147918,0.0250000003725,0
2015-09-11 18:51:00,68,0.0619631147918,0.0,0
2015-09-11 18:56:00,68,0.0590170418953,0.0250000003725,0
2015-09-11 19:01:00,68,0.0590170418953,0.0,0
2015-09-11 19:26:00,63,0.0561638271337,0.0250000003725,0
2015-09-11 19:41:00,62,0.0561638271337,0.0,0
2015-09-11 19:46:00,69,0.0561638271337,0.0,0
2015-09-11 20:01:00,61,0.0456594048028,0.10000000149,0
2015-09-11 20:06:00,58,0.0344899128831,0.125,0
2015-09-11 20:16:00,61,0.0344899128831,0.0,0
2015-09-11 20:26:00,63,0.036555843465,0.0,0
2015-09-11 20:36:00,62,0.036555843465,0.0,0
2015-09-11 20:46:00,66,0.0387045009059,0.0,0
2015-09-11 20:51:00,65,0.0387045009059,0.0,0
2015-09-11 21:01:00,60,0.0387045009059,0.0250000003725,0
2015-09-11 21:21:00,64,0.036555843465,0.0250000003725,0
2015-09-11 21:51:00,59,0.0375402293172,0.17499999702,0
2015-09-11 21:56:00,56,0.0468021222629,0.20000000298,0
2015-09-11 21:59:00,47,0.0833044081002,0.425000011921,0
2015-09-11 22:16:00,60,0.297327742145,0.949999988079,0
2015-09-11 22:41:00,56,0.34584581766,0.15000000596,0
2015-09-11 23:41:00,57,0.445629878334,0.27500000596,0
2015-09-12 00:16:00,79,0.604564462019,0.375,0
2015-09-12 00:46:00,62,0.299999996735,0.17499999702,0
2015-09-12 02:56:00,64,0.299999996735,0.0500000007451,0
2015-09-12 03:41:00,58,0.299999996735,0.20000000298,0
2015-09-12 05:06:00,78,0.299999996735,0.75,0
2015-09-12 06:51:00,75,0.299999996735,0.0500000007451,0
2015-09-12 07:11:00,71,0.299999996735,0.0,0
2015-09-12 07:41:00,70,0.380501540053,0.0250000003725,0
2015-09-12 07:51:00,73,0.337471378515,0.0250000003725,0
2015-09-12 08:01:00,70,0.260047770771,0.0250000003725,0
2015-09-12 08:16:00,70,0.16509687246,0.0,0
2015-09-12 08:46:00,80,0.16509687246,0.17499999702,0
2015-09-12 08:56:00,66,0.159651263303,0.0250000003725,0
2015-09-12 09:16:00,68,0.119958848566,0.0,0
2015-09-12 09:21:00,76,0.0314727606639,0.0500000007451,0
2015-09-12 09:26:00,66,0.0325053934061,0.0,0
2015-09-12 09:56:00,69,0.0325053934061,0.0,0
2015-09-12 10:06:00,69,0.0344899131848,0.0,0
2015-09-12 10:16:00,70,0.0365558437789,0.0,0
2015-09-12 10:46:00,72,0.0387045012323,0.0,0
2015-09-12 10:51:00,67,0.0387045012323,0.0,0
2015-09-12 10:56:00,71,0.0561638271337,0.0,0
2015-09-12 11:06:00,64,0.0590170418953,0.0,0
2015-09-12 11:31:00,67,0.0590170418953,0.0,0
2015-09-12 11:41:00,75,0.0590170418953,0.0500000007451,0
2015-09-12 11:46:00,68,0.0590170418953,0.0,0
2015-09-12 12:06:00,67,0.0590170418953,0.0,0
2015-09-12 12:11:00,71,0.0590170418953,0.0,0
2015-09-12 12:16:00,65,0.0590170418953,0.0,0
2015-09-12 12:26:00,67,0.0561638271337,0.0250000003725,0
2015-09-12 12:31:00,77,0.0507320127342,0.0500000007451,0
2015-09-12 12:36:00,67,0.0507320127342,0.0,0
2015-09-12 12:46:00,67,0.0507320127342,0.0,0
2015-09-12 12:51:00,68,0.0507320127342,0.0,0
2015-09-12 13:06:00,70,0.0561638271337,0.0,0
2015-09-12 13:11:00,67,0.0561638271337,0.0,0
2015-09-12 13:16:00,62,0.0561638271337,0.0,0
2015-09-12 13:21:00,67,0.0539904552557,0.0,0
2015-09-12 13:36:00,67,0.0539904552557,0.0,0
2015-09-12 13:41:00,65,0.0560263071439,0.0,0
2015-09-12 14:16:00,73,0.0602473285328,0.0,0
2015-09-12 14:21:00,69,0.0602473285328,0.0,0
2015-09-12 14:31:00,70,0.0602473285328,0.0,0
2015-09-12 14:41:00,70,0.0602473285328,0.0,0
2015-09-12 14:56:00,69,0.0602473285328,0.0,0
2015-09-12 15:01:00,72,0.0602473285328,0.0,0
2015-09-12 15:11:00,70,0.0602473285328,0.0,0
2015-09-12 15:16:00,64,0.0602473285328,0.0,0
2015-09-12 15:21:00,68,0.0602473285328,0.0,0
2015-09-12 15:31:00,66,0.0602473285328,0.0,0
2015-09-12 15:36:00,72,0.0602473285328,0.0,0
2015-09-12 15:41:00,71,0.0602473285328,0.0,0
2015-09-12 15:46:00,68,0.0602473285328,0.0,0
2015-09-12 15:51:00,66,0.0602473285328,0.0,0
2015-09-12 15:56:00,70,0.0602473285328,0.0,0
2015-09-12 16:01:00,68,0.0602473285328,0.0,0
2015-09-12 16:11:00,65,0.0602473285328,0.0,0
2015-09-12 16:16:00,72,0.0602473285328,0.0,0
2015-09-12 16:21:00,65,0.0602473285328,0.0,0
2015-09-12 16:31:00,71,0.0602473285328,0.0,0
2015-09-12 16:36:00,65,0.0602473285328,0.0,0
2015-09-12 16:41:00,64,0.0602473285328,0.0,0
2015-09-12 16:46:00,69,0.0602473285328,0.0,0
2015-09-12 16:51:00,68,0.0602473285328,0.0,0
2015-09-12 16:56:00,72,0.0602473285328,0.0,0
2015-09-12 17:01:00,71,0.0602473285328,0.0,0
2015-09-12 17:06:00,69,0.0602473285328,0.0,0
2015-09-12 17:21:00,71,0.0602473285328,0.0,0
2015-09-12 17:46:00,69,0.0602473285328,0.0,0
2015-09-12 18:21:00,73,0.0602473285328,0.0,0
2015-09-12 18:41:00,70,0.0602473285328,0.0,0
2015-09-12 19:01:00,68,0.0602473285328,0.0,0
2015-09-12 19:21:00,62,0.0602473285328,0.0,0
2015-09-12 19:26:00,69,0.0602473285328,0.0,0
2015-09-12 19:46:00,72,0.0602473285328,0.0,0
2015-09-12 19:51:00,65,0.0602473285328,0.0,0
2015-09-12 20:06:00,60,0.0602473285328,0.0,0
2015-09-12 20:31:00,62,0.0602473285328,0.0,0
2015-09-12 20:51:00,66,0.0602473285328,0.0,0
2015-09-12 21:21:00,68,0.0581118007568,0.0250000003725,0
2015-09-12 21:36:00,63,0.0463352606292,0.15000000596,0
2015-09-12 21:51:00,70,0.0427945556144,0.0500000007451,0
2015-09-12 22:46:00,74,0.0378318047239,0.0750000029802,0
2015-09-12 23:01:00,62,0.0378318047239,0.0,0
2015-09-12 23:06:00,59,0.0347498061142,0.0500000007451,0
2015-09-12 23:31:00,59,0.0339790457775,0.15000000596,0
2015-09-13 06:31:00,62,0.0612924801948,0.375,0
2015-09-13 07:51:00,70,0.0635028092389,0.0250000003725,0
2015-09-13 08:01:00,62,0.0657641039142,0.0250000003725,0
2015-09-13 08:26:00,67,0.0657641039142,0.0250000003725,0
2015-09-13 09:21:00,69,0.0549635552387,0.0250000003725,0
2015-09-13 09:26:00,72,0.0549635552387,0.0500000007451,0
2015-09-13 09:41:00,67,0.0509920884791,0.0250000003725,0
2015-09-13 10:06:00,69,0.0529533086131,0.0250000003725,0
2015-09-13 10:11:00,72,0.0509920884791,0.0250000003725,0
2015-09-13 10:16:00,65,0.0419063793861,0.0250000003725,0
2015-09-13 10:46:00,76,0.0410943421853,0.0,0
2015-09-13 10:51:00,67,0.0427945558712,0.0,0
2015-09-13 10:56:00,72,0.044541373343,0.0,0
2015-09-13 11:06:00,70,0.0463352609001,0.0,0
2015-09-13 11:11:00,65,0.0481766738195,0.0,0
2015-09-13 11:26:00,71,0.0520038426096,0.0,0
2015-09-13 11:31:00,69,0.0539904552557,0.0,0
2015-09-13 11:46:00,64,0.0560263071439,0.0,0
2015-09-13 11:51:00,67,0.0581118007568,0.0,0
2015-09-13 11:56:00,69,0.0602473285328,0.0,0
2015-09-13 12:06:00,66,0.0602473285328,0.0,0
2015-09-13 12:21:00,73,0.0602473285328,0.0,0
2015-09-13 12:26:00,70,0.0602473285328,0.0,0
2015-09-13 12:31:00,66,0.0602473285328,0.0,0
2015-09-13 12:41:00,66,0.0602473285328,0.0,0
2015-09-13 12:53:00,66,0.0602473285328,0.0,0
2015-09-13 12:58:00,70,0.0602473285328,0.0,0
2015-09-13 13:03:00,67,0.0602473285328,0.0,0
2015-09-13 13:08:00,72,0.0602473285328,0.0,0
2015-09-13 13:13:00,69,0.0602473285328,0.0,0
2015-09-13 13:18:00,66,0.0602473285328,0.0,0
2015-09-13 13:23:00,68,0.0602473285328,0.0,0
2015-09-13 13:28:00,65,0.0602473285328,0.0,0
2015-09-13 13:38:00,67,0.0602473285328,0.0,0
2015-09-13 13:43:00,64,0.0602473285328,0.0,0
2015-09-13 13:53:00,66,0.0602473285328,0.0,0
2015-09-13 13:58:00,68,0.0602473285328,0.0,0
2015-09-13 14:13:00,68,0.0602473285328,0.0,0
2015-09-13 14:23:00,67,0.0602473285328,0.0,0
2015-09-13 14:28:00,59,0.0602473285328,0.0,0
2015-09-13 14:38:00,64,0.0602473285328,0.0,0
2015-09-13 14:48:00,67,0.0602473285328,0.0,0
2015-09-13 14:53:00,65,0.0602473285328,0.0,0
2015-09-13 15:13:00,67,0.0602473285328,0.0,0
2015-09-13 15:23:00,66,0.0602473285328,0.0,0
2015-09-13 15:28:00,68,0.0602473285328,0.0,0
2015-09-13 15:33:00,66,0.0602473285328,0.0,0
2015-09-13 15:38:00,72,0.0602473285328,0.0,0
2015-09-13 15:43:00,71,0.0602473285328,0.0,0
2015-09-13 15:48:00,69,0.0602473285328,0.0,0
2015-09-13 16:03:00,61,0.0602473285328,0.0,0
2015-09-13 16:08:00,67,0.0565108372754,0.0,0
2015-09-13 16:18:00,66,0.0565108372754,0.0,0
2015-09-13 16:28:00,74,0.0565108372754,0.0,0
2015-09-13 16:48:00,65,0.0565108372754,0.0,0
2015-09-13 16:53:00,69,0.0565108372754,0.0,0
2015-09-13 16:58:00,64,0.0565108372754,0.0,0
2015-09-13 17:03:00,67,0.0565108372754,0.0,0
2015-09-13 17:13:00,69,0.0565108372754,0.0,0
2015-09-13 17:18:00,62,0.0565108372754,0.0,0
2015-09-13 17:23:00,63,0.0565108372754,0.0,0
2015-09-13 17:43:00,73,0.0565108372754,0.0,0
2015-09-13 17:48:00,64,0.0565108372754,0.0,0
2015-09-13 17:53:00,67,0.0565108372754,0.0,0
2015-09-13 17:58:00,65,0.0565108372754,0.0,0
2015-09-13 18:08:00,67,0.0565108372754,0.0,0
2015-09-13 18:18:00,65,0.0565108372754,0.0,0
2015-09-13 18:23:00,74,0.0565108372754,0.0,0
2015-09-13 18:33:00,65,0.0565108372754,0.0,0
2015-09-13 18:38:00,70,0.0565108372754,0.0,0
2015-09-13 18:43:00,70,0.0565108372754,0.0,0
2015-09-13 18:48:00,69,0.0565108372754,0.0,0
2015-09-13 18:58:00,69,0.0565108372754,0.0,0
2015-09-13 19:08:00,63,0.0565108372754,0.0,0
2015-09-13 19:13:00,63,0.0565108372754,0.0,0
2015-09-13 19:33:00,65,0.0565108372754,0.0,0
2015-09-13 19:43:00,56,0.0521098674605,0.0500000007451,0
2015-09-13 19:48:00,69,0.0521098674605,0.0,0
2015-09-13 20:13:00,63,0.0521098674605,0.0,0
2015-09-13 20:33:00,66,0.0521098674605,0.0,0
2015-09-13 20:43:00,66,0.0521098674605,0.0,0
2015-09-13 20:48:00,64,0.0499967435579,0.0250000003725,0
2015-09-13 21:08:00,68,0.0459424766159,0.0500000007451,0
2015-09-13 21:28:00,55,0.0328274871948,0.27500000596,0
2015-09-13 22:48:00,75,0.0360698319001,0.0500000007451,0
2015-09-13 22:53:00,69,0.0360698319001,0.0,0
2015-09-13 23:33:00,62,0.0344225180712,0.0250000003725,0
2015-09-14 00:33:00,68,0.0377701092332,0.0500000007451,0
2015-09-14 05:53:00,66,0.0470886314227,0.125,0
2015-09-14 06:18:00,66,0.0470886314227,0.0,0
2015-09-14 06:28:00,75,0.0625304820167,0.17499999702,0
2015-09-14 06:48:00,65,0.0700440990581,0.10000000149,0
2015-09-14 06:53:00,68,0.0726715606789,0.0750000029802,0
2015-09-14 06:58:00,71,0.0555602826271,0.10000000149,0
2015-09-14 07:08:00,69,0.0578241084887,0.0750000029802,0
2015-09-14 07:28:00,67,0.0674783971647,0.10000000149,0
2015-09-14 07:33:00,68,0.072671560877,0.0750000029802,0
2015-09-14 07:38:00,67,0.0753612133761,0.0750000029802,0
2015-09-14 07:48:00,71,0.0649740109637,0.0250000003725,0
2015-09-14 07:58:00,67,0.0674783977313,0.0250000003725,0
2015-09-14 08:13:00,65,0.0512087998561,0.0,0
2015-09-14 08:28:00,66,0.043195283894,0.0,0
2015-09-14 08:33:00,64,0.0377701094906,0.0,0
2015-09-14 08:48:00,60,0.0328274874286,0.0250000003725,0
2015-09-14 08:53:00,69,0.0319307873473,0.0,0
2015-09-14 09:03:00,66,0.0385055625817,0.0,0
2015-09-14 09:08:00,73,0.0440001920238,0.0,0
2015-09-14 09:13:00,70,0.0499967435579,0.0,0
2015-09-14 09:23:00,72,0.0521098674605,0.0,0
2015-09-14 09:28:00,62,0.0542810541996,0.0,0
2015-09-14 09:33:00,70,0.0542810541996,0.0,0
2015-09-14 09:38:00,69,0.0542810541996,0.0,0
2015-09-14 09:43:00,69,0.0542810541996,0.0,0
2015-09-14 09:48:00,69,0.0565108372754,0.0,0
2015-09-14 09:53:00,71,0.0565108372754,0.0,0
2015-09-14 09:58:00,68,0.0542810541996,0.0250000003725,0
2015-09-14 10:13:00,63,0.0542810541996,0.0,0
2015-09-14 10:18:00,68,0.0521098674605,0.0250000003725,0
2015-09-14 10:23:00,68,0.0521098674605,0.0,0
2015-09-14 10:28:00,66,0.0521098674605,0.0,0
2015-09-14 10:33:00,70,0.0521098674605,0.0,0
2015-09-14 10:43:00,70,0.0521098674605,0.0,0
2015-09-14 10:48:00,65,0.0521098674605,0.0,0
2015-09-14 11:03:00,74,0.0521098674605,0.0,0
2015-09-14 11:13:00,67,0.0521098674605,0.0,0
2015-09-14 11:18:00,64,0.0542810541996,0.0,0
2015-09-14 11:23:00,70,0.0542810541996,0.0,0
2015-09-14 11:28:00,70,0.0565108372754,0.0,0
2015-09-14 11:33:00,66,0.0565108372754,0.0,0
2015-09-14 11:43:00,67,0.0565108372754,0.0,0
2015-09-14 12:03:00,63,0.0565108372754,0.0,0
2015-09-14 12:08:00,70,0.0565108372754,0.0,0
2015-09-14 12:13:00,63,0.0565108372754,0.0,0
2015-09-14 12:23:00,71,0.0565108372754,0.0,0
2015-09-14 12:28:00,62,0.0565108372754,0.0,0
2015-09-14 12:38:00,67,0.0565108372754,0.0,0
2015-09-14 12:43:00,68,0.0565108372754,0.0,0
2015-09-14 12:48:00,73,0.0565108372754,0.0,0
2015-09-14 12:53:00,67,0.0565108372754,0.0,0
2015-09-14 13:15:00,65,0.0565108372754,0.0,0
2015-09-14 13:20:00,63,0.0565108372754,0.0,0
2015-09-14 13:25:00,72,0.0565108372754,0.0,0
2015-09-14 13:35:00,65,0.0565108372754,0.0,0
2015-09-14 13:40:00,64,0.0565108372754,0.0,0
2015-09-14 13:45:00,71,0.0565108372754,0.0,0
2015-09-14 13:50:00,66,0.0565108372754,0.0,0
2015-09-14 13:55:00,59,0.0565108372754,0.0,0
2015-09-14 14:15:00,57,0.0542810541996,0.0250000003725,0
2015-09-14 14:20:00,66,0.0542810541996,0.0,0
2015-09-14 14:25:00,71,0.0542810541996,0.0,0
2015-09-14 14:35:00,69,0.0542810541996,0.0,0
2015-09-14 14:40:00,67,0.0528186581413,0.0,0
2015-09-14 14:45:00,66,0.0528186581413,0.0,0
2015-09-14 14:50:00,67,0.0528186581413,0.0,0
2015-09-14 14:55:00,65,0.0528186581413,0.0,0
2015-09-14 15:00:00,70,0.0528186581413,0.0,0
2015-09-14 15:10:00,66,0.0528186581413,0.0,0
2015-09-14 15:15:00,66,0.055175599198,0.0,0
2015-09-14 15:20:00,61,0.055175599198,0.0,0
2015-09-14 15:30:00,68,0.055175599198,0.0,0
2015-09-14 15:35:00,69,0.055175599198,0.0,0
2015-09-14 15:40:00,63,0.055175599198,0.0,0
2015-09-14 15:50:00,67,0.055175599198,0.0,0
2015-09-14 15:55:00,66,0.055175599198,0.0,0
2015-09-14 16:00:00,65,0.055175599198,0.0,0
2015-09-14 16:05:00,67,0.055175599198,0.0,0
2015-09-14 16:20:00,65,0.055175599198,0.0,0
2015-09-14 16:25:00,66,0.055175599198,0.0,0
2015-09-14 16:30:00,65,0.055175599198,0.0,0
2015-09-14 16:35:00,64,0.0528186581413,0.0250000003725,0
2015-09-14 16:40:00,66,0.0528186581413,0.0,0
2015-09-14 16:45:00,62,0.0528186581413,0.0,0
2015-09-14 16:50:00,65,0.0528186581413,0.0,0
2015-09-14 16:55:00,67,0.0528186581413,0.0,0
2015-09-14 17:00:00,59,0.0528186581413,0.0,0
2015-09-14 17:05:00,36,0.0394253407742,0.425000011921,0
2015-09-14 17:10:00,21,0.158283643486,0.925000011921,0
2015-09-14 17:15:00,52,0.158283643486,0.0,0
2015-09-14 17:20:00,60,0.158283643486,0.0,0
2015-09-14 17:25:00,51,0.162945629647,0.0500000007451,0
2015-09-14 17:30:00,68,0.162945629647,0.0,0
2015-09-14 17:35:00,60,0.162945629647,0.0,0
2015-09-14 17:40:00,42,0.230986337417,0.324999988079,0
2015-09-14 17:45:00,65,0.378419664476,0.550000011921,0
2015-09-14 17:50:00,59,0.378419664476,0.0,0
2015-09-14 17:55:00,69,0.260889833925,0.0,0
2015-09-14 18:00:00,68,0.0878500873959,0.0,0
2015-09-14 18:05:00,66,0.0878500873959,0.0,0
2015-09-14 18:10:00,66,0.0878500873959,0.0,0
2015-09-14 18:20:00,66,0.0815523618556,0.0,0
2015-09-14 18:25:00,68,0.0815523618556,0.0,0
2015-09-14 18:30:00,67,0.0815523618556,0.0,0
2015-09-14 18:35:00,67,0.0475796658364,0.0,0
2015-09-14 18:45:00,65,0.055175599198,0.0,0
2015-09-14 18:50:00,66,0.0528186581413,0.0250000003725,0
2015-09-14 19:01:00,68,0.0528186581413,0.0,0
2015-09-14 19:05:00,68,0.0528186581413,0.0,0
2015-09-14 19:15:00,66,0.0505290130738,0.0250000003725,0
2015-09-14 19:20:00,69,0.0505290130738,0.0,0
2015-09-14 19:30:00,64,0.0505290130738,0.0,0
2015-09-14 19:35:00,68,0.0505290130738,0.0,0
2015-09-14 19:45:00,65,0.0505290130738,0.0,0
2015-09-14 20:00:00,65,0.0505290130738,0.0,0
2015-09-14 20:10:00,66,0.0505290130738,0.0,0
2015-09-14 20:15:00,58,0.0528186581413,0.0,0
2015-09-14 20:20:00,71,0.0528186581413,0.0,0
2015-09-14 20:25:00,61,0.0528186581413,0.0,0
2015-09-14 20:30:00,72,0.055175599198,0.0,0
2015-09-14 20:35:00,64,0.0528186581413,0.0250000003725,0
2015-09-14 20:40:00,64,0.0528186581413,0.0,0
2015-09-14 20:45:00,67,0.0528186581413,0.0,0
2015-09-14 20:50:00,65,0.0528186581413,0.0,0
2015-09-14 21:30:00,65,0.0528186581413,0.0,0
2015-09-14 21:35:00,65,0.0528186581413,0.0,0
2015-09-14 21:45:00,74,0.0528186581413,0.0,0
2015-09-14 22:06:00,61,0.0483059884617,0.0500000007451,0
2015-09-14 22:21:00,60,0.0420295819153,0.0750000029802,0
2015-09-14 22:30:00,64,0.0420295819153,0.0,0
2015-09-14 22:40:00,66,0.0440569986806,0.0,0
2015-09-14 22:45:00,66,0.0440569986806,0.0,0
2015-09-14 22:50:00,70,0.0440569986806,0.0,0
2015-09-15 03:45:00,62,0.0381651189816,0.0750000029802,0
2015-09-15 04:10:00,64,0.0345491889206,0.0500000007451,0
2015-09-15 04:31:00,61,0.0357272889979,0.15000000596,0
2015-09-15 04:55:00,90,1.0,0.925000011921,0
2015-09-15 05:26:00,60,0.378419664476,1.0,0
2015-09-15 05:31:00,66,0.355881742158,0.0,0
2015-09-15 05:41:00,63,0.363308252982,0.0250000003725,0
2015-09-15 05:46:00,76,0.401734170666,0.125,0
2015-09-15 05:51:00,56,0.485087625498,0.25,0
2015-09-15 06:05:00,72,0.530034035227,0.125,0
2015-09-15 06:45:00,66,0.299999996735,0.0,0
2015-09-15 07:06:00,67,0.493902033139,0.0250000003725,0
2015-09-15 07:11:00,63,0.459168008486,0.0500000007451,0
2015-09-15 07:16:00,67,0.203169815035,0.0,0
2015-09-15 07:21:00,70,0.0543824335989,0.0250000003725,0
2015-09-15 07:26:00,70,0.0567846042994,0.0250000003725,0
2015-09-15 07:31:00,71,0.0543824335989,0.0,0
2015-09-15 07:46:00,62,0.0454443824953,0.0250000003725,0
2015-09-15 07:51:00,69,0.0328323574358,0.0,0
2015-09-15 07:56:00,67,0.042029582064,0.0,0
2015-09-15 08:11:00,66,0.042029582064,0.0,0
2015-09-15 08:21:00,65,0.044056998834,0.0,0
2015-09-15 08:26:00,61,0.0483059884617,0.0,0
2015-09-15 08:31:00,68,0.0483059884617,0.0,0
2015-09-15 08:41:00,66,0.0505290130738,0.0,0
2015-09-15 08:46:00,67,0.0505290130738,0.0250000003725,0
2015-09-15 08:51:00,66,0.0461488889159,0.0500000007451,0
2015-09-15 08:56:00,66,0.0483059884617,0.0,0
2015-09-15 09:01:00,70,0.0461488889159,0.0250000003725,0
2015-09-15 09:06:00,71,0.0461488889159,0.0,0
2015-09-15 09:16:00,65,0.0472468934736,0.0,0
2015-09-15 09:21:00,63,0.0472468934736,0.0,0
2015-09-15 09:31:00,63,0.0472468934736,0.0,0
2015-09-15 09:36:00,63,0.0472468934736,0.0,0
2015-09-15 09:41:00,62,0.0472468934736,0.0,0
2015-09-15 09:46:00,65,0.049228396589,0.0,0
2015-09-15 09:51:00,61,0.0533548864662,0.0,0
2015-09-15 10:01:00,72,0.0533548864662,0.0,0
2015-09-15 10:16:00,67,0.0555008823246,0.0,0
2015-09-15 10:26:00,66,0.0555008823246,0.0,0
2015-09-15 10:31:00,74,0.0555008823246,0.0,0
2015-09-15 10:36:00,66,0.0555008823246,0.0,0
2015-09-15 10:41:00,70,0.0555008823246,0.0,0
2015-09-15 10:46:00,67,0.0555008823246,0.0,0
2015-09-15 11:06:00,68,0.0555008823246,0.0,0
2015-09-15 11:11:00,66,0.0555008823246,0.0,0
2015-09-15 11:16:00,65,0.0555008823246,0.0,0
2015-09-15 11:21:00,60,0.0555008823246,0.0,0
2015-09-15 11:31:00,66,0.0555008823246,0.0,0
2015-09-15 11:36:00,67,0.0555008823246,0.0,0
2015-09-15 11:41:00,66,0.0555008823246,0.0,0
2015-09-15 11:46:00,67,0.0555008823246,0.0,0
2015-09-15 11:51:00,66,0.0555008823246,0.0,0
2015-09-15 11:56:00,67,0.0555008823246,0.0,0
2015-09-15 12:06:00,69,0.0555008823246,0.0,0
2015-09-15 12:11:00,69,0.0555008823246,0.0,0
2015-09-15 12:16:00,71,0.0555008823246,0.0,0
2015-09-15 12:21:00,64,0.0555008823246,0.0,0
2015-09-15 12:26:00,69,0.0555008823246,0.0,0
2015-09-15 12:31:00,68,0.0555008823246,0.0,0
2015-09-15 12:36:00,67,0.0555008823246,0.0,0
2015-09-15 12:41:00,66,0.0555008823246,0.0,0
2015-09-15 12:46:00,68,0.0555008823246,0.0,0
2015-09-15 12:51:00,72,0.0555008823246,0.0,0
2015-09-15 12:56:00,66,0.0555008823246,0.0,0
2015-09-15 13:01:00,62,0.0555008823246,0.0,0
2015-09-15 13:06:00,71,0.0555008823246,0.0,0
2015-09-15 13:11:00,74,0.0555008823246,0.0,0
2015-09-15 13:16:00,65,0.0555008823246,0.0,0
2015-09-15 13:21:00,61,0.0555008823246,0.0,0
2015-09-15 13:26:00,63,0.0555008823246,0.0,1
2015-09-15 13:31:00,66,0.0555008823246,0.0,1
2015-09-15 13:36:00,63,0.0555008823246,0.0,1
2015-09-15 13:41:00,60,0.0555008823246,0.0,1
2015-09-15 13:46:00,59,0.0555008823246,0.0,1
2015-09-15 13:51:00,60,0.0555008823246,0.0,1
2015-09-15 13:54:00,56,0.0512642238567,0.0500000007451,1
2015-09-15 13:59:00,49,0.0381353921003,0.17499999702,1
2015-09-15 14:04:00,43,0.0593467153361,0.524999976158,1
2015-09-15 14:09:00,59,0.189804504834,0.949999988079,1
2015-09-15 14:14:00,51,0.19449966624,0.0250000003725,1
2015-09-15 14:19:00,42,0.296681945967,0.47499999404,1
2015-09-15 14:24:00,25,0.594671388944,1.0,1
2015-09-15 14:29:00,10,1.0,0.550000011921,1
2015-09-15 14:34:00,8,0.299999996735,0.625,1
2015-09-15 14:39:00,46,0.299999996735,1.0,1
2015-09-15 14:44:00,65,0.299999996735,0.0750000029802,1
2015-09-15 14:49:00,68,0.299999996735,0.0,1
2015-09-15 14:54:00,67,0.299999996735,0.0,1
2015-09-15 14:59:00,64,0.299999996735,0.0,1
2015-09-15 15:04:00,67,0.299999996735,0.0,1
2015-09-15 15:09:00,62,0.299999996735,0.0,1
2015-09-15 15:14:00,66,0.308890434415,0.0,1
2015-09-15 15:24:00,68,0.189804512474,0.0,1
2015-09-15 15:34:00,65,0.0938096952706,0.0,1
2015-09-15 15:39:00,65,0.0492283964394,0.0,1
2015-09-15 15:44:00,68,0.0555008823246,0.0,1
2015-09-15 15:49:00,66,0.0555008823246,0.0,1
2015-09-15 15:54:00,64,0.0555008823246,0.0,1
2015-09-15 15:59:00,64,0.0555008823246,0.0,0
2015-09-15 16:04:00,63,0.0555008823246,0.0,0
2015-09-15 16:09:00,63,0.0555008823246,0.0,0
2015-09-15 16:14:00,67,0.0555008823246,0.0,0
2015-09-15 16:19:00,63,0.0555008823246,0.0,0
2015-09-15 16:24:00,66,0.0555008823246,0.0,0
2015-09-15 16:29:00,67,0.0555008823246,0.0,0
2015-09-15 16:34:00,65,0.0555008823246,0.0,0
2015-09-15 16:39:00,65,0.0555008823246,0.0,0
2015-09-15 16:44:00,64,0.0555008823246,0.0,0
2015-09-15 16:49:00,69,0.0555008823246,0.0,0
2015-09-15 16:54:00,65,0.0555008823246,0.0,0
2015-09-15 16:59:00,65,0.0555008823246,0.0,0
2015-09-15 17:04:00,62,0.0555008823246,0.0,0
2015-09-15 17:09:00,57,0.0533548864662,0.0250000003725,0
2015-09-15 17:14:00,52,0.047246893328,0.0750000029802,0
2015-09-15 17:19:00,51,0.0416230130464,0.0750000029802,0
2015-09-15 17:24:00,62,0.0416230130464,0.0,0
2015-09-15 17:29:00,59,0.0398534214579,0.0250000003725,0
2015-09-15 17:39:00,68,0.0398534214579,0.0,0
2015-09-15 17:44:00,64,0.0398534214579,0.0,0
2015-09-15 17:49:00,65,0.0398534214579,0.0,0
2015-09-15 17:54:00,66,0.0398534214579,0.0,0
2015-09-15 17:59:00,67,0.0398534214579,0.0,0
2015-09-15 18:04:00,63,0.0416230130464,0.0,0
2015-09-15 18:14:00,59,0.047246893328,0.0,0
2015-09-15 18:19:00,68,0.0533548864662,0.0,0
2015-09-15 18:24:00,66,0.0533548864662,0.0,0
2015-09-15 18:29:00,66,0.0555008823246,0.0,0
2015-09-15 18:34:00,65,0.0555008823246,0.0,0
2015-09-15 18:39:00,64,0.0555008823246,0.0,0
2015-09-15 18:44:00,70,0.0515841534914,0.0,0
2015-09-15 18:49:00,67,0.0515841534914,0.0,0
2015-09-15 18:54:00,63,0.049943313878,0.0250000003725,0
2015-09-15 19:04:00,64,0.049943313878,0.0,0
2015-09-15 19:09:00,65,0.049943313878,0.0,0
2015-09-15 19:14:00,64,0.0483374038889,0.0250000003725,0
2015-09-15 19:19:00,60,0.0483374038889,0.0,0
2015-09-15 19:24:00,65,0.0483374038889,0.0,0
2015-09-15 19:29:00,69,0.0483374038889,0.0,0
2015-09-15 19:34:00,63,0.0483374038889,0.0,0
2015-09-15 19:39:00,59,0.0483374038889,0.0,0
2015-09-15 19:44:00,69,0.0483374038889,0.0,0
2015-09-15 19:49:00,60,0.049943313878,0.0,0
2015-09-15 19:54:00,60,0.0483374038889,0.0250000003725,0
2015-09-15 19:59:00,59,0.046766157524,0.0250000003725,0
2015-09-15 20:09:00,62,0.0483374038889,0.0,0
2015-09-15 20:14:00,61,0.0483374038889,0.0,0
2015-09-15 20:24:00,58,0.046766157524,0.0250000003725,0
2015-09-15 20:29:00,63,0.0452293031975,0.0250000003725,0
2015-09-15 20:34:00,65,0.0452293031975,0.0,0
2015-09-15 20:49:00,57,0.0452293031975,0.0,0
2015-09-15 20:54:00,62,0.0452293031975,0.0,0
2015-09-15 20:59:00,62,0.0452293031975,0.0,0
2015-09-15 21:04:00,62,0.046766157524,0.0,0
2015-09-15 21:19:00,64,0.0483374038889,0.0,0
2015-09-15 21:29:00,63,0.0483374038889,0.0,0
2015-09-15 22:09:00,57,0.042257655984,0.10000000149,0
2015-09-15 22:34:00,59,0.0408222914015,0.0500000007451,0
2015-09-15 22:39:00,63,0.042257655984,0.0,0
2015-09-15 22:44:00,67,0.0408222914015,0.0250000003725,0
2015-09-15 23:19:00,65,0.0380510073653,0.0500000007451,0
2015-09-15 23:24:00,61,0.0354102840345,0.0500000007451,0
2015-09-15 23:29:00,61,0.0341380979245,0.0250000003725,0
2015-09-15 23:34:00,60,0.0316884546372,0.0500000007451,0
2015-09-16 00:49:00,67,0.0320432218255,0.0750000029802,0
2015-09-16 01:44:00,57,0.0472277911887,0.27500000596,0
2015-09-16 02:19:00,59,0.0790052017335,0.524999976158,0
2015-09-16 03:04:00,60,0.124720821194,0.5,0
2015-09-16 04:44:00,58,0.139750349307,0.125,0
2015-09-16 05:09:00,66,0.149267961805,0.10000000149,0
2015-09-16 05:19:00,69,0.146053504987,0.0250000003725,0
2015-09-16 05:29:00,62,0.139750349307,0.0,0
2015-09-16 05:39:00,65,0.136661431472,0.0,0
2015-09-16 05:49:00,65,0.136661431472,0.0500000007451,0
2015-09-16 06:09:00,61,0.130608349402,0.0250000003725,0
2015-09-16 06:14:00,64,0.100248289574,0.0,0
2015-09-16 06:24:00,65,0.0554852454258,0.0,0
2015-09-16 06:39:00,65,0.0316884547262,0.0250000003725,0
2015-09-16 06:44:00,66,0.036714481052,0.0250000003725,0
2015-09-16 06:54:00,61,0.0408222914015,0.0250000003725,0
2015-09-16 07:19:00,64,0.042257655984,0.0,0
2015-09-16 07:24:00,69,0.042257655984,0.0,0
2015-09-16 07:29:00,59,0.0394201753493,0.0500000007451,0
2015-09-16 07:34:00,71,0.042257655984,0.0,0
2015-09-16 07:44:00,66,0.0437265636702,0.0,0
2015-09-16 07:49:00,66,0.0437265636702,0.0,0
2015-09-16 07:54:00,67,0.0437265636702,0.0,0
2015-09-16 07:59:00,68,0.0452293031975,0.0,0
2015-09-16 08:04:00,64,0.0452293031975,0.0250000003725,0
2015-09-16 08:09:00,68,0.046766157524,0.0,0
2015-09-16 08:14:00,69,0.046766157524,0.0,0
2015-09-16 08:19:00,71,0.046766157524,0.0,0
2015-09-16 08:24:00,66,0.0483374038889,0.0250000003725,0
2015-09-16 08:29:00,70,0.0483374038889,0.0,0
2015-09-16 08:39:00,71,0.0483374038889,0.0,0
2015-09-16 08:49:00,68,0.0483374038889,0.0,0
2015-09-16 08:54:00,62,0.0483374038889,0.0,0
2015-09-16 08:59:00,67,0.0483374038889,0.0,0
2015-09-16 09:04:00,63,0.049943313878,0.0,0
2015-09-16 09:09:00,71,0.049943313878,0.0,0
2015-09-16 09:14:00,64,0.049943313878,0.0,0
2015-09-16 09:24:00,70,0.049943313878,0.0,0
2015-09-16 09:34:00,67,0.0515841534914,0.0,0
2015-09-16 09:44:00,67,0.0515841534914,0.0,0
2015-09-16 09:54:00,66,0.0515841534914,0.0,0
2015-09-16 09:59:00,61,0.0515841534914,0.0,0
2015-09-16 10:04:00,69,0.0515841534914,0.0,0
2015-09-16 10:09:00,67,0.0515841534914,0.0,0
2015-09-16 10:14:00,70,0.0515841534914,0.0,0
2015-09-16 10:19:00,71,0.0515841534914,0.0,0
2015-09-16 10:24:00,67,0.0515841534914,0.0,0
2015-09-16 10:29:00,59,0.0515841534914,0.0,0
2015-09-16 10:34:00,69,0.0515841534914,0.0,0
2015-09-16 10:44:00,69,0.0515841534914,0.0,0
2015-09-16 10:49:00,68,0.0515841534914,0.0,0
2015-09-16 10:54:00,72,0.0515841534914,0.0,0
2015-09-16 10:59:00,68,0.0515841534914,0.0,0
2015-09-16 11:04:00,62,0.0515841534914,0.0,0
2015-09-16 11:09:00,64,0.0515841534914,0.0,0
2015-09-16 11:14:00,66,0.0515841534914,0.0,0
2015-09-16 11:19:00,60,0.0515841534914,0.0,0
2015-09-16 11:24:00,66,0.0515841534914,0.0,0
2015-09-16 11:29:00,71,0.0515841534914,0.0,0
2015-09-16 11:34:00,56,0.049943313878,0.0250000003725,0
2015-09-16 11:39:00,63,0.049943313878,0.0,0
2015-09-16 11:44:00,67,0.049943313878,0.0,0
2015-09-16 11:49:00,64,0.049943313878,0.0,0
2015-09-16 11:59:00,67,0.049943313878,0.0,0
2015-09-16 12:04:00,62,0.049943313878,0.0,0
2015-09-16 12:14:00,65,0.049943313878,0.0,0
2015-09-16 12:19:00,66,0.0496122750372,0.0,0
2015-09-16 12:24:00,65,0.0496122750372,0.0,0
2015-09-16 12:29:00,73,0.0496122750372,0.0,0
2015-09-16 12:34:00,67,0.051306999677,0.0,0
2015-09-16 12:39:00,62,0.051306999677,0.0,0
2015-09-16 12:44:00,68,0.051306999677,0.0,0
2015-09-16 12:49:00,62,0.051306999677,0.0,0
2015-09-16 12:54:00,67,0.051306999677,0.0,0
2015-09-16 12:59:00,63,0.051306999677,0.0,0
2015-09-16 13:04:00,68,0.051306999677,0.0,1
2015-09-16 13:09:00,69,0.051306999677,0.0,1
2015-09-16 13:14:00,69,0.051306999677,0.0,1
2015-09-16 13:19:00,65,0.051306999677,0.0,1
2015-09-16 13:24:00,61,0.051306999677,0.0,1
2015-09-16 13:29:00,73,0.051306999677,0.0,1
2015-09-16 13:34:00,66,0.051306999677,0.0,1
2015-09-16 13:39:00,51,0.0479550514008,0.0500000007451,1
2015-09-16 13:44:00,50,0.0373786584419,0.17499999702,1
2015-09-16 13:49:00,34,0.0508171598173,0.5,1
2015-09-16 13:54:00,24,0.151599754139,1.0,1
2015-09-16 13:59:00,7,0.224236741765,0.47499999404,1
2015-09-16 14:04:00,14,0.293550762703,0.375,1
2015-09-16 14:09:00,7,0.420873883039,0.574999988079,1
2015-09-16 14:14:00,32,0.53162489182,0.425000011921,1
2015-09-16 14:19:00,17,0.299999996735,0.550000011921,1
2015-09-16 14:24:00,8,0.299999996735,0.425000011921,1
2015-09-16 14:29:00,6,0.299999996735,0.125,1
2015-09-16 14:30:00,8,0.299999996735,0.10000000149,1
2015-09-16 14:35:00,20,0.299999996735,0.22499999404,1
2015-09-16 14:40:00,8,0.4842952828,0.125,1
2015-09-16 14:45:00,23,0.414802033349,0.20000000298,1
2015-09-16 14:50:00,74,0.471217122262,0.600000023842,1
2015-09-16 14:55:00,65,0.334924775157,0.0,1
2015-09-16 15:00:00,67,0.250678234019,0.0,1
2015-09-16 15:05:00,74,0.161963214645,0.0,1
2015-09-16 15:10:00,59,0.108573866763,0.0,1
2015-09-16 15:15:00,65,0.0952898741159,0.0,1
2015-09-16 15:20:00,64,0.0854297177852,0.0,1
2015-09-16 15:25:00,64,0.0656695729517,0.0,0
2015-09-16 15:30:00,68,0.0560963833367,0.0,0
2015-09-16 15:35:00,73,0.0427685899597,0.0,0
2015-09-16 15:40:00,71,0.051306999677,0.0,0
2015-09-16 15:45:00,67,0.051306999677,0.0,0
2015-09-16 15:50:00,66,0.051306999677,0.0,0
2015-09-16 15:55:00,68,0.051306999677,0.0,0
2015-09-16 16:00:00,65,0.051306999677,0.0,1
2015-09-16 16:05:00,57,0.051306999677,0.0,1
2015-09-16 16:10:00,70,0.051306999677,0.0,1
2015-09-16 16:15:00,66,0.051306999677,0.0,1
2015-09-16 16:20:00,66,0.051306999677,0.0,1
2015-09-16 16:25:00,65,0.051306999677,0.0,1
2015-09-16 16:30:00,66,0.051306999677,0.0,1
2015-09-16 16:35:00,64,0.051306999677,0.0,1
2015-09-16 16:40:00,55,0.051306999677,0.0,1
2015-09-16 16:45:00,30,0.035624120457,0.47499999404,1
2015-09-16 16:50:00,11,0.119981295274,1.0,1
2015-09-16 16:55:00,12,0.148236033484,0.22499999404,1
2015-09-16 17:00:00,33,0.283688711242,0.824999988079,1
2015-09-16 17:05:00,43,0.414802027942,0.600000023842,1
2015-09-16 17:10:00,1,1.0,0.675000011921,1
2015-09-16 17:15:00,19,0.299999996735,0.699999988079,1
2015-09-16 17:20:00,23,0.299999996735,0.699999988079,1
2015-09-16 17:25:00,53,0.299999996735,0.20000000298,1
2015-09-16 17:30:00,60,0.299999996735,0.0,1
2015-09-16 17:35:00,56,0.299999996735,0.0,1
2015-09-16 17:40:00,44,0.299999996735,0.22499999404,1
2015-09-16 17:45:00,57,0.299999996735,0.524999976158,1
2015-09-16 17:50:00,55,0.299999996735,0.0,1
2015-09-16 17:55:00,63,0.391004307703,0.0,1
2015-09-16 18:00:00,68,0.250678216394,0.0,1
2015-09-16 18:05:00,70,0.141644046523,0.0,1
2015-09-16 18:10:00,62,0.0677027183543,0.0,1
2015-09-16 18:15:00,66,0.0525388080594,0.0,1
2015-09-16 18:20:00,67,0.0525388080594,0.0,1
2015-09-16 18:25:00,68,0.0525388080594,0.0,0
2015-09-16 18:30:00,67,0.038376038573,0.0,0
2015-09-16 18:35:00,66,0.051306999677,0.0,0
2015-09-16 18:40:00,68,0.051306999677,0.0,0
2015-09-16 18:45:00,69,0.051306999677,0.0,0
2015-09-16 18:50:00,68,0.051306999677,0.0,0
2015-09-16 18:55:00,71,0.051306999677,0.0,0
2015-09-16 19:05:00,67,0.051306999677,0.0,0
2015-09-16 19:10:00,64,0.051306999677,0.0,0
2015-09-16 19:15:00,64,0.051306999677,0.0,0
2015-09-16 19:25:00,64,0.051306999677,0.0,0
2015-09-16 19:30:00,63,0.051306999677,0.0,0
2015-09-16 19:35:00,65,0.051306999677,0.0,0
2015-09-16 19:40:00,64,0.051306999677,0.0,0
2015-09-16 19:45:00,65,0.051306999677,0.0,0
2015-09-16 19:50:00,66,0.051306999677,0.0,0
2015-09-16 20:00:00,63,0.051306999677,0.0,0
2015-09-16 20:05:00,67,0.051306999677,0.0,0
2015-09-16 20:10:00,62,0.051306999677,0.0,0
2015-09-16 20:15:00,61,0.051306999677,0.0,0
2015-09-16 20:20:00,62,0.051306999677,0.0,0
2015-09-16 20:25:00,65,0.051306999677,0.0,0
2015-09-16 20:30:00,63,0.051306999677,0.0,0
2015-09-16 20:35:00,61,0.051306999677,0.0,0
2015-09-16 20:40:00,59,0.0496122750372,0.0250000003725,0
2015-09-16 20:45:00,56,0.0479550514008,0.0250000003725,0
2015-09-16 20:50:00,65,0.0483431831597,0.0,0
2015-09-16 20:55:00,63,0.0483431831597,0.0,0
2015-09-16 21:00:00,67,0.0483431831597,0.0,0
2015-09-16 21:05:00,63,0.0470550062991,0.0250000003725,0
2015-09-16 21:10:00,57,0.0421313245413,0.10000000149,0
2015-09-16 21:15:00,58,0.0421313245413,0.0,0
2015-09-16 21:25:00,68,0.0421313245413,0.0,0
2015-09-16 21:40:00,62,0.0409568864575,0.0250000003725,0
2015-09-16 21:45:00,64,0.0421313245413,0.0,0
2015-09-16 21:55:00,66,0.0433281981754,0.0,0
2015-09-16 22:05:00,65,0.0433281981754,0.0,0
2015-09-16 22:14:00,57,0.0398047225337,0.0750000029802,0
2015-09-16 22:20:00,61,0.0398047225337,0.0,0
2015-09-16 22:25:00,58,0.0375665590932,0.0750000029802,0
2015-09-16 22:30:00,62,0.0421313243646,0.0,0
2015-09-16 22:40:00,61,0.0421313243646,0.0,0
2015-09-16 22:45:00,63,0.0421313243646,0.0,0
2015-09-16 22:55:00,59,0.0433281979953,0.0,0
2015-09-16 23:10:00,64,0.0433281979953,0.0,0
2015-09-16 23:35:00,64,0.0409568862841,0.0500000007451,0
2015-09-16 23:55:00,59,0.0375665590115,0.0750000029802,0
2015-09-17 00:10:00,66,0.0386746689169,0.0500000007451,0
2015-09-17 00:45:00,63,0.035415490746,0.0750000029802,0
2015-09-17 01:05:00,57,0.0323491469579,0.15000000596,0
2015-09-17 01:40:00,56,0.036859630839,0.22499999404,0
2015-09-17 01:55:00,53,0.0646265335155,0.524999976158,0
2015-09-17 02:10:00,66,0.138040014741,0.899999976158,0
2015-09-17 02:50:00,61,0.140579377572,0.0250000003725,0
2015-09-17 03:20:00,56,0.151016994198,0.10000000149,0
2015-09-17 04:35:00,58,0.167520236119,0.20000000298,0
2015-09-17 04:55:00,62,0.159141010727,0.0,0
2015-09-17 05:10:00,64,0.15369673331,0.0,0
2015-09-17 05:15:00,65,0.145742033292,0.0,0
2015-09-17 05:30:00,73,0.135528546342,0.0500000007451,0
2015-09-17 05:35:00,63,0.118723926476,0.0500000007451,0
2015-09-17 05:40:00,63,0.0797901150131,0.0500000007451,0
2015-09-17 05:45:00,66,0.030744563235,0.0,0
2015-09-17 05:50:00,62,0.030744563235,0.0250000003725,0
2015-09-17 05:55:00,72,0.0323491472531,0.0250000003725,0
2015-09-17 06:15:00,56,0.0364802238727,0.10000000149,0
2015-09-17 06:20:00,52,0.0379536006926,0.34999999404,0
2015-09-17 06:25:00,61,0.091051555198,0.875,0
2015-09-17 06:30:00,51,0.10115843837,0.125,0
2015-09-17 06:40:00,64,0.0990839245172,0.0250000003725,0
2015-09-17 06:55:00,60,0.095014776699,0.0,0
2015-09-17 07:00:00,59,0.0910515550523,0.0,0
2015-09-17 07:05:00,38,0.153696738528,0.675000011921,0
2015-09-17 07:10:00,53,0.280705463049,1.0,0
2015-09-17 07:15:00,56,0.2884241443,0.0750000029802,0
2015-09-17 07:25:00,53,0.284549882869,0.0750000029802,0
2015-09-17 07:35:00,68,0.23688946741,0.0250000003725,0
2015-09-17 07:40:00,56,0.135528553041,0.0250000003725,0
2015-09-17 07:45:00,62,0.123387408297,0.0,0
2015-09-17 07:50:00,65,0.121041954447,0.0,0
2015-09-17 07:55:00,61,0.121041954447,0.0,0
2015-09-17 08:00:00,64,0.121041954447,0.0,0
2015-09-17 08:05:00,60,0.0678202137362,0.0,0
2015-09-17 08:10:00,58,0.0398047224487,0.0250000003725,0
2015-09-17 08:15:00,62,0.0433281980854,0.0,0
2015-09-17 08:20:00,67,0.0470550062991,0.0,0
2015-09-17 08:25:00,61,0.0483431831597,0.0,0
2015-09-17 08:30:00,59,0.0496545632691,0.0,0
2015-09-17 08:35:00,60,0.0483431831597,0.0250000003725,0
2015-09-17 08:40:00,59,0.0483431831597,0.0,0
2015-09-17 08:45:00,59,0.0470550062991,0.0250000003725,0
2015-09-17 08:50:00,63,0.0470550062991,0.0,0
2015-09-17 08:55:00,55,0.0470550062991,0.0,0
2015-09-17 09:00:00,54,0.0470550062991,0.0250000003725,0
2015-09-17 09:05:00,64,0.0457898842502,0.0250000003725,0
2015-09-17 09:10:00,63,0.0445476660478,0.0250000003725,0
2015-09-17 09:15:00,67,0.0433281981754,0.0250000003725,0
2015-09-17 09:20:00,62,0.0409568864575,0.0500000007451,0
2015-09-17 09:25:00,67,0.0421313245413,0.0,0
2015-09-17 09:30:00,65,0.0409568864575,0.0250000003725,0
2015-09-17 09:35:00,63,0.0409568864575,0.0250000003725,0
2015-09-17 09:40:00,61,0.0398047226187,0.0250000003725,0
2015-09-17 09:45:00,69,0.0398047226187,0.0,0
2015-09-17 09:50:00,65,0.0409568864575,0.0,0
2015-09-17 09:55:00,63,0.0421313245413,0.0,0
2015-09-17 10:00:00,65,0.0433281981754,0.0,0
2015-09-17 10:05:00,71,0.0445476660478,0.0,0
2015-09-17 10:10:00,66,0.0470550062991,0.0,0
2015-09-17 10:15:00,64,0.0470550062991,0.0,0
2015-09-17 10:20:00,61,0.0483431831597,0.0,0
2015-09-17 10:25:00,65,0.0496545632691,0.0,0
2015-09-17 10:30:00,65,0.0509892925622,0.0,0
2015-09-17 10:35:00,62,0.0509892925622,0.0,0
2015-09-17 10:45:00,64,0.0509892925622,0.0,0
2015-09-17 10:50:00,61,0.0509892925622,0.0,0
2015-09-17 10:55:00,59,0.0509892925622,0.0,0
2015-09-17 11:00:00,64,0.0509892925622,0.0,0
2015-09-17 11:05:00,55,0.0509892925622,0.0,0
2015-09-17 11:10:00,62,0.0509892925622,0.0,0
2015-09-17 11:15:00,61,0.0509892925622,0.0,0
2015-09-17 11:20:00,66,0.0509892925622,0.0,0
2015-09-17 11:25:00,61,0.0509892925622,0.0,0
2015-09-17 11:30:00,69,0.0509892925622,0.0,0
2015-09-17 11:35:00,66,0.0509892925622,0.0,0
2015-09-17 11:40:00,68,0.0509892925622,0.0,0
2015-09-17 11:45:00,69,0.0509892925622,0.0,0
2015-09-17 11:50:00,66,0.0520680780732,0.0,0
2015-09-17 11:55:00,66,0.0520680780732,0.0,0
2015-09-17 12:00:00,64,0.0520680780732,0.0,0
2015-09-17 12:05:00,63,0.0520680780732,0.0,0
2015-09-17 12:10:00,68,0.0520680780732,0.0,0
2015-09-17 12:20:00,62,0.0520680780732,0.0,0
2015-09-17 12:25:00,66,0.0520680780732,0.0,0
2015-09-17 12:30:00,71,0.0520680780732,0.0,0
2015-09-17 12:35:00,67,0.0520680780732,0.0,0
2015-09-17 12:40:00,66,0.0520680780732,0.0,0
2015-09-17 12:45:00,62,0.0520680780732,0.0,0
2015-09-17 12:50:00,62,0.0520680780732,0.0,0
2015-09-17 12:55:00,62,0.0520680780732,0.0,0
2015-09-17 13:00:00,59,0.0520680780732,0.0,0
2015-09-17 13:05:00,56,0.0520680780732,0.0,0
2015-09-17 13:10:00,41,0.0382011493646,0.675000011921,0
2015-09-17 13:15:00,63,0.101685546434,1.0,0
2015-09-17 13:20:00,46,0.123999783326,0.25,0
2015-09-17 13:25:00,47,0.143831418432,0.20000000298,0
2015-09-17 13:30:00,63,0.143831418432,0.0,0
2015-09-17 13:35:00,50,0.154418968928,0.10000000149,0
2015-09-17 13:40:00,46,0.179901806016,0.22499999404,0
2015-09-17 13:45:00,33,0.281838420282,0.75,0
2015-09-17 13:50:00,23,0.459630462294,1.0,0
2015-09-17 13:55:00,26,0.589799221432,0.600000023842,0
2015-09-17 14:00:00,19,0.299999996735,0.574999988079,0
2015-09-17 14:05:00,27,0.382683944562,0.10000000149,0
